facility_id,field,value,retrieved_date,note
IC-95860,existence_flag,not_ic,2026-09-24,Nordic Sauna LLC makes saunas; not industrialized construction (ADL review)
IC-70761,existence_flag,not_ic,2026-09-24,Out West Buildings LLC makes sheds; not industrialized construction (ADL review)
IC-94220,existence_flag,not_ic,2026-09-24,Kitchens To Go by Mobile Modular (Selma CA) is a modular showroom; not a factory (ADL review)
IC-10222,existence_flag,not_ic,2026-09-24,Weather King Portable Buildings of Arizona (Willcox AZ) makes sheds; not industrialized construction (ADL review)
IC-94077,lat_lon,"40.744778,-112.027769",2026-09-24,Advanced Modular Mfg: rooftop confirmed on satellite review (pin inside the 48477 sq ft Overture building) (ADL review)
IC-94077,sq_ft,48477,2026-09-24,Advanced Modular Mfg: plant size confirmed as the Overture building footprint under the rooftop pin (ADL review)
IC-16245,lat_lon,"34.841038,-114.600772",2026-09-24,Tri State Truss Corp: pin confirmed correct on satellite review (ADL review)
IC-95438,lat_lon,"32.16838,-110.905777",2026-09-24,Design Modulars: rooftop confirmed on satellite review; moved from street geocode onto the 16822 sq ft plant building 40 m away (ADL review)
IC-10193,lat_lon,"35.270933,-113.950464",2026-09-24,Valley Lumber & Truss: rooftop confirmed on satellite review; moved onto the 52778 sq ft plant building 56 m away (ADL review)
IC-13363,existence_flag,not_ic,2026-09-24,Cavcon Inc (Atwater CA): not industrialized construction (ADL review)
IC-00878,existence_flag,not_ic,2026-09-27,"FORTIFY BUILDING SOLUTIONS: Florence AL site is a retail store ('pick up your orders at our retail stores', 'becoming Mueller'), not a plant. (web research review wr-prod, ruled by owner)"
IC-10391,existence_flag,not_ic,2026-09-27,"COLLEDGEWOOD INC: Colledgewood makes 'MDF Door Skins, Wardrobe Slider Panels, Industrial Panel Products': door components, not building panels. (web research review wr-prod, ruled by owner)"
IC-11588,existence_flag,not_ic,2026-09-27,"ACORN ENGINEERING CO: 'manufactures plumbing fixtures, products, and systems' - fixtures, not buildings. (web research review wr-prod, ruled by owner)"
IC-11958,existence_flag,not_ic,2026-09-27,"AGRA TECH INC: The passages confirm that Agra Tech Inc. at this location manufactures commercial greenhouses, which are agricultural structures, not off-site construction components for buildings (such as modular ho (web research review wr-prod, ruled by owner)"
IC-12621,existence_flag,not_ic,2026-09-27,"THE WOODS: Mobile home park/retirement community ('The Woods Mobile Home Park ... 120 lots'), not a plant. (web research review wr-prod, ruled by owner)"
IC-12904,existence_flag,closed,2026-09-27,"Architectural Facades Unlimited: The ornamental/architectural precast plant closed: 'In early 2019, Architectural Facades ceased manufacturing and now is available for acquisition'. (web research review wr-prod, ruled by owner)"
IC-13752,existence_flag,not_ic,2026-09-27,"ROOFSCREEN MFG., INC.: Makes rooftop equipment screens and decorative metal panels ('equipment screens, frames, and decorative metal panels'), not building systems. (web research review wr-prod, ruled by owner)"
IC-18677,existence_flag,not_ic,2026-09-27,"BLACK LABEL SERVICES: Automation/SCADA/electrical services firm ('an automation company'); its 'Panel Shop' builds electrical control panels. (web research review wr-prod, ruled by owner)"
IC-19337,existence_flag,not_ic,2026-09-27,"ORCHARD GROVE MOBILE HOMES: Mobile home park ('Orchard Grove Mobile Home Park ... Total # of lots 216'), not a plant. (web research review wr-prod, ruled by owner)"
IC-19392,existence_flag,not_ic,2026-09-27,"T. A. PELSUE COMPANY: The passages confirm that T. A. Pelsue Company manufactures industrial safety equipment, shelters, and specialty vehicles at its Colorado facility (Aurora/Englewood area), but these products do not fa (web research review wr-prod, ruled by owner)"
IC-22394,existence_flag,not_ic,2026-09-27,"MIAMI WALL SYSTEMS, INC.: The passages confirm that Miami Wall Systems, Inc. at 701 West 25th Street manufactures aluminum windows and doors (fenestration products), which are not off-site construction components like modular (web research review wr-prod, ruled by owner)"
IC-22546,existence_flag,not_ic,2026-09-27,"EXACTA TECH INCORPORATED: Installer and servicer of hurricane shutters ('Hurricane Shutters and Impact Glass Installations by Exacta Tech'); not a building-component plant. (web research review wr-prod, ruled by owner)"
IC-23198,existence_flag,not_ic,2026-09-27,"Andrew Corporation: The passages identify the company at this address as Andrew Corp., which manufactures computer peripheral equipment and software, not off-site construction components. (web research review wr-prod, ruled by owner)"
IC-27337,existence_flag,not_ic,2026-09-27,"RODGERS METAL CRAFT: AISC structural steel fabricator ('Steel Structure Fabrication', 61,000 tons/yr) with the record at its office address; no pre-engineered buildings shown. (web research review wr-prod, ruled by owner)"
IC-48171,existence_flag,not_ic,2026-09-27,"CHICAGO TUBE & IRON: The passages identify the facility at 810 SE 54th Street, Ankeny, IA as a 'Steel Service Center' that distributes and processes steel tubing, pipe, and bar. It does not manufacture off-site constructi (web research review wr-prod, ruled by owner)"
IC-49807,existence_flag,not_ic,2026-09-27,"STEVENS INDUSTRIES: 'largest manufacturer of commercial casework and architectural millwork' plus TFL/HPL laminated panels (furniture/casework, not structural). (web research review wr-prod, ruled by owner)"
IC-50020,existence_flag,not_ic,2026-09-27,"CHILLICOTHE METAL CO: Steel tank fabricator: 'STI Licensed Shop-Fabricated Tank' member. (web research review wr-prod, ruled by owner)"
IC-50997,existence_flag,not_ic,2026-09-27,"INNOTECH MANUFACTURING, LLC: Metal fabricator of ""Prefabricated balconies, awnings and sunshades"", with no metal building systems or panels shown. (web research review wr-prod, ruled by owner)"
IC-51939,existence_flag,not_ic,2026-09-27,"Tyson Onsite: The passages identify the business at 2301 South Holt Road as 'Onsite Space By Tyson' (or Tyson Onsite) and categorize it under Trailer Renting & Leasing, Office Buildings, or General Automotive Repai (web research review wr-prod, ruled by owner)"
IC-55329,existence_flag,not_ic,2026-09-27,"GORDON INC: Architectural metal finish products: 'specialty metal ceilings and wall systems, drywall and plaster trims, column covers', not pre-engineered buildings. (web research review wr-prod, ruled by owner)"
IC-55936,existence_flag,not_ic,2026-09-27,"MUELLER, INC.: Mueller retail store/sales branch (""Mueller Baton Rouge ... Store Hours"", ""pick up your orders at our retail stores""), not a Mueller manufacturing plant. (web research review wr-prod, ruled by owner)"
IC-56627,existence_flag,not_ic,2026-09-27,"COMMONWEALTH BUILDING SYSTEMS LLC: Roofing contractor: 'specialty contractor providing construction services for the installation, repair and maintenance of roofing and waterproofing systems'. (web research review wr-prod, ruled by owner)"
IC-56721,existence_flag,not_ic,2026-09-27,"Building Envelope Systems: Construction contractor: 'your go-to construction company for metal panel installations', with structural steel/misc metal fabrication and erection; no building-system manufacturing. (web research review wr-prod, ruled by owner)"
IC-56816,existence_flag,not_ic,2026-09-27,"ZMETRA CLEAR SPAN STRUCTURES: Tent maker and renter: 'Premier Tent Rentals', 'semi-permanent tent structures', which are out of scope. (web research review wr-prod, ruled by owner)"
IC-57728,existence_flag,not_ic,2026-09-27,"CASCO BAY STEEL STRUCTURES, INC.: Bridge fabricator (duplicate site): 'AISC certified bridge fabrication company' making road, rail and lift bridges. (web research review wr-prod, ruled by owner)"
IC-58272,existence_flag,not_ic,2026-09-27,"WHITEHALL PRODUCTS LTD: The passages confirm that Whitehall Products at 8786 Water St, Montague, MI manufactures cast aluminum products such as weather vanes and nameplates, which are not off-site construction components. (web research review wr-prod, ruled by owner)"
IC-58948,existence_flag,not_ic,2026-09-27,"BRASCO INTERNATIONAL: The passages confirm that Brasco International manufactures transit shelters, bike shelters, and street furniture at the specified address in Madison Heights, MI. These products are not off-site const (web research review wr-prod, ruled by owner)"
IC-59325,existence_flag,not_ic,2026-09-27,"Duo-Gard Industries: Makes 'bus and transit shelters, bike shelters, special-purpose structures, canopies, walkways' and translucent daylighting, not building systems; its site is on Koppernick Rd, not the record's Plymouth address. (web research review wr-prod, ruled by owner)"
IC-59962,existence_flag,not_ic,2026-09-27,"CARLSON DULUTH COMPANY: The passages identify the facility at 4415 Venture Ave as a plumbing and HVAC service provider, not a manufacturer of off-site construction components. (web research review wr-prod, ruled by owner)"
IC-61006,existence_flag,not_ic,2026-09-27,"109324 - POLY-TEX INC: Makes greenhouses, high tunnels and plant displays: 'Manufacturer of commercial greenhouses, retail greenhouses, high tunnels, shade structures'. (web research review wr-prod, ruled by owner)"
IC-61190,existence_flag,not_ic,2026-09-27,"95562 - ALBERT J LAUER INC: Greenhouse maker: 'business is the design, manufacturing and building of aluminum framed greenhouses' (agricultural structures, not IC building systems). (web research review wr-prod, ruled by owner)"
IC-61625,existence_flag,not_ic,2026-09-27,"PORTA KING BUILDING SYSTEMS: The Earth City address is offices only: 'Our corporate offices remain in Earth City'; manufacturing 'moved ... to a newly constructed facility in Montgomery City, MO' (that plant should be in the DB separately). (web research review wr-prod, ruled by owner)"
IC-65713,existence_flag,not_ic,2026-09-27,"Columbia Panel Manufacturing Co Inc.: 'manufactures case-good panels for the furniture industry' - furniture panels. (web research review wr-prod, ruled by owner)"
IC-66043,existence_flag,not_ic,2026-09-27,"Durisol Ltd.: Durisol makes highway 'Noise Walls' and retaining walls and describes itself as 'a major distributor of noise barrier products' - infrastructure, not building products. (web research review wr-prod, ruled by owner)"
IC-66585,existence_flag,not_ic,2026-09-27,"Rafters & Walls, LLC: The passages identify the entity at this address as a 'Supplier' specializing in 'Design and Engineering' (P1) and a licensed trucking company transporting lumber and building materials (P5, P7), not (web research review wr-prod, ruled by owner)"
IC-66665,existence_flag,not_ic,2026-09-27,"ENGINEERED STEEL PRODUCTS, INC.: Conventional structural steel fabricator for GCs: 'structural steel fabricator located in Randolph County, NC'. (web research review wr-prod, ruled by owner)"
IC-68265,existence_flag,not_ic,2026-09-27,"CHIEF INDUSTRIES AGRI/IND DIV: Kearney facility is Chief Agri, 'a leading grain storage solutions provider' making grain bins and handling systems, not metal buildings. (web research review wr-prod, ruled by owner)"
IC-68292,existence_flag,not_ic,2026-09-27,"Heritage Industries: Makes ATM kiosks, surrounds and enclosures ('Buildings and surrounds for Diebold ATMS'), not occupied buildings. (web research review wr-prod, ruled by owner)"
IC-68524,existence_flag,not_ic,2026-09-27,"STROBEL FABRICATION LLC: Makes 'Custom Skids', pressure vessels and structural steel for energy/industrial clients - process skids, not buildings. (web research review wr-prod, ruled by owner)"
IC-68926,existence_flag,not_ic,2026-09-27,"OPTIMUM BUILDING SYSTEMS LLC: 'installers of commercial drywall, metal framing, waterproofing' - a contractor, not a manufacturer. (web research review wr-prod, ruled by owner)"
IC-68942,existence_flag,not_ic,2026-09-27,"SALEM MANUFACTURED HOMES, LLC.: 'one of the most successful manufactured home retailers in the New England area' - retailer/community manager. (web research review wr-prod, ruled by owner)"
IC-73061,existence_flag,not_ic,2026-09-27,"SCHROCK STRUCTURES INC: Sales lot: 'We proudly sell Old Hickory Buildings & Sheds! Our sales lot in Massillon, OH'. (web research review wr-prod, ruled by owner)"
IC-74041,existence_flag,not_ic,2026-09-27,"OBC NORTHWEST: The passages identify the facility at 1076 SW Berg Parkway as a distributor of horticultural supplies (greenhouses, pots, soil, etc.) and a retail store, not a manufacturer of off-site construction co (web research review wr-prod, ruled by owner)"
IC-74104,existence_flag,not_ic,2026-09-27,"FOREST RIVER MANUFACTURING: The passages confirm that Forest River Manufacturing at 1204 Mill St, Silverton, OR manufactures utility trailers, which are not off-site construction components (modular homes, panels, etc.). (web research review wr-prod, ruled by owner)"
IC-74314,existence_flag,not_ic,2026-09-27,"ALTEC INDUSTRIES INC: The passages identify the facility at 13817 NE Sandy Blvd as a 'Service Center' providing repair, maintenance, and parts support for aerial equipment, not manufacturing off-site construction component (web research review wr-prod, ruled by owner)"
IC-75144,existence_flag,not_ic,2026-09-27,"317743927 - SUMMIT STRUCTURES OF OREGON LLC: Shed sales lot: 'Visit a Summit Structures sales lot to see our barns', 3615 Pacific Blvd SW Albany is a shed store location. (web research review wr-prod, ruled by owner)"
IC-75202,existence_flag,closed,2026-09-27,"RICH'S PORTABLE CABINS INC: The owner is retiring: 'we are no longer taking orders to custom build portable cabins'. (web research review wr-prod, ruled by owner)"
IC-75606,existence_flag,not_ic,2026-09-27,"GENERAL PARTITIONS MFG. CORP.: 'General Partitions manufactures a full line of toilet partitions' - interior fixtures, not IC panels. (web research review wr-prod, ruled by owner)"
IC-75712,existence_flag,not_ic,2026-09-27,"Greiner Industries: Heavy fabricator of 'Structural Steel Columns, Structural Steel Girders... Pressure Vessels' - structural steel, not in-scope IC. (web research review wr-prod, ruled by owner)"
IC-75984,existence_flag,not_ic,2026-09-27,"GSM INDUSTRIAL: The passages confirm GSM Industrial is a custom metal fabrication and mechanical contracting shop in Lancaster, PA, but they do not state that the facility manufactures pre-engineered metal buildings (web research review wr-prod, ruled by owner)"
IC-76022,existence_flag,not_ic,2026-09-27,"EDGEMATE INC.: Makes wood veneer edgebanding and veneer sheets, not building components: 'Leading manufacturer of edge banding and wood veneer sheets'. (web research review wr-prod, ruled by owner)"
IC-80129,existence_flag,not_ic,2026-09-27,"Coker Builders, Inc.: The passages identify the entity at Turbeville, SC as 'Coker Business Systems, Inc.', which operates in the Photocopy Machines business (Miscellaneous Retail), not off-site construction components. Th (web research review wr-prod, ruled by owner)"
IC-80940,existence_flag,not_ic,2026-09-27,"70306 - BONITZ INC: Specialty trade contractor office ('COMMERCIAL FLOORING... CEILINGS, WALLS, CLADDING'), not a manufacturer. (web research review wr-prod, ruled by owner)"
IC-81121,existence_flag,not_ic,2026-09-27,"HARVARD INTEGRATIONS LP: The passages confirm the plant at this address manufactures custom enclosures, generator enclosures, and power distribution centers, which are not off-site construction components like modular homes o (web research review wr-prod, ruled by owner)"
IC-83750,existence_flag,not_ic,2026-09-27,"PALM HARBOR HOMES: Retail model home center ('Palm Harbor Village, a manufactured home retailer in Burleson, TX'), not the plant. (web research review wr-prod, ruled by owner)"
IC-84770,existence_flag,not_ic,2026-09-27,"Park USA: NWPX Park Houston plant makes wastewater/stormwater precast and steel units ('Pump Lift Stations', 'Grease Interceptor'), which are infrastructure, not building products. (web research review wr-prod, ruled by owner)"
IC-86042,existence_flag,not_ic,2026-09-27,"THE CHISM COMPANY: The passages confirm that The Chism Company manufactures architectural/industrial shade structures, canopies, and metal fabrication products at the San Antonio address, which are not off-site construc (web research review wr-prod, ruled by owner)"
IC-86050,existence_flag,not_ic,2026-09-27,"INTAGLIO COMPOSITES: Artisan studio making architectural art (""We are artisans, working in the media of concrete, metal and glass""). (web research review wr-prod, ruled by owner)"
IC-86143,existence_flag,not_ic,2026-09-27,"RF MANUFACTURING, INC.: The passages identify the facility at 4212 Glenview Dr. (the only address associated with RF Manufacturing in the text) as a machine shop producing bushings, spacers, and machined parts, not pre-engin (web research review wr-prod, ruled by owner)"
IC-86258,existence_flag,not_ic,2026-09-27,"CFS FORMING STRUCTURES CO.,INC.: On-site concrete subcontractor (""Specialty Contractor ... specializes in Cast In Place Concrete""), not a manufacturer. (web research review wr-prod, ruled by owner)"
IC-86292,existence_flag,not_ic,2026-09-27,"PLATINUM COTTAGES: Makes park model RVs (""Our park model RVs are built to ANSI 119.5 specifications""); RVs are out of scope and no HUD or modular line is shown. (web research review wr-prod, ruled by owner)"
IC-86670,existence_flag,not_ic,2026-09-27,"TAS ENERGY- AIRPORT: The passages describe a tenant build-out of office and warehouse space for TAS Energy at the specified address, not the manufacturing of off-site construction components. (web research review wr-prod, ruled by owner)"
IC-87690,existence_flag,not_ic,2026-09-27,"CMH CONSTRUCTION CO.: Entity at this address is a residential remodeler ('Residential Remodelers in Farmington, UT ... NAICS 236118'); the Alan Pre-Fab passages are about a different California company. (web research review wr-prod, ruled by owner)"
IC-87930,existence_flag,not_ic,2026-09-27,"COLUMBIA FOREST PRODUCTS: Makes decorative hardwood plywood and veneer for 'cabinetry, furniture, architectural millwork', not CLT or structural wood. (web research review wr-prod, ruled by owner)"
IC-87961,existence_flag,not_ic,2026-09-27,"CELLOFOAM NORTH AMERICA INC - WINCHESTER: Makes EPS foam insulation, packaging and marine floats, not SIPs or ICFs: 'Tapered EPS panels are used for tapered roofing'. (web research review wr-prod, ruled by owner)"
IC-88104,existence_flag,not_ic,2026-09-27,"EASTERN PANEL MANUFACTURING INC.: Makes custom plywood, laminating, casework and millwork for furniture makers ('supplying office, residential, and contract furniture manufacturers'), not structural components. (web research review wr-prod, ruled by owner)"
IC-88652,existence_flag,not_ic,2026-09-27,"WEABER INC: The passages confirm that Weaber Inc at 10134 Kings Dominion Blvd manufactures hardwood lumber products (wall boards, trim, mouldings), which are not off-site construction components like trusses or m (web research review wr-prod, ruled by owner)"
IC-88669,existence_flag,not_ic,2026-09-27,"TREAD CORP: Makes explosives-handling equipment: 'expert in explosives handling equipment since 1957'. The building categories in the buyers-guide passage are the directory's generic menu. (web research review wr-prod, ruled by owner)"
IC-88789,existence_flag,not_ic,2026-09-27,"LIGNETICS INCORPORATED: Wood pellet and cat-litter plant: 'it can produce 110,000 tons of pellets annually'. (web research review wr-prod, ruled by owner)"
IC-89212,existence_flag,not_ic,2026-09-27,"VALLEY STRUCTURES: Shed builder: 'Valley Structures | Virginia's Trusted Shed Builder'; products are sheds, garages, gazebos and playhouses (sheds are ruled out). (web research review wr-prod, ruled by owner)"
IC-89215,existence_flag,not_ic,2026-09-27,"VIRGINIA CUSTOM BUILDINGS: Sells/makes 'Sheds, Lawn Furniture, Metal Car Ports, Garages... Horse Barns, and Gazebo' - sheds are ruled out. (web research review wr-prod, ruled by owner)"
IC-89424,existence_flag,not_ic,2026-09-27,"TATE ACCESS FLOORS, INC.: The passages state that the plant at 16360 Bush Place, Saint Paul, VA manufactures data center components (raised access floors, airflow management, containment solutions), which are not off-site cons (web research review wr-prod, ruled by owner)"
IC-89717,existence_flag,not_ic,2026-09-27,"WEISS CASCADE: The passages identify the facility at 1703 Lum Rd as 'Weiss Cascade' engaged in 'Wood Preservation' (NAICS 321114) or as a coating company, which are not off-site construction components like panels o (web research review wr-prod, ruled by owner)"
IC-89799,existence_flag,not_ic,2026-09-27,"ELLSTROM MFG INC: Currently an aerospace/defense CNC machining and assembly shop (""structural and precision CNC machining partner for aerospace, defense, and industrial OEMs""); the insulated wall panels for the AGC Building were a one-off (web research review wr-prod, ruled by owner)"
IC-90321,existence_flag,not_ic,2026-09-27,"TEMTCO STEEL TUMWATER: Evidence shows only plate work and metal service center activity: 'Plate Work Manufacturing 332313' and 'Metal Service Centers'. (web research review wr-prod, ruled by owner)"
IC-90557,existence_flag,not_ic,2026-09-27,"WA317946713 - DURHAM DESIGN LTD: The passages identify the business at this address as a 'Fire protection' service provider (repair, maintenance, safety equipment) or an import/export entity, not a manufacturer of pre-engineered meta (web research review wr-prod, ruled by owner)"
IC-90677,existence_flag,not_ic,2026-09-27,"WA317966292 - JENSEN ENTERPRISES INC DBA JENSEN PRECAST I: Precast plant makes only infrastructure products (""precast concrete highway barriers, box culverts, and utility vaults""), not precast building products. (web research review wr-prod, ruled by owner)"
IC-91048,existence_flag,not_ic,2026-09-27,"MIDWEST MFG  PREHUNG PLANT: Menards pre-hung door plant: 'Wood Window and Door Manufacturing 321911'; doors are not IC components. (web research review wr-prod, ruled by owner)"
IC-91164,existence_flag,not_ic,2026-09-27,"GLOBAL FINISHING SOLUTIONS, LLC: Makes paint booths and finishing equipment (""vertical manufacturer ... of paint booths and finishing environments""), not building components. (web research review wr-prod, ruled by owner)"
IC-91264,existence_flag,not_ic,2026-09-27,"Cupertino Electric Inc: An electrical contractor's office: 'Wisconsin 1220 West Fulton Street Suite 105 Edgerton'; no truss or component manufacturing. (web research review wr-prod, ruled by owner)"
IC-91265,existence_flag,not_ic,2026-09-27,"Steelwind Industries, Inc.: Job-shop heavy steel fabrication, heat treating, blasting, painting and machining ('Your Full-Service Fabrication FACILITY'), no building components. (web research review wr-prod, ruled by owner)"
IC-91343,existence_flag,not_ic,2026-09-27,"LA DARLING CO: Makes store fixtures: 'specializes in creating retail store displays'. (web research review wr-prod, ruled by owner)"
IC-91375,existence_flag,not_ic,2026-09-27,"TECHNIPLY, LLC: Sawmill and specialty hardwood laminates ('Sawmill ... Hardwood Lumber, Hardwood Plywood', archery handles, gun stocks, aircraft propellers), not CLT or structural building products. (web research review wr-prod, ruled by owner)"
IC-91803,existence_flag,not_ic,2026-09-27,"BAYLAND BUILDINGS, INC.: Design/build general contractor ('Bayland Buildings is honored to serve as the Design/Build General Contractor'); 2800 N Main Oshkosh appears to be a client project site, and it does not manufacture PEMB systems. (web research review wr-prod, ruled by owner)"
IC-91826,existence_flag,not_ic,2026-09-27,"FELTZ MANUFACTURING COMPANY INC.: Millwork shop: 'small town USA millwork manufacturer ... We make high end architectural moldings'. (web research review wr-prod, ruled by owner)"
IC-91840,existence_flag,not_ic,2026-09-27,"ROBINSON, INC.: Contract metal fabricator: 'Robinson Inc - U.S.-based Metal Fabrication Company ... Heavy Weldments, Modular Skid, ASME, Custom Enclosures, BESS, Switchgear'; there is no evidence it builds occupiable buildings. (web research review wr-prod, ruled by owner)"
IC-92255,existence_flag,closed,2026-09-27,"RAFTCO: Raftco Truss, Inc. was 'terminated on June 26, 2002' ('Revoked (Failure to File Annual Report)'), and its only OSHA records are from 1992. (web research review wr-prod, ruled by owner)"
IC-92512,existence_flag,not_ic,2026-09-27,"FORTERRA BAR NUNN PRECAST YARD: Infrastructure precast only: 'concrete pipe, precast box culverts, gravity flow pipe' at 2175 Westwinds Rd, Bar Nunn; no building products. (web research review wr-prod, ruled by owner)"
IC-92525,existence_flag,not_ic,2026-09-27,"ACTECH USA, INC.: A US sales office for a German casting firm: 'production facilities are located at our headquarters in Freiberg ... Germany'; makes metal cast prototypes. (web research review wr-prod, ruled by owner)"
IC-92530,existence_flag,not_ic,2026-09-27,"Advanced Mfg. & Power Systems SC: The passages state that the plant in Abbeville County manufactures 'generator enclosures,' which are not off-site construction components (such as modular homes, panels, or structural wood). (web research review wr-prod, ruled by owner)"
IC-92533,existence_flag,not_ic,2026-09-27,"Advantage Portable Buildings, Inc.: Shed maker: 'the only local manufacturer of portable storage buildings in the area' (portable storage sheds are out of scope). (web research review wr-prod, ruled by owner)"
IC-92542,existence_flag,not_ic,2026-09-27,"Alachua County School District of: The passages identify the entity as Alachua County Public Schools, a local education agency and school district, not an industrial facility manufacturing off-site construction components. (web research review wr-prod, ruled by owner)"
IC-92555,existence_flag,not_ic,2026-09-27,"AMAZON SHEDS AND GAZEBOS: Storage shed seller/builder ('Storage Sheds SWFL ... TOP QUALITY SHEDS SINCE 2006'); sheds are out of scope. (web research review wr-prod, ruled by owner)"
IC-92561,existence_flag,not_ic,2026-09-27,"Ameristar Perimeter Security USA Inc.: Fence and gate maker: 'the largest ornamental fence manufacturer in the world'. (web research review wr-prod, ruled by owner)"
IC-92563,existence_flag,not_ic,2026-09-27,"Andrew Corporation: Antenna and telecom equipment supplier (""supplier of base station antenna systems""), with no building products. (web research review wr-prod, ruled by owner)"
IC-92575,existence_flag,not_ic,2026-09-27,"ArtWorks Graphics & Design: The passages confirm the facility at this address manufactures wholesale signs (channel letters, monument signs, etc.), which are not off-site construction components like modular homes or structural (web research review wr-prod, ruled by owner)"
IC-92576,existence_flag,not_ic,2026-09-27,"ASI Displays, Inc.: The passages identify the company at this location (or associated locations in Orlando) as ASI Displays, which specializes in trade show displays, signage, and event fabrication, not off-site construc (web research review wr-prod, ruled by owner)"
IC-92591,existence_flag,not_ic,2026-09-27,"Backyard Storage Solutions LLC: The passages identify the entity at the Sanford address as a Certified Residential Contractor (P2) that performs on-site construction and installation of accessory structures like sheds, rather than m (web research review wr-prod, ruled by owner)"
IC-92592,existence_flag,not_ic,2026-09-27,"Baker County School District of: The passages identify the entity as a public school district (Baker County School District) providing educational services, not manufacturing off-site construction components. (web research review wr-prod, ruled by owner)"
IC-92594,existence_flag,not_ic,2026-09-27,"Bay County School District of: The passages identify the entity as a public school district (Bay County School District) and its administrative offices, not an industrial facility manufacturing off-site construction components. (web research review wr-prod, ruled by owner)"
IC-92598,existence_flag,not_ic,2026-09-27,"Benette Company: The passages identify the entity at the relevant location (Hampton, VA) as Bennette Paint Manufacturing Co., Inc., which manufactures paints and coatings, not off-site construction components like mod (web research review wr-prod, ruled by owner)"
IC-92600,existence_flag,not_ic,2026-09-27,"Best Industries Inc: The passages identify the facility at 15860 Westpark Ln, Fort Pierce, FL as a metal fabricator specializing in structural steel and custom metal fabrication, which does not match the scope of off-site (web research review wr-prod, ruled by owner)"
IC-92620,existence_flag,not_ic,2026-09-27,"Bradford County School District of: The passages identify the entity as a public school district, not an industrial facility manufacturing off-site construction components. (web research review wr-prod, ruled by owner)"
IC-92621,existence_flag,not_ic,2026-09-27,"Brevard County School District of: The passages identify the entity as Brevard Public Schools, a government school district administering educational facilities and impact fees, not a manufacturer of off-site construction components. (web research review wr-prod, ruled by owner)"
IC-92622,existence_flag,not_ic,2026-09-27,"Brick City Buildings: Shed and carport seller that builds on site: 'Our sheds are built on-site ... for Ocala, Gainesville, Jacksonville'; sheds and carports are out of scope. (web research review wr-prod, ruled by owner)"
IC-92623,existence_flag,not_ic,2026-09-27,"BRITTEN INC.: Signage and event fabrication firm: 'Signs Advertising/Marketing/PR Branding Commercial Printing'. (web research review wr-prod, ruled by owner)"
IC-92626,existence_flag,not_ic,2026-09-27,"Broward County School District of: The passages identify the entity as Broward County Public Schools, a school district providing educational services and facility maintenance, not a manufacturing plant for off-site construction compon (web research review wr-prod, ruled by owner)"
IC-92632,existence_flag,not_ic,2026-09-27,"Bureau Veritas North America, Inc.: The passages identify the entity as Bureau Veritas, a certification and inspection service provider (offering ISO certification, radon testing, etc.), not a manufacturer of off-site construction compo (web research review wr-prod, ruled by owner)"
IC-92633,existence_flag,not_ic,2026-09-27,"BUTECH BUILDING TECHNOLOGY SAU: Spanish Porcelanosa-group maker of tile/coating panels and adhesives ('DESIGN, MANUFACTURE ... OF CONSTRUCTION SYSTEMS OF RIGID COATING PANELS OR TILES'); no US plant. (web research review wr-prod, ruled by owner)"
IC-92636,existence_flag,not_ic,2026-09-27,"Butler Manufacturing Company,Home Off.: Butler home office in Kansas City (""The Kansas City headquarters coordinates the entire national manufacturing""), which is not itself one of Butler's 8 plants. (web research review wr-prod, ruled by owner)"
IC-92637,existence_flag,not_ic,2026-09-27,"Calhoun County School District of: The passages identify the entity as a public school district (Calhoun County School District) located at 4400 McClellan Blvd, Anniston, AL. A school district is an educational administrative body, not (web research review wr-prod, ruled by owner)"
IC-92638,existence_flag,not_ic,2026-09-27,"CALIFORNIA CART BUILDER, LLC: The passages confirm that California Cart Builder, LLC at 29375 Hunco Way manufactures food trucks and concession trailers. These products are mobile commercial kitchens, not off-site construction com (web research review wr-prod, ruled by owner)"
IC-92645,existence_flag,not_ic,2026-09-27,"Carts of Colorado Inc.: The passages indicate that Carts of Colorado Inc. specializes in food and beverage service carts, kiosks, and micro-markets, which are not off-site construction components like modular homes or struct (web research review wr-prod, ruled by owner)"
IC-92676,existence_flag,not_ic,2026-09-27,"Charlotte County School District of: The passages identify the entity as Charlotte County Public Schools, a regular local school district and educational administrative body, not an industrial facility manufacturing off-site construction (web research review wr-prod, ruled by owner)"
IC-92678,existence_flag,not_ic,2026-09-27,"Circle E Buildings, LLC: Portable shed builder: 'portable building manufacturer specializing in portable sheds, lofted barns, cabins and garages' (circleebuildings.com); sheds are ruled out. (web research review wr-prod, ruled by owner)"
IC-92680,existence_flag,not_ic,2026-09-27,"Citrus County School District of: The passages identify the entity as a school district (Citrus County Schools) providing educational services, not an industrial facility manufacturing off-site construction components. (web research review wr-prod, ruled by owner)"
IC-92683,existence_flag,not_ic,2026-09-27,"Clay County School District of: The passages identify the entity as a school district (Clay County School District in GA or Clay County Public Schools in KY), which is an educational institution, not an industrial facility manufactu (web research review wr-prod, ruled by owner)"
IC-92689,existence_flag,not_ic,2026-09-27,"Clemons Rutherford and Associates, Inc.: The passages identify the entity as an 'Architect' providing services like construction management and design, not a manufacturing plant producing modular homes or components. (web research review wr-prod, ruled by owner)"
IC-92697,existence_flag,not_ic,2026-09-27,"Coastline Power Solutions: Makes generator enclosures, fuel tanks and trailers for power generation ('we engineer and manufacture customized generator enclosures, fuel tanks, and trailers'); these are equipment housings, not buildings. (web research review wr-prod, ruled by owner)"
IC-92698,existence_flag,not_ic,2026-09-27,"Coffee Expresso, Inc.: Same-name listing is a coffee and tea business ('Coffee Expresso Inc ... Coffee & Tea', Jupiter FL mailbox address); nothing indicates building manufacturing. (web research review wr-prod, ruled by owner)"
IC-92702,existence_flag,not_ic,2026-09-27,"Collier County School District of: The passages identify the entity as Collier County Public Schools, a public school district providing educational services, not an industrial facility manufacturing off-site construction components. (web research review wr-prod, ruled by owner)"
IC-92703,existence_flag,not_ic,2026-09-27,"Columbia County School District of: The passages identify the entity as a school district (Columbia County School District) or an economic development corporation, which are administrative and promotional bodies, not industrial faciliti (web research review wr-prod, ruled by owner)"
IC-92704,existence_flag,not_ic,2026-09-27,"Com-Trol / Premier Power Solutions: The passages identify the plant at 535 Beer Road, Mansfield, OH as 'Com-Trol', a manufacturer of industrial automation products (tension measurement, linear motion, connectivity devices), not off-site (web research review wr-prod, ruled by owner)"
IC-92709,existence_flag,not_ic,2026-09-27,"Companion Systems INC.: The passages state that Companion Systems manufactures ATM surrounds, kiosks, and enclosures for the ATM industry, which are not off-site construction components like modular homes or structural panel (web research review wr-prod, ruled by owner)"
IC-92719,existence_flag,not_ic,2026-09-27,"Cook Portable Warehouse: Portable storage shed sales lot, listed as closed: 'Cook Portable Warehouses Closed ... 100 Douglas St'; its products are 'utility sheds, and garden sheds'. (web research review wr-prod, ruled by owner)"
IC-92730,existence_flag,not_ic,2026-09-27,"Custom Craft Manufacturing: Mobile-home repair and storm-door/ornamental-iron shop (""Mobile Home Service Repair and Improvements""; ""security storm doors and ornamental iron work""). (web research review wr-prod, ruled by owner)"
IC-92746,existence_flag,not_ic,2026-09-27,"Dekalb Conc.Products (Green Cove Sp): OSHA record lists industry '327332 Concrete Pipe Manufacturing' (dated 1979); concrete pipe is not a building product. (web research review wr-prod, ruled by owner)"
IC-92757,existence_flag,not_ic,2026-09-27,"Dixie County School District of: The passages identify the entity as Dixie District Schools, an educational institution providing K-12 education and administrative services, not a facility manufacturing off-site construction componen (web research review wr-prod, ruled by owner)"
IC-92759,existence_flag,not_ic,2026-09-27,"Dura-Sheds: A retailer of DuraMax vinyl and metal sheds, 'headquartered in California'; no plant at the record address. (web research review wr-prod, ruled by owner)"
IC-92761,existence_flag,not_ic,2026-09-27,"Duval County School District of: The passages identify the entity as Duval County Public Schools, a school district providing educational services and administrative support, not an industrial facility manufacturing off-site construc (web research review wr-prod, ruled by owner)"
IC-92763,existence_flag,not_ic,2026-09-27,"E P Consultants, Inc (EPCI): The passages identify the facility as an HVAC Engineering and Structural Engineers service provider (SIC 8711), not a manufacturing plant for off-site construction components. (web research review wr-prod, ruled by owner)"
IC-92765,existence_flag,not_ic,2026-09-27,"East Coast Sign Advertising: Sign company: 'services include Sign Manufacturing and Installation, ... Pylons, Monuments'. (web research review wr-prod, ruled by owner)"
IC-92771,existence_flag,not_ic,2026-09-27,"Ellis & Watts: Makes HVAC and nuclear/medical specialty components ('HVAC, portable structures, heat transfer, ASME Section III, and barrier systems'); its portable structures are military/mobile shelters, not buildings in scope. (web research review wr-prod, ruled by owner)"
IC-92772,existence_flag,not_ic,2026-09-27,"Ellis and Watts: Duplicate of Ellis & Watts, Batavia OH: 'engineering and manufacturing ... HVAC, portable structures, heat transfer, ASME Section III, and barrier systems'; not building components. (web research review wr-prod, ruled by owner)"
IC-92774,existence_flag,not_ic,2026-09-27,"EMERSON NETWORK POWER, ENERGY SYSTEMS NORTH AMERICA INC: The passages identify the facility at 8000 West Florissant Avenue (near the record's address) as Emerson Network Power, a global company providing technology and engineering solutions for industrial/c (web research review wr-prod, ruled by owner)"
IC-92776,existence_flag,not_ic,2026-09-27,"Encompass Enterprises LLC: The passages identify Encompass Enterprises at the Sanford location as a 'Metal Industries' and 'Sheet Metal Contractor', which does not match the scope of off-site construction components like modula (web research review wr-prod, ruled by owner)"
IC-92778,existence_flag,not_ic,2026-09-27,"Enercon Engineering, Inc.: The passages confirm the plant at 490 Industrial Rd manufactures mobile engine-generator power modules and motor/generator components, which are not off-site construction components. (web research review wr-prod, ruled by owner)"
IC-92779,existence_flag,not_ic,2026-09-27,"Energy Labs, Inc.: The passages state that Energy Labs Inc is in the Manufacturing industry and mainly works on Air Conditioning Supplies & Parts Mfrs, which are not off-site construction components. (web research review wr-prod, ruled by owner)"
IC-92787,existence_flag,not_ic,2026-09-27,"Escambia County School District of: The passages identify the entity as a public school district (Escambia County School District) located in Pensacola, FL, which manages educational facilities and transportation, not off-site construct (web research review wr-prod, ruled by owner)"
IC-92791,existence_flag,not_ic,2026-09-27,"Everidge DBA / International Cold Storage (EMP): The passages confirm that the facility at 5678 Heards Mountain Road in Covesville, VA is a manufacturing plant for commercial refrigeration and cold storage solutions (walk-in coolers/freezers), which (web research review wr-prod, ruled by owner)"
IC-92793,existence_flag,not_ic,2026-09-27,"Expert Modular Consultants: Third-party inspection agency: 'provides code consulting, plan review, independent inspection and quality assurance consulting services'. (web research review wr-prod, ruled by owner)"
IC-92798,existence_flag,not_ic,2026-09-27,"Fidelity Manufacturing (Plant #2): Plant #2 makes generator enclosures, fuel tanks and stairs ('manufacturing processes of enclosures, tanks and packaging of generators'): equipment housings, not buildings. (web research review wr-prod, ruled by owner)"
IC-92801,existence_flag,not_ic,2026-09-27,"Firmo Construction LLC: General contractor, not a manufacturer: 'specialized in hospitality and commercial construction'. 'Certified Modular Builder' is a builder credential. (web research review wr-prod, ruled by owner)"
IC-92804,existence_flag,not_ic,2026-09-27,"Fisher Corporation: The passages identify the facility at 1625 W Maple Rd (and other locations) as Fisher Dynamics/Fisher & Company, which manufactures automotive seat structures and mechanisms, not off-site construction (web research review wr-prod, ruled by owner)"
IC-92806,existence_flag,not_ic,2026-09-27,"Flagler County School District of: The passages identify the entity as a school district and its 'Plant Services' department, which manages facilities maintenance rather than manufacturing off-site construction components. (web research review wr-prod, ruled by owner)"
IC-92812,existence_flag,not_ic,2026-09-27,"Flextronics, Inc.: Electronics contract manufacturer: 'Flex manufactures printed circuit boards, health care equipment, and other electronic products' at 12455 Research Blvd, Austin. (web research review wr-prod, ruled by owner)"
IC-92818,existence_flag,not_ic,2026-09-27,"Franklin County School District of: The passages identify the entity as a public school district providing education, not an industrial facility manufacturing off-site construction components. (web research review wr-prod, ruled by owner)"
IC-92828,existence_flag,not_ic,2026-09-27,"FWT Inc: The passages confirm that FWT Inc. (FWT, LLC) at 5750 E Interstate 20 manufactures utility structures such as transmission poles and substations, which are not off-site construction components like mo (web research review wr-prod, ruled by owner)"
IC-92831,existence_flag,not_ic,2026-09-27,"ModSpace-Miami: Rental branch: 'Modspace ... Trailer Renting & Leasing ... Mobile Offices & Commercial Units' at 5000 NW 72nd Ave; no manufacturing. (web research review wr-prod, ruled by owner)"
IC-92832,existence_flag,not_ic,2026-09-27,"G. E. Capital Modular Space/Orlando: GE Capital Modular Space Orlando is a modular leasing branch ('flexible and reliable modular space solutions'), with no manufacturing described. (web research review wr-prod, ruled by owner)"
IC-92835,existence_flag,not_ic,2026-09-27,"Gadsden County School District of: The passages identify the entity as a public school district (Gadsden County School District) located at an administrative building, which is not a facility manufacturing off-site construction compone (web research review wr-prod, ruled by owner)"
IC-92838,existence_flag,not_ic,2026-09-27,"Gen-Plat LLC: Metal fabricator: 'UL142 Double Wall Subbase Fuel Tank', 'access platforms', generator stands; also a specialty contractor, not building systems. (web research review wr-prod, ruled by owner)"
IC-92843,existence_flag,not_ic,2026-09-27,"Gilchrist County School District of: The passages identify the entity as a school district (Gilchrist County School District) located at an administrative office address, not an industrial facility manufacturing off-site construction com (web research review wr-prod, ruled by owner)"
IC-92844,existence_flag,not_ic,2026-09-27,"Glades County School District of: The passages identify the entity as a public school district (Glades County School District) providing educational services, not manufacturing off-site construction components. (web research review wr-prod, ruled by owner)"
IC-92847,existence_flag,not_ic,2026-09-27,"Graceland Properties, LLC - GA: The passages confirm that the facility in McRae-Helena, GA manufactures portable storage sheds, which are not off-site construction components for buildings (modular homes, panels, etc.). (web research review wr-prod, ruled by owner)"
IC-92855,existence_flag,closed,2026-09-27,"Gulf Coast Modular Consultants LLC: The company dissolved: 'February 27, 2025 VOLUNTARY DISSOLUTION' (it was also a consultancy with no plant shown). (web research review wr-prod, ruled by owner)"
IC-92857,existence_flag,not_ic,2026-09-27,"Gulf Coast Supply Manufacturer: Roll-formed metal roofing and cladding only: 'Gulf Coast Supply is a metal roofing manufacturer ... Concealed Fastener Panels, Exposed Fastener Panels'; no prefab building components (Cayce SC). (web research review wr-prod, ruled by owner)"
IC-92858,existence_flag,not_ic,2026-09-27,"Gulf County School District of: The passages identify the entity as a public school district (Gulf County School District) providing educational services, not manufacturing off-site construction components. (web research review wr-prod, ruled by owner)"
IC-92860,existence_flag,not_ic,2026-09-27,"Gulf Shore Florida Rooms, Inc.: The passages identify the facility at this address as 'Gulfshore Manufacturing, Inc.' which manufactures boats (NAICS 336612), not off-site construction components like modular homes or panels. (web research review wr-prod, ruled by owner)"
IC-92861,existence_flag,not_ic,2026-09-27,"H. R. H. Inspectors: The passages identify the entity as 'H & H Inspection Limited', an inspection and quality control service provider for cotton, containers, and marine cargo, located in Dhaka and Chittagong, Bangladesh (web research review wr-prod, ruled by owner)"
IC-92862,existence_flag,closed,2026-09-27,"Haddcomm International, Inc.: The company went through bankruptcy (Ch. 11/7, 'Date terminated: 01/31/2001') and its contractor licenses are cancelled; there is no sign of operations since. (web research review wr-prod, ruled by owner)"
IC-92865,existence_flag,not_ic,2026-09-27,"Hardee County School District of: The passages identify the entity as a public school district (School Board of Hardee County) located at an administrative office address, not an industrial facility manufacturing off-site construction (web research review wr-prod, ruled by owner)"
IC-92875,existence_flag,not_ic,2026-09-27,"Hendry County School District of: The passages identify the entity as a school district (Hendry County School District) and its addresses as administrative offices or schools, not an industrial facility manufacturing off-site construc (web research review wr-prod, ruled by owner)"
IC-92878,existence_flag,not_ic,2026-09-27,"Hernando County School District of: The passages identify the entity as a public school district that manages warehouses for supplies and printing, not a facility manufacturing off-site construction components like modular homes or pane (web research review wr-prod, ruled by owner)"
IC-92886,existence_flag,not_ic,2026-09-27,"Hilborn Werner Carter And Assoc., Inc.: Inspection/approval agency: 'HWC is an approved third party design evaluation and approval agency' and IPIA; it does not manufacture. (web research review wr-prod, ruled by owner)"
IC-92889,existence_flag,not_ic,2026-09-27,"Hillsborough County School District of: The passages identify the entity as a school district and its logistics/warehouse/maintenance facilities, which are not industrial plants manufacturing off-site construction components. (web research review wr-prod, ruled by owner)"
IC-92902,existence_flag,not_ic,2026-09-27,"Hussmann Corporation Branch #55: The passages identify the facility at 5610 S 40th St as a 'Service & Installation' branch for commercial refrigeration, not a manufacturing plant for off-site construction components. (web research review wr-prod, ruled by owner)"
IC-92904,existence_flag,not_ic,2026-09-27,"Ice Cold Vending,LLC: Vending/ice business: 'Ice Cold Vending LLC is listed under Ice in Lakeland, FL'. (web research review wr-prod, ruled by owner)"
IC-92910,existence_flag,not_ic,2026-09-27,"Indian River County School District of: The passages identify the entity as a public school district (School District of Indian River County) providing education services, not an industrial facility manufacturing off-site construction compo (web research review wr-prod, ruled by owner)"
IC-92914,existence_flag,not_ic,2026-09-27,"Innovative Packaging Technologies, Inc.: The passages identify the facility at 455 Oak Springs Rd as a manufacturer of vending machines and provider of packaging/labeling services, which are not off-site construction components. (web research review wr-prod, ruled by owner)"
IC-92921,existence_flag,not_ic,2026-09-27,"International Supply Co.: Listed as 'Motor and Generator Manufacturing (NAICS 335312)' at 2717 W North St; the only truss passages are from an unrelated FL company (American Builders Supply). (web research review wr-prod, ruled by owner)"
IC-92923,existence_flag,not_ic,2026-09-27,"Intertek-ATI (Architectural Testing, Inc.): The passages describe Intertek-ATI as a testing, inspection, and certification laboratory, explicitly stating 'We do not manufacture or sell products'. The record lists the company as building Wood Vo (web research review wr-prod, ruled by owner)"
IC-92927,existence_flag,not_ic,2026-09-27,"Jackson County School District of: The passages identify the entity as a public school district and its administrative office, not an industrial facility manufacturing off-site construction components. (web research review wr-prod, ruled by owner)"
IC-92931,existence_flag,not_ic,2026-09-27,"JK2 Holmes Constructors, Inc.: The passages identify JK2 Holmes Constructors as a general contractor specializing in commercial, retail, and entertainment construction (e.g., Universal Studios projects, clubhouses), not as a manufa (web research review wr-prod, ruled by owner)"
IC-92934,existence_flag,not_ic,2026-09-27,"JRS Custom Fabrication: The passages identify the facility at 5000 NW 5th Street as a 'Fabricated Metal Products' and 'Machine Shops' business, which does not match the scope of off-site construction components like modular (web research review wr-prod, ruled by owner)"
IC-92935,existence_flag,not_ic,2026-09-27,"JRS Self Serve Ice, LLC: The passages identify the entity at this location (or associated with it) as a manufacturer of self-serve ice vending machines, which is not an off-site construction component. (web research review wr-prod, ruled by owner)"
IC-92936,existence_flag,not_ic,2026-09-27,"K & S: Machine shop: 'K&S Machined Products ... Machine shop: general machining, lathe & mill work ... welding' (Lavonia GA). (web research review wr-prod, ruled by owner)"
IC-92937,existence_flag,not_ic,2026-09-27,"Karins Engineering Group, Inc.: The passages identify the facility as an engineering and surveying firm providing structural design services, not a manufacturing plant producing off-site construction components. (web research review wr-prod, ruled by owner)"
IC-92957,existence_flag,not_ic,2026-09-27,"Lake County School District of: The passages identify the entity as a school district (Lake County School District) located in Colorado, which is an educational institution, not an industrial facility manufacturing off-site construc (web research review wr-prod, ruled by owner)"
IC-92959,existence_flag,not_ic,2026-09-27,"Lane Supply, Inc. dba Lane Canopy, Inc: The passages state that Lane Supply, Inc. manufactures structural steel canopies and related components at its facility in Arlington, TX, which are not off-site construction components like modular ho (web research review wr-prod, ruled by owner)"
IC-92961,existence_flag,not_ic,2026-09-27,"Lawton's Equipment Inc.: The passages confirm the facility at this address manufactures ice and snow removal equipment, hydraulic cylinders, and balers, which are not off-site construction components. (web research review wr-prod, ruled by owner)"
IC-92962,existence_flag,not_ic,2026-09-27,"Lee County School District of: The passages identify the entity as a school district (Lee County School District or Lee County School System) which manages educational facilities, not an industrial facility manufacturing modular ho (web research review wr-prod, ruled by owner)"
IC-92965,existence_flag,not_ic,2026-09-27,"Legacy Sheds LLC: The passages identify the entity at 217 Erin Lane as a sales and delivery center ('Authorized Dealer') for portable storage sheds, not a manufacturing plant. The taxonomy requires 'modular or manufact (web research review wr-prod, ruled by owner)"
IC-92966,existence_flag,not_ic,2026-09-27,"Leon County School District of: The passages identify the entity as Leon County Schools, a public school district with administrative offices and a warehouse for mail/property management, not a facility manufacturing modular homes o (web research review wr-prod, ruled by owner)"
IC-92967,existence_flag,not_ic,2026-09-27,"Leonard Aluminum Utility Buildings, LLC: Leonard makes storage sheds / utility buildings ('storage sheds, lofted barns'); sheds are ruled out, and the Valdosta evidence is a Cook Portable Warehouses retail lot. (web research review wr-prod, ruled by owner)"
IC-92968,existence_flag,not_ic,2026-09-27,"Leonard Aluminum Utility Buildings, LLC - Purvis: Plant is approved to make storage sheds (utility buildings), which the owner ruled out: 'approved ... to manufacture Storage Sheds'. (web research review wr-prod, ruled by owner)"
IC-92973,existence_flag,not_ic,2026-09-27,"Levy County School District of: The passages identify the entity as the School Board of Levy County, a public school district providing education services, not an industrial facility manufacturing off-site construction components. (web research review wr-prod, ruled by owner)"
IC-92983,existence_flag,not_ic,2026-09-27,"MA Consulting & Engineering MACE, LLC: Consulting/inspection agency: 'Providing consulting services, third party design approval agency and third party quality assurance agency'. (web research review wr-prod, ruled by owner)"
IC-92990,existence_flag,not_ic,2026-09-27,"Manatee County School District of: The passages identify the entity as a public school district (Manatee County School District), which is an educational administrative body, not an industrial facility manufacturing off-site constructi (web research review wr-prod, ruled by owner)"
IC-93000,existence_flag,not_ic,2026-09-27,"Martin County School District of: The passages identify the entity as a public school district (Martin County School District) located at an administrative address, not an industrial facility manufacturing off-site construction compon (web research review wr-prod, ruled by owner)"
IC-93003,existence_flag,not_ic,2026-09-27,"Matt M. La Vail: The passages identify the entity as a vendor of safety signs, equipment huts, and buildings, but do not mention manufacturing modular homes or wood volumetric components. The address listed is a PO Bo (web research review wr-prod, ruled by owner)"
IC-93005,existence_flag,not_ic,2026-09-27,"MB Industries: Makes metalworking coolants and weld spatter compounds ('Environmentally Friendly Products for Metalworking'). (web research review wr-prod, ruled by owner)"
IC-93007,existence_flag,not_ic,2026-09-27,"MCS Portable Buildings,LLC: 'McS Portable Buildings is a portable building reseller... supplier of Graceland Portable Buildings' (sheds). (web research review wr-prod, ruled by owner)"
IC-93015,existence_flag,not_ic,2026-09-27,"Miami-Dade County School District of: The passages identify the facility at 11035 SW 84th St as 'M-DCPS Plant Operations', a facility management company specializing in maintenance and upkeep of educational facilities, not manufacturing o (web research review wr-prod, ruled by owner)"
IC-93016,existence_flag,not_ic,2026-09-27,"Mid State Shed Builders, INC: Shed dealer/builder: 'provides carports, sheds, and gazebo deliveries, as well as shed repair and move services' (sheds are out of scope). (web research review wr-prod, ruled by owner)"
IC-93030,existence_flag,not_ic,2026-09-27,"Mobile Mini, Inc-Tempe (Corporate Office): Corporate office of a portable-storage leasing company: '7420 South Kyrene Road, Suite 101 ... leading provider of portable storage solutions through our lease fleet'. (web research review wr-prod, ruled by owner)"
IC-93046,existence_flag,not_ic,2026-09-27,"ModSpace-Ft. Myers: Rental/leasing branch: 'Modspace ... Trailer Renting & Leasing ... Services: Rentals, Leasing' at 17250 Jean St, Fort Myers. (web research review wr-prod, ruled by owner)"
IC-93050,existence_flag,not_ic,2026-09-27,"ModSpace-Pompano: ModSpace Pompano branch is a rental/leasing yard: 'ModSpace - Mobile Offices, Site Trailers, Portable Storage' listed as 'Buildings Portable, Contractors Equip/supls Dlrs/svc'. (web research review wr-prod, ruled by owner)"
IC-93051,existence_flag,not_ic,2026-09-27,"ModSpace-Ridgeway Ln-Lakeland: ModSpace Lakeland branch is a rental/leasing location ('Trailer Rental & Leasing'), not a plant. (web research review wr-prod, ruled by owner)"
IC-93055,existence_flag,not_ic,2026-09-27,"Modu-Built: The passages for the matching address (5818 W Linebaugh Ave, Tampa, FL) and name (Modu-Built Industries Inc) do not mention manufacturing of off-site construction components. Instead, other listings f (web research review wr-prod, ruled by owner)"
IC-93057,existence_flag,not_ic,2026-09-27,"Modular Building Institute: Trade association, not a plant: 'the Modular Building Institute (MBI) is an international non-profit trade association for modular construction'. (web research review wr-prod, ruled by owner)"
IC-93060,existence_flag,not_ic,2026-09-27,"Modular Code Consultants: Engineering consultant: 'Modular Code Consultants ... Engineering Consultants', 1-4 employees at 25547 Bayberry Court, Elkhart. (web research review wr-prod, ruled by owner)"
IC-93062,existence_flag,not_ic,2026-09-27,"Modular Design Service: The record's name is a design service, and the matched 'Modular Designs' 'provides and installs commercial floor covering'; neither manufactures. (web research review wr-prod, ruled by owner)"
IC-93068,existence_flag,not_ic,2026-09-27,"Modular Plans Design, Co.: Design service: 'specializes in creating customizable building plans for residential and commercial properties' (office suite at 202 Doris Dr Ste 105). (web research review wr-prod, ruled by owner)"
IC-93073,existence_flag,not_ic,2026-09-27,"Monroe County School District of: The passages identify the entity as a school district (Monroe County Schools) providing educational services, not manufacturing off-site construction components. The address and phone number in the re (web research review wr-prod, ruled by owner)"
IC-93076,existence_flag,not_ic,2026-09-27,"MSI Equipment Centers, Inc.: The passages identify the plant at 1318 Bammel Rd, Houston, TX as 'MSI Equipment Centers' which imports industrial equipment (specifically from ABB) and is listed among iron/steel product suppliers, n (web research review wr-prod, ruled by owner)"
IC-93078,existence_flag,not_ic,2026-09-27,"Narendra (Ned) H Shah: The passages describe Narendra Packaging Pvt. Ltd., which manufactures pharmaceutical packaging products like vial seals and bottle caps, not off-site construction components. (web research review wr-prod, ruled by owner)"
IC-93079,existence_flag,not_ic,2026-09-27,"Nassau County School District of: The passages identify the entity as a public school district (Nassau County School District) located at 1201 Atlantic Avenue, Fernandina Beach, FL. A school district is an educational administrative b (web research review wr-prod, ruled by owner)"
IC-93080,existence_flag,not_ic,2026-09-27,"National Design and Inspection, Inc.: The passages identify the facility at the specified address as a 'Building Inspection Service' and state it is in the 'Services industry', which contradicts the requirement for manufacturing off-site (web research review wr-prod, ruled by owner)"
IC-93084,existence_flag,not_ic,2026-09-27,"National Safe Corporation: The passages identify the company's products as 'SAFES AND VAULTS' and categorize it under 'Bank Equipment & Supplies', which are not off-site construction components. (web research review wr-prod, ruled by owner)"
IC-93097,existence_flag,not_ic,2026-09-27,"North American Fire Protection: The passages identify the facility at 6255 Colbert Ln as North American Fire Protection, a specialty contractor for fire protection systems (pumps, suppression, etc.), not a manufacturer of off-site c (web research review wr-prod, ruled by owner)"
IC-93098,existence_flag,not_ic,2026-09-27,"North FL Vending LLC: The passages identify the entity at the relevant location (North Florida Vending) as a vending machine service provider, not a manufacturer of off-site construction components. (web research review wr-prod, ruled by owner)"
IC-93106,existence_flag,not_ic,2026-09-27,"Okaloosa County School District of: The passages identify the entity as the Okaloosa County School District, a public school district and administrative office, not an industrial facility manufacturing off-site construction components. (web research review wr-prod, ruled by owner)"
IC-93107,existence_flag,not_ic,2026-09-27,"Okeechobee County School District of: The passages identify the entity as a public school district (Okeechobee County Schools) with an administrative address, not an industrial facility manufacturing off-site construction components. (web research review wr-prod, ruled by owner)"
IC-93114,existence_flag,not_ic,2026-09-27,"Orange County School District of: The passages identify the entity as a public school district (Orange County Public Schools) providing educational services, not manufacturing off-site construction components. (web research review wr-prod, ruled by owner)"
IC-93116,existence_flag,not_ic,2026-09-27,"Osceola County School District of: The passages identify the entity as a School District and its facility at 817 Bill Beck Blvd. as a Warehouse for surplus sales or an administrative office, not a manufacturing plant producing off-site (web research review wr-prod, ruled by owner)"
IC-93118,existence_flag,not_ic,2026-09-27,"Palm Beach County School District of: The passages identify the entity as a public school district and its administrative offices, not an industrial facility manufacturing off-site construction components. (web research review wr-prod, ruled by owner)"
IC-93130,existence_flag,not_ic,2026-09-27,"Parti, L. L. C.: The passages identify the facility as 'Partco', a full-service industrial machine shop serving petrochemical and refining industries, which does not manufacture off-site construction components like m (web research review wr-prod, ruled by owner)"
IC-93131,existence_flag,not_ic,2026-09-27,"Parti, LLC: The passages identify Parti LLC as a General Contractor specializing in residential construction, renovation, and remodeling (e.g., kitchen/bathroom updates), not as a manufacturer of off-site constru (web research review wr-prod, ruled by owner)"
IC-93132,existence_flag,not_ic,2026-09-27,"Partnered Beverages LLC: Restaurant/beverage business: 'Partnered Beverages | Restaurants in Billings, MT'. (web research review wr-prod, ruled by owner)"
IC-93133,existence_flag,not_ic,2026-09-27,"Pasco County School District of: The passages identify the entity as Pasco County Schools, a public school district providing education services, not an industrial facility manufacturing off-site construction components. (web research review wr-prod, ruled by owner)"
IC-93139,existence_flag,not_ic,2026-09-27,"PEICO: The passages describe PIECO (note the spelling difference from PEICO) as a manufacturer of meat industry equipment such as grinders, sharpeners, and bone collectors, located in Manchester, IA. This is (web research review wr-prod, ruled by owner)"
IC-93143,existence_flag,not_ic,2026-09-27,"PFS Corporation (WI): PFS TECO headquarters is a testing, inspection and certification office, not a plant: 'provides independent third-party testing, inspection, and certification services'. (web research review wr-prod, ruled by owner)"
IC-93144,existence_flag,not_ic,2026-09-27,"PFS Corporation (TX): The passages identify the entity at the matching address (1612 East Park Boulevard, Plano, TX) as PFS Corporation, which is listed under NAICS categories for 'Inspection & Testing Services' and 'Housi (web research review wr-prod, ruled by owner)"
IC-93145,existence_flag,not_ic,2026-09-27,"PFS Corporation, NC: The passages identify the facility at 2109 Rainy Lake St in Wake Forest, NC as 'Pfs Corporation' dealing in 'Wood Products', 'Lumber Materials', and 'General Merchandise Stores'. This does not match t (web research review wr-prod, ruled by owner)"
IC-93148,existence_flag,not_ic,2026-09-27,"Pinellas County School District of: Pinellas County School District is a public school body, not a plant. (web research review wr-prod, ruled by owner)"
IC-93156,existence_flag,not_ic,2026-09-27,"Polarmatic/ Paper Making Control Svc. Inc.: A service firm: 'provides repair and maintenance services, parts and supplies for paper making control systems' / Polarmatic ice vending; nothing about building manufacturing. (web research review wr-prod, ruled by owner)"
IC-93157,existence_flag,not_ic,2026-09-27,"Polk County School District of: The passages identify the entity as Polk County Public Schools, a school district providing education, not a facility manufacturing off-site construction components. (web research review wr-prod, ruled by owner)"
IC-93169,existence_flag,not_ic,2026-09-27,"Precision Steel Works, LLC: Directory lists it only as steel erection/fabrication: 'Categories: Steel Erection Contractors, Fabrication Steel Manufacturers'. Nothing shows modular or other in-scope products. (web research review wr-prod, ruled by owner)"
IC-93173,existence_flag,not_ic,2026-09-27,"Premier of Montezuma: The passages at the record's address (241 Hamilton Road) identify the facility as Swartz Welding & Manufacturing, which produces gooseneck trailers and performs welding/job shop work, not off-site con (web research review wr-prod, ruled by owner)"
IC-93174,existence_flag,not_ic,2026-09-27,"Premier Portable Buildings: Shed dealer/builder: 'Premier Portable Buildings of Prattville is now Simply Sheds of Prattville' selling storage sheds and portable buildings. (web research review wr-prod, ruled by owner)"
IC-93182,existence_flag,not_ic,2026-09-27,"Progressive Building Systems, LLC: Sheet-metal cladding installer/contractor in an office suite ('Sheet Metal, Metal Installer ... 6551 Jansen Ave NE, Ste 201, Otsego MN'); no manufacturing of building systems. (web research review wr-prod, ruled by owner)"
IC-93183,existence_flag,not_ic,2026-09-27,"Progressive Engineering, Inc.: The passages indicate that Progressive Engineering, Inc. manufactures specialized production equipment, robotic automation, and metalworking machinery, not off-site construction components like modula (web research review wr-prod, ruled by owner)"
IC-93186,existence_flag,not_ic,2026-09-27,"Proteus Technical Solutions, Inc.: Integrates electronics into 'trailers, military shelters or vans' ('Mobile communications and command centers'); these are vehicles and shelters, not buildings in scope. (web research review wr-prod, ruled by owner)"
IC-93189,existence_flag,not_ic,2026-09-27,"Putnam County School District of: The passages identify the entity as a public school district (Putnam County School District) located at 200 Reid Street, Palatka, FL, which is an educational administrative office, not an industrial f (web research review wr-prod, ruled by owner)"
IC-93190,existence_flag,not_ic,2026-09-27,"Pyramid1, Inc.: Pyramid1 is an engineering/plan-review/inspection agency for the modular industry, not a manufacturer. (web research review wr-prod, ruled by owner)"
IC-93192,existence_flag,not_ic,2026-09-27,"Quality Electrical Systems, Inc.: The passages identify the facility as an 'electrical equipment manufacturer' serving data centers and industrial markets, which does not match the scope of off-site construction components like modula (web research review wr-prod, ruled by owner)"
IC-93193,existence_flag,not_ic,2026-09-27,"R&K Buildings, Inc.: Dealer of 'outdoor structures, including sheds, barns, carports, chicken coops, and kennels' (Milton/Pensacola lots), selling brands such as Circle E and Carolina Carports. (web research review wr-prod, ruled by owner)"
IC-93200,existence_flag,not_ic,2026-09-27,"Randall Offsite Construction, Inc.: The passages identify the facility as a general construction subcontractor with services including metal fabrication, electrician, plumber, and tilt wall construction, but do not mention manufacturing (web research review wr-prod, ruled by owner)"
IC-93209,existence_flag,not_ic,2026-09-27,"Reliable Construction Company, Inc.: The passages identify the facility as Reliable Contracting Company, Inc., which manufactures asphalt and aggregate and performs site work (paving, grading), not off-site construction components like m (web research review wr-prod, ruled by owner)"
IC-93215,existence_flag,not_ic,2026-09-27,"Richbay Manufacturing: The passages identify the entity as Richbay Chemicals, a manufacturer of specialty chemicals (degreasers, cleaners, acids), not off-site construction components like modular homes or panels. (web research review wr-prod, ruled by owner)"
IC-93220,existence_flag,not_ic,2026-09-27,"Robin Builders, Inc: Portable storage-shed factory: 'manufactures quality portable storage buildings, greenhouses, stucco sheds ... garages and garden sheds' (Lake Wales FL); sheds are ruled out. (web research review wr-prod, ruled by owner)"
IC-93221,existence_flag,not_ic,2026-09-27,"Robin Builders, Inc. - FL: Robin Builders makes 'portable storage buildings, greenhouses, stucco sheds... garden sheds' in Lake Wales: sheds, which are ruled out. (web research review wr-prod, ruled by owner)"
IC-93222,existence_flag,not_ic,2026-09-27,"Robin Builders, Inc. - Inactive: Shed maker: 'manufactures quality portable storage buildings, greenhouses, stucco sheds ... garden sheds' (sheds out of scope), and the record is already flagged Inactive. (web research review wr-prod, ruled by owner)"
IC-93223,existence_flag,not_ic,2026-09-27,"Robinson Custom Enclosures: Robinson Inc. De Pere contract fabrication of power-generation and battery enclosures, containers, tanks and trailers: 'turnkey products for the power generation industry including enclosures, containers, tanks and trail (web research review wr-prod, ruled by owner)"
IC-93225,existence_flag,not_ic,2026-09-27,"ROHN, Inc.: ROHN makes 'utility towers, guyed towers ... tower fabrication' in Peoria, not building components. (web research review wr-prod, ruled by owner)"
IC-93231,existence_flag,not_ic,2026-09-27,"Royal Outdoor Productss, Inc.: Plastics extruder: 'Vinyl fencing, decking, railing ... window profiles' (NAICS 326199). (web research review wr-prod, ruled by owner)"
IC-93244,existence_flag,not_ic,2026-09-27,"Saint Johns County School District of: Public school district office ('40 Orange Street, St. Augustine ... St. Johns County School District'); it owns relocatables but does not make them. (web research review wr-prod, ruled by owner)"
IC-93245,existence_flag,not_ic,2026-09-27,"Saint Lucie County School District of: The passages identify the entity as a public school district (St. Lucie Public Schools) located at 9461 Brandywine Lane, Port St. Lucie, FL. A school district is an educational administrative body, no (web research review wr-prod, ruled by owner)"
IC-93249,existence_flag,not_ic,2026-09-27,"Schneider Electric IT Mission Critical Services Inc.: The passages identify the entity as Schneider Electric IT Mission Critical Services, Inc., which designs, builds, and operates data centers (P3) and manufactures electrical equipment/components like t (web research review wr-prod, ruled by owner)"
IC-93251,existence_flag,not_ic,2026-09-27,"Schweitzer Engineering Laboratories, S.A. de C.V. dba SEL Me: SEL Mexico in San Luis Potosí makes electrical equipment ('fabricación de tableros'); non-IC and not in the US. (web research review wr-prod, ruled by owner)"
IC-93253,existence_flag,not_ic,2026-09-27,"SE-MAR Electric Inc.: West Seneca NY 'CONTROL PANEL MANUFACTURERS', industrial control panels and skids; the web passages are of the wrong firm (Cupertino Electric), but the evidence quotes are plainly non-IC. (web research review wr-prod, ruled by owner)"
IC-93256,existence_flag,not_ic,2026-09-27,"Seminole County School District of: The passages identify the entity as Seminole County Public Schools, a school district providing educational services, not an industrial facility manufacturing off-site construction components. (web research review wr-prod, ruled by owner)"
IC-93261,existence_flag,not_ic,2026-09-27,"SHED MOVING OF FL INC: The passages consistently describe the company as a 'shed moving' and transport service, not a manufacturing facility for off-site construction components. (web research review wr-prod, ruled by owner)"
IC-93263,existence_flag,not_ic,2026-09-27,"Sheds by W.W. Jones, Inc.: Shed maker: 'Custom Built Sheds & Garages', 'utility shed' (sheds out of scope). (web research review wr-prod, ruled by owner)"
IC-93271,existence_flag,not_ic,2026-09-27,"Sold Now Auto LLC/DBA Sold Now Modular: Page shows Sold Now Auto LLC in Sebring FL as 'auto dealer specializing in both new and used cars'; the 'Sold Now Modular' DBA suggests a home sales lot, not a plant. (web research review wr-prod, ruled by owner)"
IC-93273,existence_flag,not_ic,2026-09-27,"Southeast Building and Shed LLC: 'Florida's fastest growing portable shed manufacturer and steel building dealer' (sheds out of scope; steel buildings are resold). (web research review wr-prod, ruled by owner)"
IC-93276,existence_flag,not_ic,2026-09-27,"Southeastern Portable Buildings, Inc.: Shed maker: 'Storage Shed Manufacturer... Custom Storage Shed and Portable Building Manufacturer for Dealers'. (web research review wr-prod, ruled by owner)"
IC-93277,existence_flag,not_ic,2026-09-27,"Southeastern Seating, Inc: The passages confirm that Southeastern Seating, Inc. manufactures aluminum bleachers, press boxes, and handrails at the specified Tampa address, which are spectator seating and safety infrastructure p (web research review wr-prod, ruled by owner)"
IC-93278,existence_flag,not_ic,2026-09-27,"Southern Agcom, Inc.: The passages describe Southern AgCom as an agricultural equipment dealer, contractor, and machining/design company that builds feed mills and industrial plants, not off-site construction components li (web research review wr-prod, ruled by owner)"
IC-93281,existence_flag,not_ic,2026-09-27,"Southern Comfort Modular Inc: Retail dealer: 'Southern Comfort Mobile Home Center, Inc. is Florida's best locally owned and operated manufactured home dealer'; its homes are built by TownHomes in Lake City. (web research review wr-prod, ruled by owner)"
IC-93286,existence_flag,not_ic,2026-09-27,"Southern Storage Solutions, Inc.: 'handcrafted portable storage buildings' (sheds/barns) in Marianna FL; sheds out of scope. (web research review wr-prod, ruled by owner)"
IC-93289,existence_flag,not_ic,2026-09-27,"Space Master Manufacturing, Inc.: The passages identify the entity at the Coram, NY address as a furniture wholesaler/retailer (NAICS 423210) selling housewares and furniture, not a manufacturer of off-site construction components. (web research review wr-prod, ruled by owner)"
IC-93294,existence_flag,not_ic,2026-09-27,"Sportsfield Specialties, Inc: Athletic equipment maker: 'manufacturing, and delivery of athletic facility equipment' (goals, netting, benches). (web research review wr-prod, ruled by owner)"
IC-93296,existence_flag,not_ic,2026-09-27,"Starlite Manufacturing, Inc.: The passages indicate that Star-Lite Manufacturing, Inc. at this location is a CNC machining and metal fabrication shop (producing precision parts, turning, milling), not a manufacturer of off-site co (web research review wr-prod, ruled by owner)"
IC-93306,existence_flag,not_ic,2026-09-27,"Stewart Machine & Engineering Co., Inc: The passages state the plant manufactures fabricated structural metal components for bridges, hydropower, and aerospace, which is not off-site construction components like modular homes or panels. (web research review wr-prod, ruled by owner)"
IC-93309,existence_flag,not_ic,2026-09-27,"Storage Pro Manufacturing Cottondale: Portable storage shed maker ('Portable Storage Buildings | Storage Pro Manufacturing'); sheds are ruled out. (web research review wr-prod, ruled by owner)"
IC-93317,existence_flag,not_ic,2026-09-27,"Sumter County School District of: The passages identify the entity as the Sumter County School District, an educational administrative body, not a manufacturing facility for off-site construction components. (web research review wr-prod, ruled by owner)"
IC-93318,existence_flag,not_ic,2026-09-27,"Suncrest Sheds: The passages confirm that Suncrest Sheds manufactures sheds, storage buildings, and garages at the LaBelle address. Sheds are not listed as in-scope components (modular homes, panels, trusses, etc.) u (web research review wr-prod, ruled by owner)"
IC-93326,existence_flag,not_ic,2026-09-27,"Superior Sheds, Inc.: Storage-shed factory and retail lot: 'Florida's #1 storage shed manufacturer ... We manufacture all our sheds here'; sheds are ruled out (carports/steel buildings are resold). (web research review wr-prod, ruled by owner)"
IC-93327,existence_flag,not_ic,2026-09-27,"Superior Sheds, Inc. - OC: Florida shed factory ('Florida's #1 storage shed manufacturer ... We manufacture all our sheds here'); sheds are ruled out. (web research review wr-prod, ruled by owner)"
IC-93330,existence_flag,not_ic,2026-09-27,"Suwannee County School District of: A public school district ('Suwannee County School District ... high-quality education'). (web research review wr-prod, ruled by owner)"
IC-93339,existence_flag,not_ic,2026-09-27,"T.R. Arnold and Associates, Inc.: Engineering, plan review and third-party inspection firm (""TRA's services are comprised of engineering, plan review and in-plant inspection""), not a manufacturer. (web research review wr-prod, ruled by owner)"
IC-93340,existence_flag,not_ic,2026-09-27,"Tampa Armature Works,Inc: The passages identify the facility as an electric motor repair and industrial power solutions provider, which is not in scope for off-site construction components. (web research review wr-prod, ruled by owner)"
IC-93341,existence_flag,not_ic,2026-09-27,"Taylor County School District of: A public school district ('Taylor County School District ... serves over 2,500 P-12 students'). (web research review wr-prod, ruled by owner)"
IC-93343,existence_flag,not_ic,2026-09-27,"TCI dba RADCO (A Twining Company) Fountain Valley, Ca.: A third-party inspection agency: 'TCI-RADCO is a third-party inspector for manufactured homes, industrialized and modular buildings'. (web research review wr-prod, ruled by owner)"
IC-93345,existence_flag,not_ic,2026-09-27,"Technical Automation Services Company, LTD: The passages describe the company as providing industrial manpower, system integration, and electrical services for sectors like energy and petrochemicals, not manufacturing off-site construction comp (web research review wr-prod, ruled by owner)"
IC-93347,existence_flag,not_ic,2026-09-27,"Ted's Sheds, Inc.: Shed builder: 'manufacture OUTDOOR STORAGE SHEDS'; sheds are ruled out. (web research review wr-prod, ruled by owner)"
IC-93350,existence_flag,not_ic,2026-09-27,"THE ICE BUCKET: Makes vinyl ice buckets and barware: 'state of the art vinyl heat sealing plant'. (web research review wr-prod, ruled by owner)"
IC-93358,existence_flag,not_ic,2026-09-27,"Timeless Travel Trailers, LLC: Airstream RV repair and customization shop ('Airstream Repair, Maintenance, and Customization'). (web research review wr-prod, ruled by owner)"
IC-93362,existence_flag,not_ic,2026-09-27,"Top Line Engineering, LLC: Custom machinery/automation shop in Holland MI: 'one stop source to solve problems on your manufacturing floor ... PARTS'. (web research review wr-prod, ruled by owner)"
IC-93371,existence_flag,not_ic,2026-09-27,"Triton Manufacturing, Inc.: Both candidate Triton Manufacturing plants are non-IC: metal stamping/roll forming (Farley IA) and 'flexible power cable assemblies, custom machined bus bars' (Monee IL); neither matches the record's contacts. (web research review wr-prod, ruled by owner)"
IC-93373,existence_flag,not_ic,2026-09-27,"TruWorth Buildings, LLC: Portable storage building maker selling through dealers ('high-quality, customizable portable buildings... cabins, garages, and utility buildings'), i.e. sheds, which are out of scope. (web research review wr-prod, ruled by owner)"
IC-93375,existence_flag,not_ic,2026-09-27,"Tuff Shed, Orlando, store 520.: Tuff Shed store: '520 - Orlando (Showroom & Sales Office)' selling sheds and garages, not a plant. (web research review wr-prod, ruled by owner)"
IC-93376,existence_flag,not_ic,2026-09-27,"Tuff Shed, Tampa #470: Tuff Shed retail store/showroom for sheds (""512 Jetton Street Tampa ... Store Hours""); sheds and showrooms are excluded by the owner. (web research review wr-prod, ruled by owner)"
IC-93377,existence_flag,not_ic,2026-09-27,"Twice the Ice Mobile Vendor, Inc.: Ice and water vending: 'successfully place over 3,300 ice & water vending machines'. (web research review wr-prod, ruled by owner)"
IC-93381,existence_flag,not_ic,2026-09-27,"Underwriters Laboratories, Inc: The passages identify the facility at 333 Pfingsten Road as UL Solutions Headquarters, a laboratory and office for testing and certification services, not a manufacturing plant for off-site constructi (web research review wr-prod, ruled by owner)"
IC-93383,existence_flag,not_ic,2026-09-27,"Unified Floor, Inc.: The passages identify the entity as 'Unified Flooring Inc' (or similar) and explicitly state its business is 'flooring installation, repair' and it holds a 'Flooring And Floor Covering' license. This (web research review wr-prod, ruled by owner)"
IC-93384,existence_flag,not_ic,2026-09-27,"Union County School District of: The passages identify the entity as a public school district (Union County Schools) located at 130 West Main Street, Union, SC. A school district is an educational administrative body, not an industri (web research review wr-prod, ruled by owner)"
IC-93390,existence_flag,not_ic,2026-09-27,"United Rentals: Equipment rental branch ('Find heavy equipment and tools for rent'). (web research review wr-prod, ruled by owner)"
IC-93398,existence_flag,not_ic,2026-09-27,"Valtronics Solutions: The passages indicate that Valtronics Solutions manufactures engineered measurement and control systems, meter skids, and enclosures for the natural gas industry, which are industrial components rathe (web research review wr-prod, ruled by owner)"
IC-93401,existence_flag,not_ic,2026-09-27,"Vertiv: Ironton plant is classed as making 'Air-Conditioning and Warm Air Heating Equipment' (NAICS 333415); Vertiv's prefabricated modular data centers are not shown at this site. (web research review wr-prod, ruled by owner)"
IC-93405,existence_flag,not_ic,2026-09-27,"Volusia County School District of: The passages identify the entity as the Volusia County School District, a government educational agency managing school facilities and construction projects, not an industrial facility manufacturing m (web research review wr-prod, ruled by owner)"
IC-93407,existence_flag,not_ic,2026-09-27,"Wakulla County School District of: The passages identify the entity as a public school district and administrative office, not an industrial facility manufacturing off-site construction components. (web research review wr-prod, ruled by owner)"
IC-93408,existence_flag,not_ic,2026-09-27,"walden: The passages indicate that Walden Machine specializes in precision machining for the Oil and Gas and Satellite Communications industries, not off-site construction components like modular homes or pan (web research review wr-prod, ruled by owner)"
IC-93410,existence_flag,not_ic,2026-09-27,"Walton County School District of: The passages identify the entity as Walton County School District, an educational organization operating schools in Georgia and Florida, not a manufacturing facility for off-site construction componen (web research review wr-prod, ruled by owner)"
IC-93419,existence_flag,not_ic,2026-09-27,"WeatherKing - Bushnell FL: The passages identify the facility at 5925 SW 20th Dr, Bushnell, FL as a U-Haul Neighborhood Dealer and a sales location for portable buildings/sheds, not a manufacturing plant for off-site constructi (web research review wr-prod, ruled by owner)"
IC-93421,existence_flag,not_ic,2026-09-27,"WeatherKing - GA: The passages identify WeatherKing as a brand of HVAC equipment (furnaces, air conditioners, heat pumps) manufactured by Rheem, not off-site construction components like modular homes or panels. The ad (web research review wr-prod, ruled by owner)"
IC-93424,existence_flag,not_ic,2026-09-27,"Whiting-Turner Contracting Co.: The passages identify Whiting-Turner as a construction management and general contracting firm with office locations, not a manufacturing plant producing off-site construction components. (web research review wr-prod, ruled by owner)"
IC-93437,existence_flag,not_ic,2026-09-27,"Williams Scotsman, Inc - Thorpe: WillScot sales/rental branch ('storage containers, office trailers, cold storage containers, and portable restrooms'), not a plant. (web research review wr-prod, ruled by owner)"
IC-93445,existence_flag,not_ic,2026-09-27,"Wooley Sheds, Inc.: The passages identify the facility as 'Wooley Manufacturing' in Flint, Michigan, which produces custom tube bending and metal fabrication services for automotive and HVAC industries, not off-site cons (web research review wr-prod, ruled by owner)"
IC-93446,existence_flag,not_ic,2026-09-27,"Wright Shed Company LLC.: Shed maker ('custom sheds, garages, and chicken coops'), and this address is a 'Sales Office and Display Lot'; the owner has ruled sheds out. (web research review wr-prod, ruled by owner)"
IC-93450,existence_flag,not_ic,2026-09-27,"Yoder Portable Buildings: Portable storage shed dealer office ('sells storage sheds, storage barns, cabins, garages'); the owner has ruled sheds out. (web research review wr-prod, ruled by owner)"
IC-93451,existence_flag,not_ic,2026-09-27,"Yoder Storage Buildings: Portable shed builder (""Economy Storage Buildings, Utility Sheds, Storage Barns, Playhouses""); sheds are excluded by the owner. (web research review wr-prod, ruled by owner)"
IC-93453,existence_flag,not_ic,2026-09-27,"Zebra, Inc.: The passages identify the entity at the listed locations as Zebra Technologies Corporation, which manufactures bar code printers and data capture technology, not off-site construction components. (web research review wr-prod, ruled by owner)"
IC-93463,existence_flag,not_ic,2026-09-27,"AMERICAN POWER INNOVATIONS: The passages identify the company at this location (American Power Innovations) as an electrical supplier and contractor specializing in electrical design, engineering, and power generation, not off-s (web research review wr-prod, ruled by owner)"
IC-93464,existence_flag,not_ic,2026-09-27,"American Products: The passages confirm the plant at this address manufactures metal enclosures, stampings, and fabricates metal components for telecommunications and electronic equipment. This does not match the record (web research review wr-prod, ruled by owner)"
IC-93465,existence_flag,not_ic,2026-09-27,"PEMCO Corporation: The Bluefield PEMCO site makes electrical gear, not metal buildings: 'DC power supplies, rectifiers ... power distribution/PLC panels'. (web research review wr-prod, ruled by owner)"
IC-93468,existence_flag,not_ic,2026-09-27,"Astec Inc: Makes asphalt, aggregate and concrete plant equipment ('Aggregates, Asphalt, Concrete & Road Equipment'). (web research review wr-prod, ruled by owner)"
IC-93474,existence_flag,not_ic,2026-09-27,"Blackhawk Equipment: Compressed air and vacuum equipment distributor and service firm (""WE OFFER RELIABLE COMPRESSED AIR VACUUM PUMPING COOLING SYSTEMS""). (web research review wr-prod, ruled by owner)"
IC-93485,existence_flag,not_ic,2026-09-27,"CCSI INTERNATIONAL, INC: Aluminum-and-glass pool/spa enclosures and retractable roofs: 'creates custom designed pool enclosures and sunrooms'; not IC building components. (web research review wr-prod, ruled by owner)"
IC-93487,existence_flag,not_ic,2026-09-27,"CONCEPT UNLIMITED: Makes ATM kiosks and signs ('Leading Manufacturer of ATM Kiosks, ATM Enhancements, and Signs'). (web research review wr-prod, ruled by owner)"
IC-93489,existence_flag,not_ic,2026-09-27,"Contech Control Services: The passages identify Contech Control Services as an engineering, fabrication, and construction services provider for the energy and chemical industries, not a manufacturer of off-site construction co (web research review wr-prod, ruled by owner)"
IC-93499,existence_flag,not_ic,2026-09-27,"DAKOTA PUMP, LLC: The passages confirm that Dakota Pump, LLC at the specified address manufactures water pump stations and sewage systems, which are not off-site construction components like modular homes or panels. (web research review wr-prod, ruled by owner)"
IC-93500,existence_flag,not_ic,2026-09-27,"Dant Clayton Corporation: Makes stadium seating, bleachers and grandstands (""Stadium seating, aluminum bleachers, and custom grandstands""), not building components. (web research review wr-prod, ruled by owner)"
IC-93506,existence_flag,not_ic,2026-09-27,"Eaton Corp (Pedersen Power Products): The passages confirm the plant at this address manufactures switchgear, relay, and industrial control equipment (electrical components), not off-site construction components like modular homes or pane (web research review wr-prod, ruled by owner)"
IC-93507,existence_flag,not_ic,2026-09-27,"EK MACHINE CO., INC., PLANT 2: The passages confirm that the plant at 465 EK Way is part of EK Machine Co., Inc. and manufactures power system packaging (enclosures, fuel tanks) and metal components via fabrication/machining, not o (web research review wr-prod, ruled by owner)"
IC-93528,existence_flag,not_ic,2026-09-27,"Hub Machine & Tool, Inc.: The passages describe the facility as a metal fabrication, oil field repair, and CNC machining shop, which does not match the in-scope products for off-site construction components like modular homes (web research review wr-prod, ruled by owner)"
IC-93535,existence_flag,not_ic,2026-09-27,"International Cold Storage: The passages confirm the facility at this address manufactures commercial and industrial refrigeration equipment (walk-in coolers, freezers, blast chillers), which is not off-site construction compone (web research review wr-prod, ruled by owner)"
IC-93546,existence_flag,not_ic,2026-09-27,"MAC PRODUCTS, INC.: Makes electrical utility components and pressurizing skids ('Busbars', 'Pipe-type Cable System Components', 'Self-Contained Skid Units'), not buildings. (web research review wr-prod, ruled by owner)"
IC-93548,existence_flag,not_ic,2026-09-27,"Max Manufacturing, Inc.: Makes ice vending machines, cold-storage trailers and farm equipment ('Just-Ice Vending Machines, Just Chillin Mobile Cold Storage Trailers'). (web research review wr-prod, ruled by owner)"
IC-93558,existence_flag,not_ic,2026-09-27,"MORTENSON INNOVATION LAB: A general contractor's R&D/prototyping lab ('BLUlabs is Mortenson's research, prototyping, and low-volume manufacturing facility in Fridley'), with prefab electrical assemblies; not an IC production plant, and the record (web research review wr-prod, ruled by owner)"
IC-93565,existence_flag,not_ic,2026-09-27,"nVent Enclosure Systems LLC: nVent Enclosure Systems plant is NAICS 332999 fabricated metal products; general knowledge: nVent makes electrical/electronics enclosures, which are out of scope. (web research review wr-prod, ruled by owner)"
IC-93573,existence_flag,not_ic,2026-09-27,"PDC Facilities, Inc.: Address is 'PDC Corporate Offices'; the company makes MRI RF shielding and 'Cassette Relocatable Imaging Suites' installed inside hospitals, not building components. (web research review wr-prod, ruled by owner)"
IC-93582,existence_flag,not_ic,2026-09-27,"Powell Electrical Systems, Inc.(Ohio): North Canton site is NAICS '335314 Relay and Industrial Control Manufacturing' making switchgear; no evidence of e-house/PCR building here. (web research review wr-prod, ruled by owner)"
IC-93583,existence_flag,not_ic,2026-09-27,"POWERCON CORPORATION: Passages describe manufacturing of metal‑clad and metal‑enclosed switchgear, which are not off‑site construction components. (web research review wr-prod, ruled by owner)"
IC-93584,existence_flag,not_ic,2026-09-27,"POWERGRID SOLUTIONS, LLC: The passages confirm that Powergrid Solutions at 3110 Progress Dr manufactures power, distribution, and specialty transformers (NAICS 335311) and provides metal coating/galvanizing services. Transform (web research review wr-prod, ruled by owner)"
IC-93587,existence_flag,not_ic,2026-09-27,"PROBUILD CO., LLC: ProBuild Osakis is a 'Building Materials Store' / lumber yard; no manufacturing evidence. (web research review wr-prod, ruled by owner)"
IC-93595,existence_flag,not_ic,2026-09-27,"RIVERSIDE BLDG. CTR.: The passages identify the facility as a 'Do it Best' hardware store and retail trade location, which is not an industrial plant manufacturing off-site construction components. (web research review wr-prod, ruled by owner)"
IC-93623,existence_flag,not_ic,2026-09-27,"SYSTECON LLC.: Passages describe Systecon as a manufacturer of water system components, not off‑site construction components. (web research review wr-prod, ruled by owner)"
IC-93625,existence_flag,not_ic,2026-09-27,"Whiting-Turner Contracting Company: The passages identify Whiting-Turner as a general contractor and construction management firm, not a manufacturer of off-site construction components. The Orangeburg County directory lists 'Whiting Tu (web research review wr-prod, ruled by owner)"
IC-93626,existence_flag,not_ic,2026-09-27,"THE WHITING - TURNER CONTRACTING COMPANY: The passages identify the entity at the Orangeburg location as a General Contractor hiring for on-site construction project management roles, not a manufacturing plant producing off-site components. (web research review wr-prod, ruled by owner)"
IC-93630,existence_flag,not_ic,2026-09-27,"TRIVAN: TriVan makes 'Custom Enclosed Truck Bodies, Trailers and Van upfitting': vehicles. (web research review wr-prod, ruled by owner)"
IC-93800,existence_flag,not_ic,2026-09-27,"Genesee Career Institute: The passages identify the facility as Genesee Career Institute, a vocational school providing instruction in various trades (including construction), not a manufacturing plant producing off-site const (web research review wr-prod, ruled by owner)"
IC-93804,existence_flag,not_ic,2026-09-27,"Chippewa Valley Schools: Passages identify the location as a high school, not a manufacturing plant. (web research review wr-prod, ruled by owner)"
IC-93816,existence_flag,not_ic,2026-09-27,"SWITZER INDUSTRIES, INC: The passages confirm that Switzer Industries, Inc. at 2616 S 3rd St manufactures fiberglass shelters and equipment enclosures (All Other Plastics Product Manufacturing), which are not off-site constru (web research review wr-prod, ruled by owner)"
IC-93817,existence_flag,not_ic,2026-09-27,"Southwestern Michigan College: The passages identify the facility as Southwestern Michigan College, an educational institution with campuses in Dowagiac and Niles, not a manufacturing plant for off-site construction components. (web research review wr-prod, ruled by owner)"
IC-93818,existence_flag,not_ic,2026-09-27,"SBS CISCO INC. DBA CUSTOM INSTRUMENTATION SERVICES CORPORATI: Company provides design and assembly of custom continuous emission monitoring systems, not off‑site construction components. (web research review wr-prod, ruled by owner)"
IC-93830,existence_flag,not_ic,2026-09-27,"Van Buren Tech: The passages identify Van Buren Tech as a vocational/technical high school (Vocational school) in Lawrence, MI, not an industrial facility manufacturing off-site construction components. (web research review wr-prod, ruled by owner)"
IC-93838,existence_flag,not_ic,2026-09-27,"Michigan Storage Barns - Plant 2: The passages identify the facility at 5464 N. Lapeer Rd as a 'sales office' and 'sales lot' for sheds and barns, not a manufacturing plant. The text explicitly states 'ADDRESS-Shed Sales Lots', indica (web research review wr-prod, ruled by owner)"
IC-93845,existence_flag,not_ic,2026-09-27,"B & R Sales and Leasing - Plant 1: 8510 Algoma Ave is a sales, leasing and display lot ('one of the largest display lots in Michigan', 'official dealer of Old Hickory backyard storage sheds'); no manufacturing shown. (web research review wr-prod, ruled by owner)"
IC-93859,existence_flag,not_ic,2026-09-27,"TECHNICAL AUTOMATION SERVICES COMPANY (TASC): The passages describe TASC as a provider of 'Turn-Key Plant Services', 'Industrial Manpower', 'System Integration', and 'Analyzer' services for industries like petrochemical and refining, not as a man (web research review wr-prod, ruled by owner)"
IC-93860,existence_flag,not_ic,2026-09-27,"RUSSELL MANUFACTURING & FABRICATING, INC.: Metal job shop: 'involved in the production of instrument panels and metal fabrications'. (web research review wr-prod, ruled by owner)"
IC-93864,existence_flag,not_ic,2026-09-27,"Concept Unlimited: Makes ATM kiosks and signs: 'Leading Manufacturer of ATM Kiosks, ATM Enhancements, and Signs'. (web research review wr-prod, ruled by owner)"
IC-93871,existence_flag,not_ic,2026-09-27,"AIRCOOLER CORPORATION: The passages confirm that Aircooler Corporation manufactures cold storage solutions (walk-in coolers and freezers) at the address 1719 Floradale Avenue. Cold storage units are insulated sandwich panel (web research review wr-prod, ruled by owner)"
IC-93878,existence_flag,not_ic,2026-09-27,"Amerikooler LLC: The passages confirm that Amerikooler LLC manufactures commercial refrigeration equipment, specifically walk-in coolers and freezers, at the address 575 East 10th Ave. This product category is not inc (web research review wr-prod, ruled by owner)"
IC-93879,existence_flag,not_ic,2026-09-27,"VIACON INC: The passages indicate that Viacon Inc. at the Stockbridge, GA location manufactures custom interior casework, laminated surfaces, and architectural millwork for commercial/retail interiors, which are (web research review wr-prod, ruled by owner)"
IC-93891,existence_flag,not_ic,2026-09-27,"EZ SYSTEMS: Makes interior demountable wall systems, ramps and carpet bars for modular buildings ('EZ Mod Walls'), not building modules or structural panels. (web research review wr-prod, ruled by owner)"
IC-93895,existence_flag,not_ic,2026-09-27,"KOLPAK (WELBILT): The passages confirm that Kolpak manufactures walk-in coolers, freezers, and refrigeration systems at this address, which are food service equipment products, not off-site construction components like (web research review wr-prod, ruled by owner)"
IC-93897,existence_flag,not_ic,2026-09-27,"AMERICAN VAULT CORPORATION: Makes vault doors, safes and security equipment: 'full line manufacturer of Financial and Physical Security equipment'. (web research review wr-prod, ruled by owner)"
IC-93909,existence_flag,not_ic,2026-09-27,"FIDELITY MANUFACTURING LLC: Makes generator enclosures, fuel tanks and stairs/platforms ('custom welded aluminum tube frame enclosures for all equipment'), which are equipment housings, not buildings. (web research review wr-prod, ruled by owner)"
IC-93912,existence_flag,not_ic,2026-09-27,"CellSite Solutions, LLC: The passages confirm that CellSite Solutions operates at 4150 C St SW, Cedar Rapids, IA, but their manufacturing activity is the remanufacturing of telecom shelters and civil construction services, wh (web research review wr-prod, ruled by owner)"
IC-93923,existence_flag,not_ic,2026-09-27,"KILN DIRECT: Kiln-direct makes lumber/pallet drying kilns and dip tanks: equipment, not buildings. (web research review wr-prod, ruled by owner)"
IC-93927,existence_flag,not_ic,2026-09-27,"BOXKILL LLC: The passages identify Boxkill LLC as a General Contractor in Sisters, OR, and the website boxkill.com sells space-saving furniture, which is not an off-site construction component manufacturing plant. (web research review wr-prod, ruled by owner)"
IC-93934,existence_flag,not_ic,2026-09-27,"WALSH CONSTRUCTION CO: The passages identify the facility at 2905 SW 1st Ave as a corporate headquarters and office for Walsh Construction Co., which is a general contractor building communities, not a manufacturing plant p (web research review wr-prod, ruled by owner)"
IC-93940,existence_flag,not_ic,2026-09-27,"Harvard Integrations: The passages confirm that Harvard Integrations at this address manufactures power distribution centers, generator enclosures, and skids, which are industrial components/enclosures, not off-site constr (web research review wr-prod, ruled by owner)"
IC-93942,existence_flag,not_ic,2026-09-27,"ACS Manufacturing Inc.: Makes acoustical generator/turbine enclosures, fuel tanks and skids, which are equipment housings: 'manufacturer of acoustical equipment enclosures, fuel tanks, turbine systems and skids'. (web research review wr-prod, ruled by owner)"
IC-93946,existence_flag,not_ic,2026-09-27,"COMPANION SYSTEMS INC: The passages explicitly state that Companion Systems manufactures ATM surrounds, kiosks, and enclosures for the ATM industry, not off-site construction components like modular homes or panels. The can (web research review wr-prod, ruled by owner)"
IC-93955,existence_flag,not_ic,2026-09-27,"ROBINSON INC, A CORPORATION OF WISCONSIN: 1580 Mid Valley Dr is listed as 'DP1 Corporate Office' of a contract metal fabricator (weldments, skids, enclosures, BESS); no building products are shown. (web research review wr-prod, ruled by owner)"
IC-93957,existence_flag,not_ic,2026-09-27,"PROFESSIONAL POWER PRODUCTS INC: Makes generator power modules ('platforms, housings and electrical equipment that house backup diesel generators'), fuel tanks and switchgear, which are equipment housings, not buildings. (web research review wr-prod, ruled by owner)"
IC-93963,existence_flag,not_ic,2026-09-27,"PACIFIC ENCLOSURES LTD: The record has no US location, and the only plant shown is in Canada: 'Plant: 26221 30A Avenue, Aldergrove, BC'. (web research review wr-prod, ruled by owner)"
IC-93964,existence_flag,not_ic,2026-09-27,"KLAMATH CO BUILDING DIVISION: County permit office: 'Building Division | Klamath County, OR' handling permits and inspections. (web research review wr-prod, ruled by owner)"
IC-94076,existence_flag,not_ic,2026-09-27,"ABB INC: The passages identify the facility at 3700 W Sam Houston Pkwy South (near the record's location) as an ABB hub for automation, electrification, and digital solutions, not a manufacturer of off-site co (web research review wr-prod, ruled by owner)"
IC-94080,existence_flag,not_ic,2026-09-27,"APPLIED CONTROLS SYSTEMS INTEGRATION: The passages identify the facility at 10325 East 58th Street as Applied Controls, which is a manufacturer's representative and integrator of industrial process controls (heating systems, analyzers, el (web research review wr-prod, ruled by owner)"
IC-94081,existence_flag,not_ic,2026-09-27,"ARMSTRONG PUMPS INC: Pump maker: 'Circulators, Valves and Fittings ... pumps, Pressure Booster systems, Fire pump packages', not building modules. (web research review wr-prod, ruled by owner)"
IC-94088,existence_flag,not_ic,2026-09-27,"BASSETT INC.: The passages identify the facility at 1215 E Hyland Ave as a manufacturing plant for Bassett Mechanical, which specializes in industrial refrigeration, HVAC, plumbing, and metal fabrication. These ser (web research review wr-prod, ruled by owner)"
IC-94091,existence_flag,not_ic,2026-09-27,"BLACKHAWK EQUIPMENT INC: Equipment distributor: 'the premier rotary screw, oil free, and centrifugal air compressor distributor in Colorado'. (web research review wr-prod, ruled by owner)"
IC-94105,existence_flag,not_ic,2026-09-27,"CURRENT POWER SOLUTIONS INC: The passages confirm that Current Power Solutions Inc. is located at 5050 W Greens Road, Houston, TX, but they describe the company as manufacturing electrical equipment (transformers, generators, swi (web research review wr-prod, ruled by owner)"
IC-94108,existence_flag,not_ic,2026-09-27,"DATA SPECIALTIES INC: Data-center design/install office (""OFFICES ... 8400 Kass Drive Buena Park""); it installs third-party HP PODs and does not manufacture. (web research review wr-prod, ruled by owner)"
IC-94111,existence_flag,not_ic,2026-09-27,"EMEDE-ELECTRIC: The passages identify the entity as an importer of electric materials and heaters, not a manufacturer of off-site construction components like modular homes or panels. (web research review wr-prod, ruled by owner)"
IC-94114,existence_flag,not_ic,2026-09-27,"EPIC INDUSTRIAL INC: I&E contractor: 'the premier I&E contractor for the petrochemical and heavy industrial segments', 'turn-key electrical construction'; no buildings described. (web research review wr-prod, ruled by owner)"
IC-94115,existence_flag,not_ic,2026-09-27,"Equipment Management Services, LLC.: Container sales/rental and trucking business (""Storage Containers ... Container Sales/rental/repair""), with no manufacturing evidence and a different address. (web research review wr-prod, ruled by owner)"
IC-94123,existence_flag,not_ic,2026-09-27,"HORIBA INSTRUMENTS INCORPORATED: The passages confirm that HORIBA Instruments Incorporated operates a factory at 5390 Bay Oaks Drive, Pasadena, TX, but it manufactures sample systems and enclosures for analytical instruments (stack g (web research review wr-prod, ruled by owner)"
IC-94130,existence_flag,not_ic,2026-09-27,"Lane Supply, Inc.: The passages confirm that Lane Supply, Inc. manufactures structural steel canopies and related components at the Arlington address, which are not off-site construction components like modular homes or (web research review wr-prod, ruled by owner)"
IC-94146,existence_flag,not_ic,2026-09-27,"NYATI ENGINEERING LLC: The passages identify the entity as an engineering firm specializing in 'Design and Engineering' for industrial and energy sectors, not a manufacturing plant producing off-site construction components (web research review wr-prod, ruled by owner)"
IC-94148,existence_flag,not_ic,2026-09-27,"PATON ENGINEERS AND CONSTRUCTORS (U.S.) INC.: EPC/automation firm leasing a warehouse; its fabrication is control panels ('Panel Fabrication', 'electrical integration, automation, and control systems'), not buildings. (web research review wr-prod, ruled by owner)"
IC-94149,existence_flag,not_ic,2026-09-27,"PDC FACILITIES INC: 'PDC Corporate Offices 700 Walnut Ridge Dr.'; the business is 'MRI Shielding + Imaging Suite Solutions' (room shielding and interiors), not building systems. (web research review wr-prod, ruled by owner)"
IC-94152,existence_flag,not_ic,2026-09-27,"PT. WASCO ENGINEERING INDONESIA: Non-US yard in Batam, Indonesia making oil and gas modules ('Modules for FPSO, FSRU, FLNG ...'); outside the US database. (web research review wr-prod, ruled by owner)"
IC-94154,existence_flag,not_ic,2026-09-27,"QUALITY ELECTRICAL SYSTEMS: The passages identify the plant at this address as manufacturing 'All Other Miscellaneous Fabricated Metal Product Manufacturing' (NAICS 332999), which does not match the scope of off-site constructio (web research review wr-prod, ruled by owner)"
IC-94155,existence_flag,not_ic,2026-09-27,"QUALITY LININGS AND PAINTING INC: The passages confirm that Quality Linings & Painting operates a facility at 8250 E 40th Avenue, but its capabilities are limited to industrial coating services such as powder coating, sandblasting, ru (web research review wr-prod, ruled by owner)"
IC-94172,existence_flag,not_ic,2026-09-27,"TRICORE INDUSTRIAL MEASUREMENT SERVICES LLC: The passages identify the entity as 'TriCore Industrial Measurement Services, LLC' with a general industry code of '0 - General', indicating it is a measurement services or administrative entity, not (web research review wr-prod, ruled by owner)"
IC-94173,existence_flag,not_ic,2026-09-27,"TRYSTAR LLC: Electrical power equipment maker (cables, transfer switches, NEMA enclosures): 'Trystar is a market-leading designer and manufacturer of electrical power solutions'. (web research review wr-prod, ruled by owner)"
IC-94184,existence_flag,not_ic,2026-09-27,"YOKOGAWA CORPORATION OF AMERICA: Control systems, monitoring and pump repair services ('Pump Repair, Replacement Parts ...'), not building manufacture. (web research review wr-prod, ruled by owner)"
IC-94187,existence_flag,not_ic,2026-09-27,"ACE CRANES & ENGINEERING FZ-LLC: Not a US site; the plant is in the UAE: 'Ras AL Khaimah Investment Athourity Free Zone, UAE'. (web research review wr-prod, ruled by owner)"
IC-94188,existence_flag,not_ic,2026-09-27,"AIR MATRIX SALES LP: The passages identify Air Matrix Sales LP as a General Contractor specializing in HVAC services, not a manufacturer of off-site construction components. (web research review wr-prod, ruled by owner)"
IC-94191,existence_flag,not_ic,2026-09-27,"AUDUBON COMPANIES LLC: Record site is a 'Technology Center 9925 Regal Row' for EPC/controls; fabrication (oil & gas process modules) is done by Opero Energy at a different site. (web research review wr-prod, ruled by owner)"
IC-94192,existence_flag,not_ic,2026-09-27,"AUTOMATION & ELECTRONICS, INC.: Electrical engineering, controls and panel services firm ('turnkey electrical engineering, design, and fabrication'); no building or truss manufacture shown. (web research review wr-prod, ruled by owner)"
IC-94194,existence_flag,not_ic,2026-09-27,"BENTLEY WELDING, INC.: Welding and fabrication shop making pressure vessels, aisle-containment frames and field services: 'U-4 Manufacture of pressure vessels at the above location'. (web research review wr-prod, ruled by owner)"
IC-94196,existence_flag,not_ic,2026-09-27,"COASTAL ENERGY FABRICATION, INC.: The passages indicate that Coastal Energy Fabrication manufactures analyzer shelters, MCC buildings, and power distribution centers for the energy sector, which are not off-site construction component (web research review wr-prod, ruled by owner)"
IC-94215,existence_flag,not_ic,2026-09-27,"INDUSTRIAL ANALYZER SERVICES, LLC.: The passages indicate the facility at 311 Almedia Road is an 'Integration Shop' and 'Workshop' for industrial analyzer systems, CEMS, PLCs, and control systems, which are not off-site construction com (web research review wr-prod, ruled by owner)"
IC-94222,existence_flag,not_ic,2026-09-27,"MARTCO-MFG, LLC: The passages confirm the plant at 4094 US Hwy 281 N manufactures stadium bleachers, press boxes, and sports facility structures, which are not off-site construction components like modular homes or st (web research review wr-prod, ruled by owner)"
IC-94229,existence_flag,not_ic,2026-09-27,"PLC CONSTRUCTION INC: Energy-sector fab shop making ""spools, skids, control panels, enclosures, and pressure vessels"" with a PO Box address; there are no building components. (web research review wr-prod, ruled by owner)"
IC-94230,existence_flag,not_ic,2026-09-27,"POWER SERVICE: Oil & gas fabricator: 'custom lease automatic custody transfer (LACT) units, vapor recovery units (VRU), ASME code vessels and water production skids'. (web research review wr-prod, ruled by owner)"
IC-94232,existence_flag,not_ic,2026-09-27,"POWERTEC DISTRIBUTION & MOTOR CONTROL CORPORATION: Switchgear/motor control maker ('main distribution panels ... service entrance equipment'), not building components. (web research review wr-prod, ruled by owner)"
IC-94240,existence_flag,not_ic,2026-09-27,"SCHNEIDER ELECTRIC IT CORPORATION: The passages identify the entity at this location as Schneider Engineering & Technology, a low-voltage contracting firm providing structured cabling, AV, and security services, which does not manufact (web research review wr-prod, ruled by owner)"
IC-94246,existence_flag,not_ic,2026-09-27,"STELLAR ENERGY AMERICAS INC: Makes energy/cooling equipment ('turbine inlet air chilling ... modular cooling systems ... piping and skids'), not buildings. (web research review wr-prod, ruled by owner)"
IC-94247,existence_flag,not_ic,2026-09-27,"STELLAR ENERGY AMERICAS, INC.: Makes energy and cooling equipment and skids, not buildings: 'Turbine Inlet Air Chilling systems' and 'modular equipment to aid power suppliers'. (web research review wr-prod, ruled by owner)"
IC-94455,existence_flag,not_ic,2026-09-27,"A-1 MOBILE STORAGE SERVICE LLC: Storage-container and mobile-office rental firm with a container customization shop: 'full-service provider of on-site mobile storage trailers, customized containers and mobile offices'. (web research review wr-prod, ruled by owner)"
IC-94465,existence_flag,not_ic,2026-09-27,"BASILE INC: Hospitality design/fabrication studio making interiors, furniture and custom elements ('design-obsessed, experience-driven hospitality firm'); its one 'part ... prefab' spec home is not plant production. (web research review wr-prod, ruled by owner)"
IC-94467,existence_flag,not_ic,2026-09-27,"BIZON GROUP INC: The passages identify the facility at 17100 S Harlan Rd (the candidate address matching the record's location) as 'Other Metal Container Manufacturing' (NAICS 332439), which is not in scope for off-si (web research review wr-prod, ruled by owner)"
IC-94470,existence_flag,not_ic,2026-09-27,"CALIFORNIA PRISON INDUSTRY AUTHORITY - CALPIA: The passages confirm the plant is located at 560 East Natoma St, Folsom, CA, but describe it as a prison industry facility manufacturing apparel, furniture, and other general goods, not off-site const (web research review wr-prod, ruled by owner)"
IC-94477,existence_flag,not_ic,2026-09-27,"CONSOLIDATED ANALYTICAL SYSTEMS INC: The passages confirm that Consolidated Analytical Systems Inc. at the specified address manufactures monitoring systems, shelters, and trailers for air quality and natural gas pipelines, which are not (web research review wr-prod, ruled by owner)"
IC-94484,existence_flag,not_ic,2026-09-27,"EXELOO CORPORATION: San Luis Obispo address is a US sales office ('Email: sales.usa@exeloo.com', Suite 100); toilets are made abroad. (web research review wr-prod, ruled by owner)"
IC-94490,existence_flag,not_ic,2026-09-27,"IKONIQ INC: The passages confirm that Ikoniq operates at 2370 Firehall Road in Canandaigua, NY, but explicitly state they manufacture 'carts, kiosks, and containers' for venues and stadiums, which are not off-sit (web research review wr-prod, ruled by owner)"
IC-94503,existence_flag,not_ic,2026-09-27,"MCGRATH RENTCORP: Livermore is corporate offices plus an inventory/refurbishment yard for rental modulars; the 10-K says 'Enviroplex, manufactures portable classrooms from its facility in Stockton, California'. (web research review wr-prod, ruled by owner)"
IC-94505,existence_flag,not_ic,2026-09-27,"MOBILE CONCEPTS INC: Makes mobile facilities/trailers ('Mobile Laundry Trailers', NAICS 336214 Travel Trailer and Camper Manufacturing), not modular buildings. (web research review wr-prod, ruled by owner)"
IC-94506,existence_flag,not_ic,2026-09-27,"MOBILE KITCHENS USA, INC.: 'custom mobile kitchen trailers' and temporary kitchen rental/contracting - food trailers, out of scope. (web research review wr-prod, ruled by owner)"
IC-94508,existence_flag,not_ic,2026-09-27,"MODULAR SOLUTIONS INC: A trucking/consulting firm (""DOT-registered motor carrier ... Cargo Hauled ... Modular Building""; ""Building Construction Consultants""), with no manufacturing. (web research review wr-prod, ruled by owner)"
IC-94512,existence_flag,not_ic,2026-09-27,"NEWARK CATERING MANUFACTURE: The passages confirm that the plant at 2450 Whipple Rd manufactures food trucks, trailers, and carts. These are mobile commercial vehicles, not off-site construction components like modular homes, pan (web research review wr-prod, ruled by owner)"
IC-94532,existence_flag,not_ic,2026-09-27,"Banker Steel — Georgia: Office suite ('2905 Premiere Pkwy, Suite 210') of a structural steel fabricator/erector, not a plant. (web research review wr-prod, ruled by owner)"
IC-94533,existence_flag,not_ic,2026-09-27,"Banker Steel — New York: Manhattan office of Banker Steel's erection division: 'NYC Constructors ... 110 East 42nd Street, Suite 610 ... structural steel erection division'. (web research review wr-prod, ruled by owner)"
IC-94534,existence_flag,not_ic,2026-09-27,"Banker Steel — Toronto: Office ('600 Cochrane Drive, Suite 300, Markham, Ontario') in Canada, not a US plant. (web research review wr-prod, ruled by owner)"
IC-94538,existence_flag,not_ic,2026-09-27,"Banker Steel — Texas: A structural-steel fabricator for high-rises and stadiums ('AISC-certified structural steel fabrication'), not pre-engineered metal buildings or other IC products. (web research review wr-prod, ruled by owner)"
IC-94539,existence_flag,not_ic,2026-09-27,"Banker Steel — Texas: Banker Steel/DBM Global Houston site is structural steel fabrication ('Columns, Beams, Girders'), not PEMB or other in-scope IC products. (web research review wr-prod, ruled by owner)"
IC-94543,existence_flag,not_ic,2026-09-27,"MILL MAN STEEL INC: Oil and gas tubulars: 'Tubular and casing products to support upstream and downhole applications'. (web research review wr-prod, ruled by owner)"
IC-94544,existence_flag,not_ic,2026-09-27,"BORDEN MANUFACTURING, INC: The passages confirm that Borden Manufacturing, Inc. at 3314 Pacific Trail manufactures stretcher bars for the art industry, which are not off-site construction components. (web research review wr-prod, ruled by owner)"
IC-94554,existence_flag,not_ic,2026-09-27,"UNITY DEVELOPMENT CORP.: The passages identify the facility as Century Plaza, a commercial property managed by Unity Development Corporation that houses retail and office spaces (including a bowling center), not a manufacturi (web research review wr-prod, ruled by owner)"
IC-94571,existence_flag,not_ic,2026-09-27,"STEEL CEILINGS INC: 'The facility manufactures metal ceiling panels constructed of aluminum, steel, and stainless steel' (finish product, not structural), and the address (Johnstown) differs from the record. (web research review wr-prod, ruled by owner)"
IC-94609,existence_flag,not_ic,2026-09-27,"Crystal Valley Mobile Homes: Mobile home sales/park: 'Operators Of Residential Mobile Home Sites and Mobile Home Parks & Communities', not a plant. (web research review wr-prod, ruled by owner)"
IC-94684,existence_flag,not_ic,2026-09-27,"WILLSCOT – BOSTON SOUTH: WillScot leasing branch for ""portable storage containers, office trailers""; a rental/sales yard, not a plant. (web research review wr-prod, ruled by owner)"
IC-94690,existence_flag,not_ic,2026-09-27,"AFM Corporation: The passages identify the business at this location as a 'Website Design Service' and/or related to 'radio or stations', which are not off-site construction components. (web research review wr-prod, ruled by owner)"
IC-94704,existence_flag,not_ic,2026-09-27,"Britten Inc: Sign, banner and event-display maker ('Signs ... Commercial Printing'), not building components. (web research review wr-prod, ruled by owner)"
IC-94713,existence_flag,not_ic,2026-09-27,"Central Electric Manufacturing Company: Makes switchgear and electrical switches: 'specializes in the manufacturing and wholesale distribution of electric switches and various electrical equipment'. (web research review wr-prod, ruled by owner)"
IC-94721,existence_flag,not_ic,2026-09-27,"Columbus Regional Hospital: The passages identify the facility as Columbus Regional Hospital, a healthcare provider providing medical services, not a manufacturer of off-site construction components. (web research review wr-prod, ruled by owner)"
IC-94730,existence_flag,not_ic,2026-09-27,"Cupertino Electric Inc.: San Jose address is CEI's corporate headquarters ('repurposes a manufacturing building ... to become its corporate headquarters'), an electrical contractor's office, not a fabrication plant. (web research review wr-prod, ruled by owner)"
IC-94732,existence_flag,not_ic,2026-09-27,"DANT CLAYTON CORPORATION: Makes stadium seating, bleachers and grandstands ('leading stadium manufacturer in outdoor/indoor seating systems, aluminum bleachers'), not building components. (web research review wr-prod, ruled by owner)"
IC-94733,existence_flag,not_ic,2026-09-27,"DAVIEES COUNTY COMMUNITY CORRECTIONS: The passages identify the facility at 415 W Walnut St as Daviess County Community Corrections, a government department for corrections, not an industrial plant manufacturing off-site construction comp (web research review wr-prod, ruled by owner)"
IC-94735,existence_flag,not_ic,2026-09-27,"Diversified Bank Installations, Inc: The passages identify the facility as a mold contractor and home remodeling service, not a manufacturer of off-site construction components like modular homes or panels. (web research review wr-prod, ruled by owner)"
IC-94740,existence_flag,not_ic,2026-09-27,"Eli Lilly & Company: The passages identify the entity at the listed location (or associated with Eli Lilly in Indianapolis) as a pharmaceutical corporation manufacturing drugs, not off-site construction components. (web research review wr-prod, ruled by owner)"
IC-94743,existence_flag,not_ic,2026-09-27,"Engineered Fiberglass Composites Inc: Passages describe the New Lisbon site as producing fiberglass composite buildings, which are not off‑site construction components. (web research review wr-prod, ruled by owner)"
IC-94745,existence_flag,not_ic,2026-09-27,"Envirosep Inc: Makes packaged mechanical skids and pressure vessels ('modular fluid handling, heat transfer and energy recovery systems', 'UL 508A control panel shop'); no page shows enclosed buildings. (web research review wr-prod, ruled by owner)"
IC-94746,existence_flag,not_ic,2026-09-27,"ET & T Enterprises: The passages indicate the facility manufactures shipping container conversions, trailers, and frames for the RV industry, or is categorized as a plastics-foam manufacturer. These products do not fall (web research review wr-prod, ruled by owner)"
IC-94753,existence_flag,not_ic,2026-09-27,"Ferrill Fisher: Custom and structural metal fabricator ('Specialists in Custom Metal Fabrication, Miscellaneous Metals, Structural'); 'modular custom fabrication' means one-off metal pieces, not buildings. (web research review wr-prod, ruled by owner)"
IC-94756,existence_flag,not_ic,2026-09-27,"Flextronics Enclosures: Flextronics Enclosures is an electronics-enclosure business (general knowledge: Flex electronics manufacturing); the page lists a 1-4 employee nonclassified record in Chambersburg, with nothing tying it to buildings. (web research review wr-prod, ruled by owner)"
IC-94760,existence_flag,not_ic,2026-09-27,"GENCOR INDUSTRIES, INC: Asphalt plant maker ('road and highway construction and hot mix asphalt (HMA) equipment'); its control house is a cab for plant equipment, not a building-systems line. (web research review wr-prod, ruled by owner)"
IC-94767,existence_flag,closed,2026-09-27,"HBOS Manufacturing Inc: HBOS Manufacturing (an Oakwood Mobile Homes partnership) is 'INACTIVE - Surrender of Authority (Aug 18, 2004)' and was cancelled in 2005; the record has only a PO box. (web research review wr-prod, ruled by owner)"
IC-94773,existence_flag,not_ic,2026-09-27,"Indiana Department of Natural Resources, Division of Forestr: The passages identify the facility as the Indiana Department of Natural Resources, a state government agency managing natural resources, not an industrial plant manufacturing off-site construction com (web research review wr-prod, ruled by owner)"
IC-94774,existence_flag,not_ic,2026-09-27,"Indiana Department of Transportation: The passages identify the entity as the Indiana Department of Transportation (INDOT), a state government agency responsible for transportation infrastructure, not a manufacturer of off-site constructi (web research review wr-prod, ruled by owner)"
IC-94779,existence_flag,not_ic,2026-09-27,"Kitchens To Go by Mobile Modular: Mobile kitchen company's 'Renovation Center' refurbishing 'Kitchen Trailers Modular Kitchens Skid Kitchens' for temporary foodservice (food trailers are out of scope). (web research review wr-prod, ruled by owner)"
IC-94780,existence_flag,not_ic,2026-09-27,"Kropf Industries: 'specializes in manufacturing park model recreational vehicles (RVs)' (RVs are out of scope; the truss passages are Kropf Lumber, a different retailer). (web research review wr-prod, ruled by owner)"
IC-94782,existence_flag,not_ic,2026-09-27,"LEER , Inc: The passages indicate that Leer, Inc. manufactures temperature-controlled storage units (walk-ins, ice merchandisers) and has a manufacturing facility in Carroll, Iowa, but these products are not off- (web research review wr-prod, ruled by owner)"
IC-94797,existence_flag,not_ic,2026-09-27,"Miller Brothers Builders: The passages describe Miller Brothers Builders as a 'Custom Home Builder' that builds homes on-site ('break ground', 'build our new house'), not as a manufacturer of off-site construction components l (web research review wr-prod, ruled by owner)"
IC-94810,existence_flag,not_ic,2026-09-27,"Morgan Buildings: Richardson address is an office suite ('1651 N Glenville Dr., Suite 214'); Morgan's fabrication plant is in Hallettsville TX. (web research review wr-prod, ruled by owner)"
IC-94812,existence_flag,not_ic,2026-09-27,"National Bank Builders & Equipment: The passages explicitly identify the entity at this address as a bank ('National Bank Builders and Equipment Inc') and list it under 'Banks in Walls, MS', which is not an industrial facility manufactu (web research review wr-prod, ruled by owner)"
IC-94829,existence_flag,not_ic,2026-09-27,"ProPak Solutions, LLC: Makes HVAC/process 'custom pumping and heat transfer skid packages', not buildings. (web research review wr-prod, ruled by owner)"
IC-94830,existence_flag,not_ic,2026-09-27,"PTW Energy Service: The passages identify the entity at 1575 Sawdust Rd as PTW Energy, a specialty electrical contractor and motor carrier, not a manufacturer of off-site construction components like modular homes or pan (web research review wr-prod, ruled by owner)"
IC-94832,existence_flag,not_ic,2026-09-27,"Rapsure Concession Trailers Inc: The passages confirm the plant at 305 RS Main Street, Nappanee manufactures custom concession trailers, which are not off-site construction components (modular homes, panels, etc.). (web research review wr-prod, ruled by owner)"
IC-94838,existence_flag,not_ic,2026-09-27,"Ross Hill Controls: The passages identify the entity at the address as 'Hill Ross Controls Corp' (or similar) manufacturing electrical control equipment, switchboards, and valves, which are not off-site construction comp (web research review wr-prod, ruled by owner)"
IC-94839,existence_flag,not_ic,2026-09-27,"Rotondo Weirich Enterprises c/o Buster's Cement Products: The passages identify the facility at 3450 South Spiceland Road as 'Buster's Cement Products' or 'Buster's Ready Mixed Concrete', which manufactures ready-mix concrete. This is not an off-site constru (web research review wr-prod, ruled by owner)"
IC-94843,existence_flag,not_ic,2026-09-27,"SAFESPILL: The passages confirm that Safespill manufactures Ignitable Liquid Drainage Floor Assemblies (ILDFAs) for aircraft hangars at its Houston facility, which is a fire protection system component, not an o (web research review wr-prod, ruled by owner)"
IC-94845,existence_flag,not_ic,2026-09-27,"Schultz Industries Inc: The passages confirm the plant at this address manufactures engineered seating solutions (bleachers and grandstands), which are not off-site construction components like modular homes or structural pa (web research review wr-prod, ruled by owner)"
IC-94846,existence_flag,not_ic,2026-09-27,"Schweitzer Engineering Laboratories S A de C V: Mexican SEL entity making 'equipo y aparatos de distribucion de energia electrica' - electrical equipment, not in US. (web research review wr-prod, ruled by owner)"
IC-94847,existence_flag,not_ic,2026-09-27,"SFS USA Holdings, Inc dpa Peerless Pump Company: Peerless Pump facility builds 'prefabricated packaged systems' of pumps for fire/municipal use - equipment, not buildings. (web research review wr-prod, ruled by owner)"
IC-94856,existence_flag,not_ic,2026-09-27,"States Manufacturing Corportion: Makes 'custom electrical and metal products' (switchgear, industrial control panels, panelboards); control panels are electrical boxes, not buildings. (web research review wr-prod, ruled by owner)"
IC-94857,existence_flag,not_ic,2026-09-27,"Stellar Energy Americas, Inc: 1776 American Heritage Life Dr is Stellar Energy's headquarters office, and its products are mechanical skids and cooling equipment: 'based at the new offices at 1776 American Heritage Life Drive'. (web research review wr-prod, ruled by owner)"
IC-94859,existence_flag,not_ic,2026-09-27,"Switzer Products: The passages indicate that Switzer Products at this location manufactures custom compounding of purchased resins (P1, P2) and fiberglass enclosures/water treatment products (P8), which are not off-sit (web research review wr-prod, ruled by owner)"
IC-94860,existence_flag,not_ic,2026-09-27,"Switzer Products, LLC dba Bremen Technologies: The passages identify the facility at this location (Bremen Technologies) as manufacturing 'All Other Plastics Product Manufacturing' (NAICS 326199), which is not in scope for off-site construction co (web research review wr-prod, ruled by owner)"
IC-94862,existence_flag,not_ic,2026-09-27,"Tamarack Grove Engineering: Structural engineering firm, not a manufacturer: 'Our Boise office is TGE's headquarters ... drafting team, and the bulk of our engineering team'. (web research review wr-prod, ruled by owner)"
IC-94868,existence_flag,not_ic,2026-09-27,"Underwood Fire Equipment, Inc.: Makes 'fire pump systems' and parts (valves, control panels); no building product. (web research review wr-prod, ruled by owner)"
IC-94875,existence_flag,not_ic,2026-09-27,"Wells Cargo: The passages confirm that Wells Cargo manufactures cargo trailers at the Elkhart, Indiana location (1503 McNaughton Ave), which are not off-site construction components. (web research review wr-prod, ruled by owner)"
IC-94880,existence_flag,not_ic,2026-09-27,"Wood Group USA: Engineering consultancy: 'Wood Group Usa, Inc. is a Consulting Engineer|Construction Project Management Consultant'; the passages about Boise Cascade are unrelated. (web research review wr-prod, ruled by owner)"
IC-94899,existence_flag,not_ic,2026-09-27,"ALUHOUSE USA LLC: US sales office only: 'USA Office ... 225 N. Barranca Street, Suite 330'; manufacturing is in 'Guangdong, China ... Riyadh, Saudi Arabia'. (web research review wr-prod, ruled by owner)"
IC-94908,existence_flag,not_ic,2026-09-27,"Compu Dynamics Modular (CDM): Chantilly address is the 'Headquarters ... Suite 130' office of a data-center services firm; CDM prefabricated modules, if made, are not made at this office. (web research review wr-prod, ruled by owner)"
IC-94909,existence_flag,not_ic,2026-09-27,"Conexwest: 800 Avenue H San Francisco is a shipping-container sales/rental office: 'Shipping Container Sales, Rentals & Mods Shop containers online'; no plant evidence at this site. (web research review wr-prod, ruled by owner)"
IC-94918,existence_flag,not_ic,2026-09-27,"Infinity Trailer: Makes 'mobile restroom trailers' and the 'Tank Box ... portable waste and water system', not buildings. (web research review wr-prod, ruled by owner)"
IC-94921,existence_flag,not_ic,2026-09-27,"Lifeark SPC: Duarte site is an office/innovation lab; 'LifeArk components are manufactured at our partner facility in Madera, CA' (the Madera partner could be researched separately). (web research review wr-prod, ruled by owner)"
IC-94937,existence_flag,not_ic,2026-09-27,"PLAD Homes & Suofeiya USA: Hollywood FL suite office; 'A PLAD home is not prefabricated or fully manufactured off-site at a factory'. (web research review wr-prod, ruled by owner)"
IC-94949,existence_flag,not_ic,2026-09-27,"Storm's Specialty Services, LLC: Mobile-office and storage-container rental/sales yard: 'largest inventory of mobile offices and shipping containers ... for sale and rent in western Colorado'. (web research review wr-prod, ruled by owner)"
IC-94960,existence_flag,not_ic,2026-09-27,"Baker Industrial Fabrication, LLC: The passages confirm the plant at this address performs custom metal fabrication, structural steel erection, and fabricates items like railings, gates, and industrial skids for mining/oil & gas. These (web research review wr-prod, ruled by owner)"
IC-94962,existence_flag,not_ic,2026-09-27,"BlueScope Buildings North America, Inc.: Corporate headquarters office ('BlueScope Buildings North America Headquarters 1540 Genessee Street, Suite 100'); its Butler/VP metal-building plants are separate records. (web research review wr-prod, ruled by owner)"
IC-94971,existence_flag,not_ic,2026-09-27,"Phenix Construction Technologies: Conroe suite is a US office; 'Phenix Plant 1 Sanand... Plant 2 Cheyyar' are in India. (web research review wr-prod, ruled by owner)"
IC-95012,existence_flag,not_ic,2026-09-27,"RESTROOOM FACILITIES LTD: The passages confirm that Restroom Facilities Ltd (and its parent CorWorth) manufactures public restrooms at the address 1707 Colt Circle in Marble Falls. Public restrooms are not off-site constructio (web research review wr-prod, ruled by owner)"
IC-95025,existence_flag,not_ic,2026-09-27,"AC Corporation: 'Greensboro Office' of an HVAC/electrical/plumbing contractor; 'Casing Panels/Panel Ductwork' are ducts, not building panels. (web research review wr-prod, ruled by owner)"
IC-95034,existence_flag,not_ic,2026-09-27,"Beta Technologies: The passages identify the facility at 1150 Airport Drive as a Research & Development Facility for an aerospace company manufacturing electric aircraft, not off-site construction components. (web research review wr-prod, ruled by owner)"
IC-95051,existence_flag,not_ic,2026-09-27,"EMCNCRECERTS: The passages identify the facility at 13440 Wright Circle (nearby the record address) as Electronic Manufacturing Company, which manufactures Printed Circuit Boards (PCBs), not off-site construction c (web research review wr-prod, ruled by owner)"
IC-95064,existence_flag,not_ic,2026-09-27,"Goldsmith Construction Company: The passages identify Goldsmith Construction Company as a general contractor, construction manager, and consultant specializing in commercial projects, not a manufacturer of off-site construction comp (web research review wr-prod, ruled by owner)"
IC-95066,existence_flag,not_ic,2026-09-27,"H2K Technologies, Inc.: Makes water/air treatment equipment ('H2K's manufacturing facility is located in Plymouth, MN'); Extreme Panel passages are a different company. (web research review wr-prod, ruled by owner)"
IC-95069,existence_flag,not_ic,2026-09-27,"Heatcraft (Systems) dba Kysor/Warren: The passages confirm the plant at 5 Corporate Ridge Parkway manufactures refrigeration equipment and display cases, which are not off-site construction components. (web research review wr-prod, ruled by owner)"
IC-95073,existence_flag,not_ic,2026-09-27,"Innovative Packaging Technologies - Plant 1: The passages confirm that Innovative Packaging Technologies at 455 Oak Springs Rd (Candidate IC-92914) manufactures vending machines and provides packaging/labeling services, which are not off-site co (web research review wr-prod, ruled by owner)"
IC-95082,existence_flag,not_ic,2026-09-27,"Maximum Security Systems, Inc.: The passages identify the facility at 60298 US Hwy 50 as 'Maximum Security Systems, Inc.', which manufactures security control equipment, anti-theft alarm systems, and steel cells for detention facili (web research review wr-prod, ruled by owner)"
IC-95094,existence_flag,not_ic,2026-09-27,"North Florida Vending LLC: The passages identify the entity at this location (or associated names like North Florida Vending/Northeast Florida Vending) as a vending machine operator and distributor, not a manufacturer of off-si (web research review wr-prod, ruled by owner)"
IC-95098,existence_flag,not_ic,2026-09-27,"Pharmadule Emtunga AB: 'Europe Head Office Stockholm, Sweden' - head office abroad; plants in China/Japan/Malaysia. (web research review wr-prod, ruled by owner)"
IC-95099,existence_flag,not_ic,2026-09-27,"Pharmadule Emtunga Offshore AB: Record is Pharmadule's Swedish head office ('Europe Head Office ... DanvikCenter 28 SE-13130 Nacka Sweden'), mis-coded as NC; not a US plant. (web research review wr-prod, ruled by owner)"
IC-95107,existence_flag,not_ic,2026-09-27,"PTW Energy Services: PTW's 'Calgary Head Office' and PEMB complex are in Rocky View County, Alberta - Canada, not a US plant (record state NC is wrong). (web research review wr-prod, ruled by owner)"
IC-95108,existence_flag,not_ic,2026-09-27,"Reliable Construction Co. ATM: The passages identify the entity as a general contractor performing on-site construction, remodeling, and ATM kiosk installation, not a manufacturing plant for off-site construction components. (web research review wr-prod, ruled by owner)"
IC-95111,existence_flag,not_ic,2026-09-27,"SCHWEITZER ENGINEERING LABORATORIES: The passages confirm that Schweitzer Engineering Laboratories at this location specializes in power system products, electrical measuring instruments, and testing equipment, which are not off-site con (web research review wr-prod, ruled by owner)"
IC-95112,existence_flag,not_ic,2026-09-27,"SEL - Mexico: Plant in San Luis Potosi, Mexico making electrical distribution equipment (SCIAN 335312) - not IC, not US. (web research review wr-prod, ruled by owner)"
IC-95113,existence_flag,not_ic,2026-09-27,"SEL - Mexico: The passages identify the plant at 901 Center Park Dr (near the record's address) as SEL Charlotte, which manufactures 'Relay and Industrial Control Manufacturing' components, not off-site constructio (web research review wr-prod, ruled by owner)"
IC-95116,existence_flag,not_ic,2026-09-27,"Solar Turbines Incorporated, Construction Services & TurboFa: The passages confirm the facility at 16504 De Zavalla Rd (Channelview, TX) is a fabrication plant for gas turbine balance-of-plant components (skids, modules), not off-site construction components lik (web research review wr-prod, ruled by owner)"
IC-95125,existence_flag,not_ic,2026-09-27,"Vertiv Reynosa: The passages identify the facility at 5109 Tanya Ave. as a Vertiv warehouse or corporate office handling telecommunications equipment (enclosures, power systems), not off-site construction components (web research review wr-prod, ruled by owner)"
IC-95130,existence_flag,not_ic,2026-09-27,"Williams Scotsman - Orlando: WillScot rental branch ('Conex Boxes, Job Trailers ... modular office building rental'), not a manufacturing plant. (web research review wr-prod, ruled by owner)"
IC-95131,existence_flag,not_ic,2026-09-27,"Wood-Tex South, LLC: Shed builder ('trusted shed builder that specializes in custom storage sheds, garages, and fully finished cabins'), and the owner has ruled sheds out; the Boise Cascade passages are about a different company. (web research review wr-prod, ruled by owner)"
IC-95132,existence_flag,not_ic,2026-09-27,"Zero-Zone, Inc.: Makes refrigeration display cases and systems ('specializing in display cases and refrigeration systems'). (web research review wr-prod, ruled by owner)"
IC-95169,existence_flag,not_ic,2026-09-27,"SOUTHEASTERN INSTALLATION INC: The passages confirm that Southeastern Installation Inc. at 207 Cedar Lane Drive manufactures lumber drying kilns and heat treating equipment, which are industrial machinery for the lumber industry, n (web research review wr-prod, ruled by owner)"
IC-95355,existence_flag,not_ic,2026-09-27,"COMMODORE CORPORATION: The passages identify the facility at 4 Pennwest Way as 'All Other Miscellaneous Wood Product Manufacturing' (NAICS 321999) and a member of the Kitchen Cabinet Manufacturers Association, which indicat (web research review wr-prod, ruled by owner)"
IC-95367,existence_flag,not_ic,2026-09-27,"B & H Panel Company: B&H Panel makes 'Quality Furniture' / 'Bed Frame Accessories', not building panels. (web research review wr-prod, ruled by owner)"
IC-95409,existence_flag,not_ic,2026-09-27,"Alfab, Inc.: The passages confirm the plant at this address is a metal fabrication company producing stairs (STAIRCO), portable runway systems (ALMATS), and custom metal work, which are not off-site construction c (web research review wr-prod, ruled by owner)"
IC-95411,existence_flag,not_ic,2026-09-27,"Casco Bay Steel Structures, Inc.: Bridge fabricator: 'an AISC certified bridge fabrication company' making road, rail and lift bridges. (web research review wr-prod, ruled by owner)"
IC-95417,existence_flag,not_ic,2026-09-27,"Integrated Structures Corp.: Structural and miscellaneous steel fabricator/erector for heavy construction ('fully automated structural & miscellaneous steel fabrication facility', LIRR stations), not IC building components. (web research review wr-prod, ruled by owner)"
IC-95418,existence_flag,not_ic,2026-09-27,"Iowa Engineered Processes Corp.: Makes deburring systems and does custom fabrication: 'precision manufacturing, custom metal fabrication, and the innovative Cascade Deburring and Cleaning System'. (web research review wr-prod, ruled by owner)"
IC-95419,existence_flag,not_ic,2026-09-27,"Kasco Structures LLC: Structural steel fabricator and roofing installer whose only manufactured product is single-skin roof panels (""KASCO manufactures roof metal panels under our Metallo Roof System brand""), not modular, PEMB or insulated bu (web research review wr-prod, ruled by owner)"
IC-95420,existence_flag,not_ic,2026-09-27,"Mi-De-Con, Inc.: Millwright and general contractor: 'Heavy Industrial and Commercial General Contractor, Including, Electrical, Mechanical, Civil and Demolition'. (web research review wr-prod, ruled by owner)"
IC-95421,existence_flag,not_ic,2026-09-27,"MSD Building Corp: Structural steel fabrication and erection contractor ('structural steel fabrication and erection company... commercial, educational and institutional projects'), not IC components. (web research review wr-prod, ruled by owner)"
IC-95423,existence_flag,not_ic,2026-09-27,"Parsons Steel Builders: Structural steel fabrication and erection contractor ('Arizona Steel Fabrication & Erection'), not IC components. (web research review wr-prod, ruled by owner)"
IC-95427,existence_flag,not_ic,2026-09-27,"Steel-Crete Inc: Structural steel and miscellaneous metals fabricator and erector: 'full-service structural steel and metal fabrications shop'. (web research review wr-prod, ruled by owner)"
IC-95428,existence_flag,not_ic,2026-09-27,"Steele Solutions, Inc: Makes steel work platforms, chutes and lockers: 'Leading manufacturer of structural steel work/equipment platforms'. (web research review wr-prod, ruled by owner)"
IC-95429,existence_flag,not_ic,2026-09-27,"Union Metal Industries Corporation: Pole maker: 'Steel and Aluminum Poles for Lighting, Traffic Control, Signage and Communication'. (web research review wr-prod, ruled by owner)"
IC-95472,existence_flag,not_ic,2026-09-27,"ACCO Engineered System: Mechanical contractor's HVAC sheet-metal and duct shop: 'Commerce, Sheet Metal Fabrication Facility'. (web research review wr-prod, ruled by owner)"
IC-95473,existence_flag,not_ic,2026-09-27,"ACCO Engineered System: Mechanical contractor's shop: 'Commerce, Plumbing & Pipe Fabrication Facility 6446 E. Washington Boulevard'; pipe and skid fabrication, not building components. (web research review wr-prod, ruled by owner)"
IC-95482,existence_flag,not_ic,2026-09-27,"Caitklaire Energy Systems Corp., dba: Solar Patios and Struc: Makes solar patio covers and carports: 'builds a wide range of solar structures, including patios and car ports', not building systems. (web research review wr-prod, ruled by owner)"
IC-95483,existence_flag,not_ic,2026-09-27,"Calcraft Corporation: The passages describe the facility as a manufacturer of canopies, gas station structures, and sheet metal fabrications, which are not off-site construction components like modular homes or mass timber (web research review wr-prod, ruled by owner)"
IC-95497,existence_flag,not_ic,2026-09-27,"Insteel LLC., dba: Bradford Products: Site is Bradford Products, which does 'fabrication of stainless steel aquatic vessels' (pools, spas); Insteel itself makes wire reinforcement, not building components. (web research review wr-prod, ruled by owner)"
IC-95503,existence_flag,not_ic,2026-09-27,"Madix Inc.: 'manufacturers of high-quality shelving and display fixtures' - store fixtures. (web research review wr-prod, ruled by owner)"
IC-95515,existence_flag,not_ic,2026-09-27,"Reprohaus: The passages confirm the company manufactures signage, large-format printing, and visual experiences, which are not off-site construction components like modular homes or structural panels. The addres (web research review wr-prod, ruled by owner)"
IC-95522,existence_flag,not_ic,2026-09-27,"Structural Support Systems, Inc.: Material-handling steel: 'fabrication of special engineered products such as conveyor supports, equipment platforms, catwalks, stairs'. (web research review wr-prod, ruled by owner)"
IC-95526,existence_flag,not_ic,2026-09-27,"Versatile Systems, Inc.: Makes roof fall-protection products ('roof davits, tie-back anchors, roof guardrails, access ladders'), not building components. (web research review wr-prod, ruled by owner)"
IC-95543,existence_flag,not_ic,2026-09-27,"Great Outdoor Cottages LLC: The passages confirm the plant manufactures 'Park Model RVs' and 'cottages', which are recreational vehicles or temporary structures, not off-site construction components like modular homes, panels, o (web research review wr-prod, ruled by owner)"
IC-95568,existence_flag,not_ic,2026-09-27,"ECO BUILT HOMES LLC: Eco Built Homes is a site 'Home Builder' ('builds new homes in the Billings, Montana area'); no plant evidence. (web research review wr-prod, ruled by owner)"
IC-95587,existence_flag,not_ic,2026-09-27,"Tribute Precast Systems LLC – Ashley: Ashley IN plant makes 'precast burial products... Mausoleum Crypts, Columbarium Niches, Lawn Crypts, Outer Burial Containers/Vaults' - cemetery products. (web research review wr-prod, ruled by owner)"
IC-95613,existence_flag,not_ic,2026-09-27,"Harris Precast: Makes stormwater precast ('dry-wells... manholes, catch basins') - not building products, and page says 'Harris Precast Closed'. (web research review wr-prod, ruled by owner)"
IC-95657,existence_flag,not_ic,2026-09-27,"Kysor-Warren: Makes commercial refrigeration, not buildings: 'a leading manufacturer of refrigerated display cases and refrigeration systems'. (web research review wr-prod, ruled by owner)"
IC-95664,existence_flag,not_ic,2026-09-27,"Palm Harbor Homes, Inc. #320: Record is a Palm Harbor retail model center ('Palm Harbor Village of Austin on Bastrop Hwy', website model-center/austin5); homes are built by a separate Cavco plant. (web research review wr-prod, ruled by owner)"
IC-95749,existence_flag,not_ic,2026-09-27,"BETTER THAN LOGS, INC: Makes concrete log siding ('manufacturer of engineered concrete log siding products'), a cladding material, not structural panels or homes. (web research review wr-prod, ruled by owner)"
IC-95751,existence_flag,not_ic,2026-09-27,"LANGBOARD, INC.: MDF and moulding mill ('The plant produces medium density fiberboard (MDF) and moulded medium density fiberboard'), not structural wood. (web research review wr-prod, ruled by owner)"
IC-95761,existence_flag,not_ic,2026-09-27,"MORTON BUILDINGS INC.: Three Rivers is a Morton sales/construction-center office ('Visit our office 59924 S US Hwy 131'); the site notes components are made at separate 'manufacturing facilities'. (web research review wr-prod, ruled by owner)"
IC-95765,existence_flag,not_ic,2026-09-27,"EVERGREEN GREENHOUSE SERVICES, LLC.: The passages identify the entity at the record's address (3038 Stuarts Draft Hwy) as 'The Plant Company', which is a nursery growing tropical plants, not a manufacturer of off-site construction compon (web research review wr-prod, ruled by owner)"
IC-95776,existence_flag,not_ic,2026-09-27,"LAMINATORS INC.: Makes aluminum composite (ACM) cladding, sign and OEM panels, not structural or insulated building panels: 'manufacturer of architectural specialty, sign, and OEM solutions'. (web research review wr-prod, ruled by owner)"
IC-95778,existence_flag,not_ic,2026-09-27,"LANSING BUILDING PRODUCTS, LLC: Siding and window distributor ('exclusive distributor of Mastic Home Exteriors'); the Carter Lumber truss passages are about a different company. (web research review wr-prod, ruled by owner)"
IC-95789,existence_flag,not_ic,2026-09-27,"KEWEENAW SAUNAS LLC: The passages confirm that Keweenaw Saunas manufactures barrel saunas and hot tubs at the Chassell, MI location. Saunas are not listed as in-scope off-site construction components (such as modular home (web research review wr-prod, ruled by owner)"
IC-95792,existence_flag,not_ic,2026-09-27,"112253 - TOWER STRUCTURAL LAMINATING: Wabash subsidiary laminating hardwood trailer flooring and composites, not building products: 'produce laminated hardwood floors for the trailer market'; the CLT/mass-timber tag is wrong. (web research review wr-prod, ruled by owner)"
IC-95807,existence_flag,not_ic,2026-09-27,"150469 - AUTUMN HOUSE, INC.: The passages identify the facility as a manufacturer of 'curved plywood' and 'furniture', which are not listed as in-scope off-site construction components (such as modular homes, panels, trusses, or (web research review wr-prod, ruled by owner)"
IC-95835,existence_flag,not_ic,2026-09-27,"SUMMERS MANUFACTURING, INC.: The passages confirm that Summers Manufacturing produces agricultural tillage equipment (e.g., chisels, disk harrows, land rollers), which is not off-site construction components. (web research review wr-prod, ruled by owner)"
IC-95845,existence_flag,not_ic,2026-09-27,"FUSION WOOD PRODUCTS: Custom cabinetry and millwork shop ('custom cabinetry, furniture design, and millwork'), also listed 'Closed'; no mass-timber/CLT evidence. (web research review wr-prod, ruled by owner)"
IC-95849,existence_flag,not_ic,2026-09-27,"PIONEER MANUFACTURED HOMES: Retail dealership, not a plant: ""Your Quality, Custom-Built, Manufactured Homes Dealer"" carrying Champion, Franklin etc., with ""delivery, set-up ... within 100 miles of our sales lot"". (web research review wr-prod, ruled by owner)"
IC-95858,existence_flag,not_ic,2026-09-27,"WESTBY BUILDERS LLC: Portable shed and barn maker/lot: 'Portable Buildings & Sheds | Westby ... Utility Sheds Barns ... Animal Shelters'; the owner has ruled sheds out. (web research review wr-prod, ruled by owner)"
IC-95874,existence_flag,not_ic,2026-09-27,"NUCOR STEEL JACKSON, INC.: Steel mill: 'Nucor Steel Jackson offers a range of merchant and reinforcing bar products' (Nucor Bar Mill Group). (web research review wr-prod, ruled by owner)"
IC-95893,existence_flag,not_ic,2026-09-27,"LGSTX SERVICES, INC.: The passages describe LGSTX Services as a provider of facility maintenance, material handling equipment installation/maintenance, and airport support services, not the manufacturing of pre-engineered (web research review wr-prod, ruled by owner)"
IC-95906,existence_flag,not_ic,2026-09-27,"317731825 - SUMMIT STRUCTURES OF OREGON LLC: Shed maker: 'Summit Structures - Handcrafted Sheds, Built in Oregon'; the Brownsville address is not on the pages, but the business makes only sheds, which are out of scope. (web research review wr-prod, ruled by owner)"
IC-95910,existence_flag,not_ic,2026-09-27,"CAMBIO COMMUNITIES HIGHLAND HILLS MHC: A manufactured-home community, not a plant ('Highland Hills ... ideal place to call home', Cambio Communities). (web research review wr-prod, ruled by owner)"
IC-95918,existence_flag,not_ic,2026-09-27,"WRIGHT BUILDINGS: Post-frame pole-barn, shed and garage builder, built on site ('All pole barns, sheds, detached garages, and chicken coops are custom built'), and the address found is Kaysville, not Payson. (web research review wr-prod, ruled by owner)"
IC-95923,existence_flag,not_ic,2026-09-27,"PREMIER MAGNESIA, LLC: The passages confirm the plant at 200 Brown Street, Greendale, IN manufactures magnesium oxide and magnesium sulfate (chemical products), not off-site construction components like modular homes or pan (web research review wr-prod, ruled by owner)"
IC-95926,existence_flag,not_ic,2026-09-27,"SALEM METAL, INC.: Precision sheet-metal job shop: 'provides panels, brackets, enclosures and sub-assemblies to other manufacturers in the electronic, computer, testing and medical industries'. (web research review wr-prod, ruled by owner)"
IC-95935,existence_flag,not_ic,2026-09-27,"INTERNATIONAL TIMBER & VENEER, LLC: Veneer plant: 'International Timber & Veneer (ITV) is a contract cutting company... leading companies in the veneer industry'. (web research review wr-prod, ruled by owner)"
IC-95939,existence_flag,not_ic,2026-09-27,"317733035 - STURDI PRODUCTS COMPANY: The passages confirm that the facility at 11304 SW Boones Ferry Rd manufactures wood greenhouse kits, which are not off-site construction components (modular homes, panels, trusses, etc.). (web research review wr-prod, ruled by owner)"
IC-95940,existence_flag,not_ic,2026-09-27,"FORMWOOD INDUSTRIES, INC.: Decorative veneer/plywood maker: 'hardwood veneer products for architectural millwork, cabinetry, furniture, fixtures'; not structural wood. (web research review wr-prod, ruled by owner)"
IC-95944,existence_flag,not_ic,2026-09-27,"LARSON STEEL, INC.: A structural steel and miscellaneous metals subcontractor ('fabrication and installation of structural steel, ornamental ironwork, and miscellaneous metals'); does not make metal building systems. (web research review wr-prod, ruled by owner)"
IC-95946,existence_flag,not_ic,2026-09-27,"EAGLE TECH MANUFACTURING, INC.: Makes industrial controls and gas control panels ('design and manufacture of industrial controls and power distribution systems'); these are electrical panels, not buildings. (web research review wr-prod, ruled by owner)"
IC-95949,existence_flag,not_ic,2026-09-27,"HOLIDAY VILLAGE MOBILE HOME: A 55+ manufactured-home community, not a plant: 'Holiday Village - Ormond Beach | Manufactured Home Community'. (web research review wr-prod, ruled by owner)"
IC-95954,existence_flag,not_ic,2026-09-27,"LOUISIANA CUTTING LLC: The passages describe Louisiana Cutting as a precision waterjet and plasma CNC shape cutting service provider for plate and sheet metal, which is a raw material processing service rather than the manu (web research review wr-prod, ruled by owner)"
IC-95964,existence_flag,not_ic,2026-09-27,"154809 - SALT WOOD PRODUCTS, INC.: Retail backyard store: 'Playground Sets, Mobile Home Decks & Steps, Lumber Sales ... Storage Sheds, Pergolas'. (web research review wr-prod, ruled by owner)"
IC-95970,existence_flag,not_ic,2026-09-27,"CONSTRUX INC.: Metal-building erection subcontractor, not a manufacturer: 'regional sub-contractor ... design, supply and erection of pre-engineered metal buildings ... erects buildings from all the major manufacturers'. (web research review wr-prod, ruled by owner)"
IC-95978,existence_flag,not_ic,2026-09-27,"PATRICK INDUSTRIES, INC.: This Cape Coral site is plastic injection molding and tooling: 'Sealect Plastics performs plastic injection molding, tool and die manufacturing'. (web research review wr-prod, ruled by owner)"
IC-95988,existence_flag,not_ic,2026-09-27,"HOMES OF AMERICA LLC DBA LAKE SUZANNE MHP LLC: Manufactured home community ('an all-age manufactured home community'), not a plant. (web research review wr-prod, ruled by owner)"
IC-96006,existence_flag,not_ic,2026-09-27,"JACKSON & TULL: The passages identify the facility at 2705 Bladensburg Road, N.E. as the Eastern Region Headquarters and list its capabilities as aerospace manufacturing (spaceflight hardware, electronics, mechanical (web research review wr-prod, ruled by owner)"
IC-96009,existence_flag,not_ic,2026-09-27,"MANAFORT-PRECISION, LLC: The passages identify the entity at the Worcester address (261 Southwest Cutoff) as Manafort Precision, a concrete construction contractor performing cast-in-place work on-site, not a manufacturing pl (web research review wr-prod, ruled by owner)"
IC-96070,existence_flag,not_ic,2026-09-27,"SPACE GUARD PRODUCTS: Makes wire partitions and machine guarding: 'leading manufacturer of wire partitions and area guarding solutions'. (web research review wr-prod, ruled by owner)"
IC-96081,existence_flag,not_ic,2026-09-27,"LEXAL, LLC: The passages indicate that Lexal, LLC (Lexal Jars) manufactures hydraulic seals and jars for the oilfield industry, not off-site construction components like trusses. The address 14016 E Hardy Rd is c (web research review wr-prod, ruled by owner)"
IC-96084,existence_flag,not_ic,2026-09-27,"O'NEAL STEEL, LLC: Metal service center: O'Neal Steel Jackson 'provides cutting, burning, sawing, and other process[ing]' of steel stock. (web research review wr-prod, ruled by owner)"
IC-96088,existence_flag,not_ic,2026-09-27,"CORNERSTONE BUILDING BRANDS, INC: Lithia Springs jobs are vinyl/PVC extrusion production (siding/windows, e.g. 'extrusion tooling ... in Lithia Springs'), not metal building systems; the metal building lines are at other Cornerstone plants. (web research review wr-prod, ruled by owner)"
IC-96119,existence_flag,not_ic,2026-09-27,"THOMAS MANUFACTURING CO., LLC: The passages identify the entity at this location as 'Thomas Hydraulics and Hardware Supply', which provides hydraulic hose repair, hardware sales, and fabrication services, not pre-engineered metal b (web research review wr-prod, ruled by owner)"
IC-96121,existence_flag,not_ic,2026-09-27,"INDUSTRIAL HOUSING SOLUTIONS: Temporary on-site housing rental and delivery ('specializes in temporary onsite housing ... mobile homes to large bunkhouses'), not a manufacturer. (web research review wr-prod, ruled by owner)"
IC-96142,existence_flag,not_ic,2026-09-27,"EXPONENTS INSTA USA INC.: Makes and rents trade show exhibits (""custom trade show booth rentals designed, built and delivered""). (web research review wr-prod, ruled by owner)"
IC-96147,existence_flag,not_ic,2026-09-27,"STRONG SKIRT USA LLC: Makes steel skirting for manufactured homes ('All-steel skirting ... just like your manufactured home'), an accessory, not a building component in scope. (web research review wr-prod, ruled by owner)"
IC-96148,existence_flag,not_ic,2026-09-27,"PINE CREEK STRUCTURES, INC.: Shed plant: 'This facility constructs portable storage buildings with wood siding' (sheds/garages, out of scope per owner); the record address is also not the plant. (web research review wr-prod, ruled by owner)"
IC-96177,existence_flag,not_ic,2026-09-27,"ROM/SAFLEET: The passages describe ROM as producing security closures, roll‑up doors and related products, not off‑site construction components. (web research review wr-prod, ruled by owner)"
IC-96213,existence_flag,not_ic,2026-09-27,"68531 - STEEL VENTURES INCORPORATED: Hot-dip galvanizing plant: 'Steel Ventures provides ... hot-dip galvanizing services ... truck trailer cross members, I-beams, guardrail posts'. (web research review wr-prod, ruled by owner)"
IC-96219,existence_flag,not_ic,2026-09-27,"DUTCH BARN BUILDERS, LLC: The passages confirm that Dutch Barn Builders at 18799 Cadiz Rd manufactures storage buildings, cabins, garages, and pole barns, which are not off-site construction components like trusses or structur (web research review wr-prod, ruled by owner)"
IC-96225,existence_flag,not_ic,2026-09-27,"KOEHN BUILDING SYSTEMS INC: Metal building general contractor/erector ('general contractor for pre-engineered metal buildings', 'Contractor, Builder, Erector'); the Nevada MO page is a service-area page, not a plant. (web research review wr-prod, ruled by owner)"
IC-96246,existence_flag,not_ic,2026-09-27,"CULVER & PIERSON, LLC: The passages identify Culver & Pierson, LLC as a trucking company and motor carrier transporting mobile homes and building materials, not a manufacturing facility producing off-site construction compo (web research review wr-prod, ruled by owner)"
IC-96249,existence_flag,not_ic,2026-09-27,"COACH HOUSE, INC.: The passages identify the entity as 'Coach House Garages' which builds custom garages, sheds, and outbuildings for homeowners. These products are not off-site construction components like modular home (web research review wr-prod, ruled by owner)"
IC-96264,existence_flag,not_ic,2026-09-27,"PACIFIC METAL BUILDINGS, INC.: Site is a carport/metal-building sales office with ""Free Delivery & Install"" (""270 Old Hwy 99 W, Maxwell, CA Office Address""); no evidence of manufacturing at the record address. (web research review wr-prod, ruled by owner)"
IC-96275,existence_flag,not_ic,2026-09-27,"RIPPEL METAL: Custom metal shop: 'Architectural design and custom furniture is what Rippel Metal does best'. (web research review wr-prod, ruled by owner)"
IC-96295,existence_flag,not_ic,2026-09-27,"AJ2 Steel, Inc.: Fastener supplier: 'Explore Our Premium Construction Nails', no structural components. (web research review wr-prod, ruled by owner)"
IC-96420,existence_flag,not_ic,2026-09-27,"Classic Baluster, LLC: The passages indicate that Classic Baluster, LLC manufactures balusters, lawn edging, and raised garden beds (outdoor/landscaping products), which are not off-site construction components like modular (web research review wr-prod, ruled by owner)"
IC-96422,existence_flag,not_ic,2026-09-27,"Coach House Inc. (Co): The passages identify the facility at 700 E Mill St as Coach House Garages, which builds custom garages, sheds, and outbuildings for homeowners. These products are not off-site construction components (web research review wr-prod, ruled by owner)"
IC-96441,existence_flag,not_ic,2026-09-27,"D&L Metal Sales: Listed as a metal sales and service center and as closed ('D&L Metal Sales Closed', 'Metals Service Centers and Offices'); no trusses or other IC products. (web research review wr-prod, ruled by owner)"
IC-96629,existence_flag,not_ic,2026-09-27,"PHI: The passages confirm that PHI at the Early, TX location (109 W Industrial Ln) is a supplier specializing in Rough Carpentry, not a manufacturing plant producing off-site construction components like t (web research review wr-prod, ruled by owner)"
IC-96658,existence_flag,not_ic,2026-09-27,"REALTY LOGIX: The passages identify the facility at 2200 Post Oak Blvd as a real estate brokerage office (Realty Logix Brokerage Llc), not an industrial plant manufacturing off-site construction components. (web research review wr-prod, ruled by owner)"
IC-96798,existence_flag,not_ic,2026-09-27,"Walnut Grove Packaging: The passages identify the facility at 578 E CR 200N, Arcola, IL as a 'Wood Container and Pallet Manufacturing' plant producing pallets and skids. This is not an off-site construction component (such a (web research review wr-prod, ruled by owner)"
IC-92851,existence_flag,not_ic,2026-09-28,"GT Grandstands, Inc.: grandstand maker; its prefabricated press boxes are not industrialized construction (web research close-call scope ruling 1, ruled by owner)"
IC-93299,existence_flag,not_ic,2026-09-28,"steel stadiums: grandstand maker; its prefabricated press boxes are not industrialized construction (web research close-call scope ruling 1, ruled by owner)"
IC-93315,existence_flag,not_ic,2026-09-28,"Sturdisteel Company: grandstand maker; its prefabricated press boxes are not industrialized construction (web research close-call scope ruling 1, ruled by owner)"
IC-93622,existence_flag,not_ic,2026-09-28,"STURDISTEEL COMPANY: grandstand maker; its prefabricated press boxes are not industrialized construction (web research close-call scope ruling 1, ruled by owner)"
IC-93809,existence_flag,not_ic,2026-09-28,"Sturdisteel: grandstand maker; its prefabricated press boxes are not industrialized construction (web research close-call scope ruling 1, ruled by owner)"
IC-95562,existence_flag,not_ic,2026-09-28,"Sturdisteel: grandstand maker; its prefabricated press boxes are not industrialized construction (web research close-call scope ruling 1, ruled by owner)"
IC-95674,existence_flag,not_ic,2026-09-28,"Sturdisteel Company: grandstand maker; its prefabricated press boxes are not industrialized construction (web research close-call scope ruling 1, ruled by owner)"
IC-92996,existence_flag,not_ic,2026-09-28,"Mardan Fabricators, Inc.-Expired: guard booths and small shelters are not industrialized construction (web research close-call scope ruling 2, ruled by owner)"
IC-93921,existence_flag,not_ic,2026-09-28,"Mardan Fabrication, Inc.: guard booths and small shelters are not industrialized construction (web research close-call scope ruling 2, ruled by owner)"
IC-95080,existence_flag,not_ic,2026-09-28,"Mardan Fabrication Inc.: guard booths and small shelters are not industrialized construction (web research close-call scope ruling 2, ruled by owner)"
IC-96238,existence_flag,not_ic,2026-09-28,"TWIN MODULAR SERVICES: guard booths and small shelters are not industrialized construction (web research close-call scope ruling 2, ruled by owner)"
IC-93456,existence_flag,not_ic,2026-09-28,"A-1 Mobile Storage Service: guard booths and small shelters are not industrialized construction (web research close-call scope ruling 2, ruled by owner)"
IC-93596,existence_flag,not_ic,2026-09-28,"ROBINSON, INC.: equipment enclosures, skids and electrical/pump houses are not industrialized construction (web research close-call scope ruling 3, ruled by owner)"
IC-93597,existence_flag,not_ic,2026-09-28,"ROBINSON, INC.: equipment enclosures, skids and electrical/pump houses are not industrialized construction (web research close-call scope ruling 3, ruled by owner)"
IC-93598,existence_flag,not_ic,2026-09-28,"ROBINSON, INC.: equipment enclosures, skids and electrical/pump houses are not industrialized construction (web research close-call scope ruling 3, ruled by owner)"
IC-93254,existence_flag,not_ic,2026-09-28,"Seaboard Controls LLC: equipment enclosures, skids and electrical/pump houses are not industrialized construction (web research close-call scope ruling 3, ruled by owner)"
IC-94078,existence_flag,not_ic,2026-09-28,"AMERITEX MACHINE AND FABRICATION LLC: equipment enclosures, skids and electrical/pump houses are not industrialized construction (web research close-call scope ruling 3, ruled by owner)"
IC-94253,existence_flag,not_ic,2026-09-28,"TRIAD CONTROL SYSTEMS LLC: equipment enclosures, skids and electrical/pump houses are not industrialized construction (web research close-call scope ruling 3, ruled by owner)"
IC-94208,existence_flag,not_ic,2026-09-28,"ENGINEERED SOFTWARE PRODUCTS: equipment enclosures, skids and electrical/pump houses are not industrialized construction (web research close-call scope ruling 3, ruled by owner)"
IC-92950,existence_flag,not_ic,2026-09-28,"Koontz Wagner - South Bend: equipment enclosures, skids and electrical/pump houses are not industrialized construction (web research close-call scope ruling 3, ruled by owner)"
IC-92951,existence_flag,not_ic,2026-09-28,"Koontz-Wagner Electric (Chattanooga): equipment enclosures, skids and electrical/pump houses are not industrialized construction (web research close-call scope ruling 3, ruled by owner)"
IC-49477,existence_flag,not_ic,2026-09-28,"Engineered Fluid Inc: equipment enclosures, skids and electrical/pump houses are not industrialized construction (web research close-call scope ruling 3, ruled by owner)"
IC-93917,existence_flag,not_ic,2026-09-28,"Engineered Fluid, Inc.: equipment enclosures, skids and electrical/pump houses are not industrialized construction (web research close-call scope ruling 3, ruled by owner)"
IC-94112,existence_flag,not_ic,2026-09-28,"ENGINEERED FLUID INC: equipment enclosures, skids and electrical/pump houses are not industrialized construction (web research close-call scope ruling 3, ruled by owner)"
IC-93916,existence_flag,not_ic,2026-09-28,"ENGINEERED FLUID INC: equipment enclosures, skids and electrical/pump houses are not industrialized construction (web research close-call scope ruling 3, ruled by owner)"
IC-92785,existence_flag,not_ic,2026-09-28,"Epsilon LLC: equipment enclosures, skids and electrical/pump houses are not industrialized construction (web research close-call scope ruling 3, ruled by owner)"
IC-92748,existence_flag,not_ic,2026-09-28,"DENIOS INC: hazardous-material storage buildings and lockers are not industrialized construction (web research close-call scope ruling 4, ruled by owner)"
IC-92871,existence_flag,not_ic,2026-09-28,"Haz-Stor Company: hazardous-material storage buildings and lockers are not industrialized construction (web research close-call scope ruling 4, ruled by owner)"
IC-52018,existence_flag,not_ic,2026-09-28,"A & A Sheet Metal Products, Inc.: hazardous-material storage buildings and lockers are not industrialized construction (web research close-call scope ruling 4, ruled by owner)"
IC-92788,existence_flag,not_ic,2026-09-28,"ETERNITY BUILDINGS LLC: shed maker; its tiny homes are not counted as industrialized construction (web research close-call scope ruling 6, ruled by owner)"
IC-93389,existence_flag,not_ic,2026-09-28,"United Portable Buildings LLC dba Florida Shed Outlet: shed maker; its tiny homes are not counted as industrialized construction (web research close-call scope ruling 6, ruled by owner)"
IC-94689,existence_flag,not_ic,2026-09-28,"Afford-A-Built Tiny Homes: shed maker; its tiny homes are not counted as industrialized construction (web research close-call scope ruling 6, ruled by owner)"
IC-93236,existence_flag,not_ic,2026-09-28,"Safe Sheds, Inc.: precast storm shelters and kiosks are not industrialized construction (web research close-call scope ruling 7, ruled by owner)"
IC-94180,existence_flag,not_ic,2026-09-28,"Watermill Express LLC: precast storm shelters and kiosks are not industrialized construction (web research close-call scope ruling 7, ruled by owner)"
IC-94236,existence_flag,not_ic,2026-09-28,"RESOLUTE ELEVATOR LLC: modular elevator systems are not industrialized construction (web research close-call scope ruling 8, ruled by owner)"
IC-93158,existence_flag,not_ic,2026-09-28,"Porta Carport, Inc.: carports and metal storage buildings are not industrialized construction (web research close-call scope ruling 9, ruled by owner)"
IC-94583,existence_flag,not_ic,2026-09-28,"SYMMETRY PRODUCTS DIV OF LANCE INDUSTRIES: facade panels, stairs and balconies are not industrialized construction (web research close-call scope ruling 10, ruled by owner)"
IC-96114,existence_flag,not_ic,2026-09-28,"METHOD BUILDING SYSTEMS, LLC: facade panels, stairs and balconies are not industrialized construction (web research close-call scope ruling 10, ruled by owner)"
IC-72021,existence_flag,not_ic,2026-09-28,"Binghamton Precast & Supply Corp.: infrastructure precast (culverts, bridge, highway, utility) is not industrialized construction (web research close-call scope ruling 11, ruled by owner)"
IC-95616,existence_flag,not_ic,2026-09-28,"The Fort Miller Co., Inc. (DBA Fort Miller Precast): infrastructure precast (culverts, bridge, highway, utility) is not industrialized construction (web research close-call scope ruling 11, ruled by owner)"
IC-92712,existence_flag,not_ic,2026-09-28,"Concrete Systems Inc.: infrastructure precast (culverts, bridge, highway, utility) is not industrialized construction (web research close-call scope ruling 11, ruled by owner)"
IC-92740,existence_flag,not_ic,2026-09-28,"Dalworth Concrete Products, Inc.: infrastructure precast (culverts, bridge, highway, utility) is not industrialized construction (web research close-call scope ruling 11, ruled by owner)"
IC-92744,existence_flag,not_ic,2026-09-28,"Dekalb Conc.Products (Decatur): infrastructure precast (culverts, bridge, highway, utility) is not industrialized construction (web research close-call scope ruling 11, ruled by owner)"
IC-92745,existence_flag,not_ic,2026-09-28,"Dekalb Conc.Products (Eastanolle plant: infrastructure precast (culverts, bridge, highway, utility) is not industrialized construction (web research close-call scope ruling 11, ruled by owner)"
IC-93525,existence_flag,not_ic,2026-09-28,"Heritage Homes: the same phone and city now belong to Heritage Industries, 905 Centennial Rd, Wayne NE, 'World Leader in ATM Kiosks'; no home plant at this record (web research close call, office/wrong site, ruled by owner)"
IC-95070,existence_flag,not_ic,2026-09-28,"Honomobo Manufacturing Ltd/Honomobo Corp.: Edmonton AB office; the plant is at 3925 8th Street, Nisku, AB, Canada, outside the US (web research close call, office/wrong site, ruled by owner)"
IC-94136,existence_flag,not_ic,2026-09-28,"MECART CORP.: 880 Antioch Church Rd Ste 200, Greenville SC is a US office suite; MECART builds acoustic modular buildings and e-houses in Canada (web research close call, office/wrong site, ruled by owner)"
IC-95095,existence_flag,not_ic,2026-09-28,"Panelmatic Brookfield: e-houses, modular equipment/mechanical/data-center modules and equipment shelters are not industrialized construction (web research close-call scope ruling 3, e-house follow-up, ruled by owner)"
IC-93509,existence_flag,not_ic,2026-09-28,"ENVIRONMENTAL AIR SYSTEMS LLC: e-houses, modular equipment/mechanical/data-center modules and equipment shelters are not industrialized construction (web research close-call scope ruling 3, e-house follow-up, ruled by owner)"
IC-93510,existence_flag,not_ic,2026-09-28,"Environmental Air Systems - McWay Plant: e-houses, modular equipment/mechanical/data-center modules and equipment shelters are not industrialized construction (web research close-call scope ruling 3, e-house follow-up, ruled by owner)"
IC-95006,existence_flag,not_ic,2026-09-28,"Environmental Air Systems: e-houses, modular equipment/mechanical/data-center modules and equipment shelters are not industrialized construction (web research close-call scope ruling 3, e-house follow-up, ruled by owner)"
IC-94181,existence_flag,not_ic,2026-09-28,"W-INDUSTRIES OF TEXAS: e-houses, modular equipment/mechanical/data-center modules and equipment shelters are not industrialized construction (web research close-call scope ruling 3, e-house follow-up, ruled by owner)"
IC-94217,existence_flag,not_ic,2026-09-28,"INTEGRA MISSION CRITICAL LLC: e-houses, modular equipment/mechanical/data-center modules and equipment shelters are not industrialized construction (web research close-call scope ruling 3, e-house follow-up, ruled by owner)"
IC-94124,existence_flag,not_ic,2026-09-28,"INNOVATIVE CONTROL SOLUTIONS, INC: e-houses, modular equipment/mechanical/data-center modules and equipment shelters are not industrialized construction (web research close-call scope ruling 3, e-house follow-up, ruled by owner)"
IC-94162,existence_flag,not_ic,2026-09-28,"SMITH ANALYTICAL LLC: e-houses, modular equipment/mechanical/data-center modules and equipment shelters are not industrialized construction (web research close-call scope ruling 3, e-house follow-up, ruled by owner)"
IC-94161,existence_flag,not_ic,2026-09-28,"SERVTECH INC: e-houses, modular equipment/mechanical/data-center modules and equipment shelters are not industrialized construction (web research close-call scope ruling 3, e-house follow-up, ruled by owner)"
IC-94873,existence_flag,not_ic,2026-09-28,"VFP Inc: e-houses, modular equipment/mechanical/data-center modules and equipment shelters are not industrialized construction (web research close-call scope ruling 3, e-house follow-up, ruled by owner)"
IC-95441,existence_flag,not_ic,2026-09-28,"Thermo Bond Buildings LLC: e-houses, modular equipment/mechanical/data-center modules and equipment shelters are not industrialized construction (web research close-call scope ruling 3, e-house follow-up, ruled by owner)"
IC-91653,existence_flag,not_ic,2026-09-28,"GLOBAL POWER COMPONENTS: e-houses, modular equipment/mechanical/data-center modules and equipment shelters are not industrialized construction (web research close-call scope ruling 3, e-house follow-up, ruled by owner)"
IC-94190,existence_flag,not_ic,2026-09-28,"ASCEND AUTOMATION & CONTROLS, LLC: e-houses, modular equipment/mechanical/data-center modules and equipment shelters are not industrialized construction (web research close-call scope ruling 3, e-house follow-up, ruled by owner)"
IC-93146,existence_flag,not_ic,2026-09-28,"Phoenix Products (Modular Buildings): phoenixprods.com: 'A premier manufacturer of generator enclosures, base tanks, aboveground fuel tanks & fuel delivery systems ... 1544 E 8th Street, Jacksonville, FL', the record's address; equipment enclosures are out of scope (web research re-research wr-prod-009, scope ruling 3, ruled by owner)"
IC-96106,existence_flag,not_ic,2026-09-28,"157951 - MMDI, INC. DBA STEEL POINT, LLC: 200 Beltway Blvd, Wesley Chapel NC makes equipment trailers ('Equipment Trailers Dump Trailers Tilt Trailers ... Utility Trailers', steel-point.com), not industrialized construction (web research re-research wr-prod-009, ruled by owner)"
IC-18339,existence_flag,not_ic,2026-09-29,"MD BARNMASTER: makes barns (horse barns and stalls), not industrialized construction; the HUD Modular tag was wrong (ruled by owner)"
IC-95469,existence_flag,not_ic,2026-09-29,"Steeler, Inc.: roll-forms light-gauge steel studs and framing ('We manufacture light gauge steel framing products'); the owner ruled this plant not IC (only this record; the Light Gauge Steel Structural Components category stays in scope) (ruled by owner)"
IC-95506,existence_flag,not_ic,2026-09-29,"New Millennium Building Systems, Continental OH: steel joists, joist girders and deck; the owner ruled this plant not IC (only this record; the other New Millennium and Vulcraft plants stay in scope) (ruled by owner)"
IC-93906,existence_flag,not_ic,2026-09-29,"CROWN TECHNICAL SYSTEMS, LLC: makes electrical enclosures (boxes), not industrialized construction; the HUD Modular tag was wrong (ruled by owner)"
IC-93870,existence_flag,not_ic,2026-09-29,"ARCTIC INDUSTRIES LLC: makes refrigeration (walk-in coolers and freezers), not modular buildings; the Wood Volumetric Modular tag was wrong (ruled by owner)"
IC-00457,capability_leaf,Light Gauge Steel Structural Components,2026-09-29,"Valley Joist East: research says Light Gauge Steel Structural Components, not the model's Wood Structural Components (Trusses, etc.): Plant is ""Valley Joist East"" (steel joists); record address differs, duplicate of IC-04597. (capability audit 2026-09-29, ruled by owner)"
IC-00457,capability_group,Other,2026-09-29,"Valley Joist East: research says Light Gauge Steel Structural Components, not the model's Wood Structural Components (Trusses, etc.): Plant is ""Valley Joist East"" (steel joists); record address differs, duplicate of IC-04597. (capability audit 2026-09-29, ruled by owner)"
IC-01140,capability_leaf,Precast Concrete Panel,2026-09-29,"MODULAR CONNECTIONS LLC: research says Precast Concrete Panel, not the model's Wood Volumetric Modular: ""concrete building systems, wall systems, and storm shelters""; wall systems are IC, not wood modular. (capability audit 2026-09-29, ruled by owner)"
IC-01140,capability_group,Panel,2026-09-29,"MODULAR CONNECTIONS LLC: research says Precast Concrete Panel, not the model's Wood Volumetric Modular: ""concrete building systems, wall systems, and storm shelters""; wall systems are IC, not wood modular. (capability audit 2026-09-29, ruled by owner)"
IC-01212,existence_flag,not_ic,2026-09-29,"MASTERCRAFT WOODWORKS INC.: cabinets: 'A directory identifies Mastercraft Woodworks at 3706 Indian Hills Rd SE as a cabinet manufacturer.'; the model's Closed Wood Panel tag was wrong (capability audit 2026-09-29, ruled by owner)"
IC-02969,capability_leaf,"Wood Structural Components (Trusses, etc.)",2026-09-29,"CLAYTON SUPPLY GUIN: research says Wood Structural Components (Trusses, etc.), not the model's HUD Modular: ""factory-inspected producer of metal plate connected wood trusses for manufactured homes""; not a HUD home plant. (capability audit 2026-09-29, ruled by owner)"
IC-02969,capability_group,Other,2026-09-29,"CLAYTON SUPPLY GUIN: research says Wood Structural Components (Trusses, etc.), not the model's HUD Modular: ""factory-inspected producer of metal plate connected wood trusses for manufactured homes""; not a HUD home plant. (capability audit 2026-09-29, ruled by owner)"
IC-03217,capability_leaf,Light Gauge Steel Structural Components,2026-09-29,"ADDISON STEEL TRUSS: research says Light Gauge Steel Structural Components, not the model's Wood Structural Components (Trusses, etc.): ""supplies fabricated steel trusses; the... wood-component classification conflict[s] with its own site"". (capability audit 2026-09-29, ruled by owner)"
IC-03217,capability_group,Other,2026-09-29,"ADDISON STEEL TRUSS: research says Light Gauge Steel Structural Components, not the model's Wood Structural Components (Trusses, etc.): ""supplies fabricated steel trusses; the... wood-component classification conflict[s] with its own site"". (capability audit 2026-09-29, ruled by owner)"
IC-04124,existence_flag,not_ic,2026-09-29,"SUPERIOR WOOD COMPONENTS, INC.: cabinet and door components: Business 'appears to make cabinet and passage-door components'; corporation dissolved 2015. No truss evidence.; the model's Wood Structural Components (Trusses, etc.) tag was wrong (capability audit 2026-09-29, ruled by owner)"
IC-04282,capability_leaf,Exterior Envelope Panels,2026-09-29,"Allsouth Pre-Engineered Components, LLC: research says Exterior Envelope Panels, not the model's Pre-Engineered Metal Building: ""metal roofing and siding panels plus secondary girts and purlins... rather than a full pre-engineered metal-building plant"". (capability audit 2026-09-29, ruled by owner)"
IC-04282,capability_group,Panel,2026-09-29,"Allsouth Pre-Engineered Components, LLC: research says Exterior Envelope Panels, not the model's Pre-Engineered Metal Building: ""metal roofing and siding panels plus secondary girts and purlins... rather than a full pre-engineered metal-building plant"". (capability audit 2026-09-29, ruled by owner)"
IC-04298,existence_flag,not_ic,2026-09-29,"Aqua Marine Enterprises, Inc.: storm shelters: ""manufacturer of Safe-T-Shelter prefabricated storm rooms""; storm shelters/small shelters are ruled not IC.; the model's Pre-Engineered Metal Building tag was wrong (capability audit 2026-09-29, ruled by owner)"
IC-07972,capability_leaf,Exterior Envelope Panels,2026-09-29,"NUCOR INSULATED PANEL GROUP, LLC: research says Exterior Envelope Panels, not the model's Closed LGS Panel: ""insulated metal panel manufacturing"" at Sheridan; ""Correct ... the panel category"". (capability audit 2026-09-29, ruled by owner)"
IC-07972,capability_group,Panel,2026-09-29,"NUCOR INSULATED PANEL GROUP, LLC: research says Exterior Envelope Panels, not the model's Closed LGS Panel: ""insulated metal panel manufacturing"" at Sheridan; ""Correct ... the panel category"". (capability audit 2026-09-29, ruled by owner)"
IC-08091,capability_leaf,"Wood Structural Components (Trusses, etc.)",2026-09-29,"ANTHONY FOREST PRODUCTS COMPANY, LLC (LAMINATING PLANT): research says Wood Structural Components (Trusses, etc.), not the model's Mass Timber (CLT): ""laminated beams and logs used in building construction""; ""glulam structural timber rather than CLT"". (capability audit 2026-09-29, ruled by owner)"
IC-08091,capability_group,Other,2026-09-29,"ANTHONY FOREST PRODUCTS COMPANY, LLC (LAMINATING PLANT): research says Wood Structural Components (Trusses, etc.), not the model's Mass Timber (CLT): ""laminated beams and logs used in building construction""; ""glulam structural timber rather than CLT"". (capability audit 2026-09-29, ruled by owner)"
IC-09134,capability_leaf,Exterior Envelope Panels,2026-09-29,"ALL WEATHER INSULATED PANELS: research says Exterior Envelope Panels, not the model's Closed LGS Panel: ""Little Rock production of insulated metal roof deck panels... exterior envelope panels rather than closed LGS panels"". (capability audit 2026-09-29, ruled by owner)"
IC-09134,capability_group,Panel,2026-09-29,"ALL WEATHER INSULATED PANELS: research says Exterior Envelope Panels, not the model's Closed LGS Panel: ""Little Rock production of insulated metal roof deck panels... exterior envelope panels rather than closed LGS panels"". (capability audit 2026-09-29, ruled by owner)"
IC-10217,existence_flag,not_ic,2026-09-29,"OPEN ENCLOSE, LLC: window/door sales and installation contractor: 'describes a window-and-door sales, installation, replacement and repair company, not open wood panel production.'; the model's Open Wood Panel tag was wrong (capability audit 2026-09-29, ruled by owner)"
IC-10372,capability_leaf,"Wood Structural Components (Trusses, etc.)",2026-09-29,"PACIFIC WOODTECH CORP.: research says Wood Structural Components (Trusses, etc.), not the model's Mass Timber (CLT): ""I-joist factory... makes engineered wood structural joists, not the inherited CLT product"". (capability audit 2026-09-29, ruled by owner)"
IC-10372,capability_group,Other,2026-09-29,"PACIFIC WOODTECH CORP.: research says Wood Structural Components (Trusses, etc.), not the model's Mass Timber (CLT): ""I-joist factory... makes engineered wood structural joists, not the inherited CLT product"". (capability audit 2026-09-29, ruled by owner)"
IC-10411,capability_leaf,Light Gauge Steel Structural Components,2026-09-29,"Frametek Steel Products: research says Light Gauge Steel Structural Components, not the model's Open LGS Panel: ""makes framing members such as studs and tracks, so the inherited open-panel leaf is not supported"". (capability audit 2026-09-29, ruled by owner)"
IC-10411,capability_group,Other,2026-09-29,"Frametek Steel Products: research says Light Gauge Steel Structural Components, not the model's Open LGS Panel: ""makes framing members such as studs and tracks, so the inherited open-panel leaf is not supported"". (capability audit 2026-09-29, ruled by owner)"
IC-10757,capability_leaf,Steel Volumetric Modular,2026-09-29,"FAST STRUCT INC: research says Steel Volumetric Modular, not the model's Light Gauge Steel Structural Components: ""light-gauge-steel modular and panelized homes... three-dimensional steel volumes and flat-packed wall, floor and roof panels"". (capability audit 2026-09-29, ruled by owner)"
IC-10757,capability_group,Modular,2026-09-29,"FAST STRUCT INC: research says Steel Volumetric Modular, not the model's Light Gauge Steel Structural Components: ""light-gauge-steel modular and panelized homes... three-dimensional steel volumes and flat-packed wall, floor and roof panels"". (capability audit 2026-09-29, ruled by owner)"
IC-11144,capability_leaf,Light Gauge Steel Structural Components,2026-09-29,"CEMCO: research says Light Gauge Steel Structural Components, not the model's Pre-Engineered Metal Building: ""produces cold-formed steel framing and expanded-metal lath there""; PEMB leaf wrong. (capability audit 2026-09-29, ruled by owner)"
IC-11144,capability_group,Other,2026-09-29,"CEMCO: research says Light Gauge Steel Structural Components, not the model's Pre-Engineered Metal Building: ""produces cold-formed steel framing and expanded-metal lath there""; PEMB leaf wrong. (capability audit 2026-09-29, ruled by owner)"
IC-11528,existence_flag,not_ic,2026-09-29,"B.I.G. ENTERPRISES: guard booths: 'manufactures steel booths, shelters, kiosks, and portable buildings (e.g., guard booths, toll booths)'.; the model's Wood Volumetric Modular tag was wrong (capability audit 2026-09-29, ruled by owner)"
IC-11675,existence_flag,not_ic,2026-09-29,"LIPPERT COMPONENTS: steel chassis/trailers: 'Plant 29 at 168 S Spruce as manufactured-housing steel chassis and trailer production, rather than wood trusses.'; the model's Wood Structural Components (Trusses, etc.) tag was wrong (capability audit 2026-09-29, ruled by owner)"
IC-11735,existence_flag,not_ic,2026-09-29,"COLD STORAGE MANUFACTURING INC: cold-storage doors: 'describes fabrication of cold-storage doors and related installation services'; nothing links to wood modular.; the model's Wood Volumetric Modular tag was wrong (capability audit 2026-09-29, ruled by owner)"
IC-12208,capability_leaf,"Wood Structural Components (Trusses, etc.)",2026-09-29,"Sierra Log & Timber: research says Wood Structural Components (Trusses, etc.), not the model's Wood Volumetric Modular: ""log-home packages and structurally graded log and timber products... not complete volumetric modules"". (capability audit 2026-09-29, ruled by owner)"
IC-12208,capability_group,Other,2026-09-29,"Sierra Log & Timber: research says Wood Structural Components (Trusses, etc.), not the model's Wood Volumetric Modular: ""log-home packages and structurally graded log and timber products... not complete volumetric modules"". (capability audit 2026-09-29, ruled by owner)"
IC-12271,capability_leaf,Exterior Envelope Panels,2026-09-29,"ASC PROFILES INC DBA AEP SPAN: research says Exterior Envelope Panels, not the model's Open LGS Panel: ""metal-roof-panel specification"" at Fontana; whether plant still operates is unresolved, but product is envelope panels, not open LGS. (capability audit 2026-09-29, ruled by owner)"
IC-12271,capability_group,Panel,2026-09-29,"ASC PROFILES INC DBA AEP SPAN: research says Exterior Envelope Panels, not the model's Open LGS Panel: ""metal-roof-panel specification"" at Fontana; whether plant still operates is unresolved, but product is envelope panels, not open LGS. (capability audit 2026-09-29, ruled by owner)"
IC-12335,capability_leaf,Pre-Engineered Metal Building,2026-09-29,"Nunno Corporation: research says Pre-Engineered Metal Building, not the model's Open LGS Panel: ""engineered steel buildings are completely pre-manufactured with erection plans... not open light-gauge steel panels"". (capability audit 2026-09-29, ruled by owner)"
IC-12335,capability_group,Other,2026-09-29,"Nunno Corporation: research says Pre-Engineered Metal Building, not the model's Open LGS Panel: ""engineered steel buildings are completely pre-manufactured with erection plans... not open light-gauge steel panels"". (capability audit 2026-09-29, ruled by owner)"
IC-12964,capability_leaf,Light Gauge Steel Structural Components,2026-09-29,"SCAFCO Steel Stud Company: research says Light Gauge Steel Structural Components, not the model's Open LGS Panel: ""steel framing studs, tracks, and headers rather than preassembled open wall panels"". (capability audit 2026-09-29, ruled by owner)"
IC-12964,capability_group,Other,2026-09-29,"SCAFCO Steel Stud Company: research says Light Gauge Steel Structural Components, not the model's Open LGS Panel: ""steel framing studs, tracks, and headers rather than preassembled open wall panels"". (capability audit 2026-09-29, ruled by owner)"
IC-13745,capability_leaf,Closed LGS Panel,2026-09-29,"Cover Technologies Inc.: research says Closed LGS Panel, not the model's Pre-Engineered Metal Building: ""all-steel, integrated flat-pack building panels for houses and ADUs""; PEMB subtype incorrect. (capability audit 2026-09-29, ruled by owner)"
IC-13745,capability_group,Panel,2026-09-29,"Cover Technologies Inc.: research says Closed LGS Panel, not the model's Pre-Engineered Metal Building: ""all-steel, integrated flat-pack building panels for houses and ADUs""; PEMB subtype incorrect. (capability audit 2026-09-29, ruled by owner)"
IC-13875,capability_leaf,Steel Volumetric Modular,2026-09-29,"IPME CORPORATION: research says Steel Volumetric Modular, not the model's Pre-Engineered Metal Building: ""ICC-ES evaluates steel building modules fabricated at the IPME facility""; PEMB leaf wrong. (capability audit 2026-09-29, ruled by owner)"
IC-13875,capability_group,Modular,2026-09-29,"IPME CORPORATION: research says Steel Volumetric Modular, not the model's Pre-Engineered Metal Building: ""ICC-ES evaluates steel building modules fabricated at the IPME facility""; PEMB leaf wrong. (capability audit 2026-09-29, ruled by owner)"
IC-14917,capability_leaf,Wood Volumetric Modular,2026-09-29,"FACTORY OS LLC: research says Wood Volumetric Modular, not the model's Open Wood Panel: ""producing modular multifamily housing off-site... volumetric modular components"". (capability audit 2026-09-29, ruled by owner)"
IC-14917,capability_group,Modular,2026-09-29,"FACTORY OS LLC: research says Wood Volumetric Modular, not the model's Open Wood Panel: ""producing modular multifamily housing off-site... volumetric modular components"". (capability audit 2026-09-29, ruled by owner)"
IC-17548,existence_flag,not_ic,2026-09-29,"TEAL LLC: hazardous-material storage buildings: ""Chem-Stor describes manufacturing modular steel hazardous-material storage buildings"" at this address; ruled not IC.; the model's Pre-Engineered Metal Building tag was wrong (capability audit 2026-09-29, ruled by owner)"
IC-17601,capability_leaf,Exterior Envelope Panels,2026-09-29,"ACERO CA BUILDING COMPONENTS LLC: research says Exterior Envelope Panels, not the model's Pre-Engineered Metal Building: ""metal wall/roof panels... rather than complete pre-engineered buildings"". (capability audit 2026-09-29, ruled by owner)"
IC-17601,capability_group,Panel,2026-09-29,"ACERO CA BUILDING COMPONENTS LLC: research says Exterior Envelope Panels, not the model's Pre-Engineered Metal Building: ""metal wall/roof panels... rather than complete pre-engineered buildings"". (capability audit 2026-09-29, ruled by owner)"
IC-17609,capability_leaf,Steel Volumetric Modular,2026-09-29,"SOLA MODEL/Z FACILITY 1 LLC: research says Steel Volumetric Modular, not the model's Pre-Engineered Metal Building: ""volumetric modules made at that factory... PEMB label should be replaced by steel volumetric modular"". (capability audit 2026-09-29, ruled by owner)"
IC-17609,capability_group,Modular,2026-09-29,"SOLA MODEL/Z FACILITY 1 LLC: research says Steel Volumetric Modular, not the model's Pre-Engineered Metal Building: ""volumetric modules made at that factory... PEMB label should be replaced by steel volumetric modular"". (capability audit 2026-09-29, ruled by owner)"
IC-18060,capability_leaf,Relocatable Modular,2026-09-29,"NEXTMOD INC: research says Relocatable Modular, not the model's Pre-Engineered Metal Building: ""designs and manufactures modular buildings"" at Perris; PEMB leaf unsupported. (capability audit 2026-09-29, ruled by owner)"
IC-18060,capability_group,Modular,2026-09-29,"NEXTMOD INC: research says Relocatable Modular, not the model's Pre-Engineered Metal Building: ""designs and manufactures modular buildings"" at Perris; PEMB leaf unsupported. (capability audit 2026-09-29, ruled by owner)"
IC-18392,existence_flag,not_ic,2026-09-29,"JOAQUIN MANUFACTURING CORP: equipment enclosures: ""prefabricated equipment enclosures (substation buildings, switchgear buildings, shelters)""; ruled not IC.; the model's Wood Volumetric Modular tag was wrong (capability audit 2026-09-29, ruled by owner)"
IC-19245,existence_flag,not_ic,2026-09-29,"LINDSAY PRECAST LLC - DACONO: infrastructure precast: 'Dacono production of bridge and box culvert products'; no building panels.; the model's Precast Concrete Panel tag was wrong (capability audit 2026-09-29, ruled by owner)"
IC-19378,existence_flag,not_ic,2026-09-29,"LINDSAY PRECAST, INC.: infrastructure precast: Products 'include precast light-pole bases and bridge/culvert structures'; no building-panel production.; the model's Precast Concrete Panel tag was wrong (capability audit 2026-09-29, ruled by owner)"
IC-19659,capability_leaf,Precast Concrete Panel,2026-09-29,"United Concrete Products, Inc.: research says Precast Concrete Panel, not the model's Wood Volumetric Modular: ""wall/architectural panels and building components... this is a concrete precast plant""; wood volumetric erroneous. (capability audit 2026-09-29, ruled by owner)"
IC-19659,capability_group,Panel,2026-09-29,"United Concrete Products, Inc.: research says Precast Concrete Panel, not the model's Wood Volumetric Modular: ""wall/architectural panels and building components... this is a concrete precast plant""; wood volumetric erroneous. (capability audit 2026-09-29, ruled by owner)"
IC-20286,capability_leaf,"Wood Structural Components (Trusses, etc.)",2026-09-29,"MIPS OF SANFORD, LLC: research says Wood Structural Components (Trusses, etc.), not the model's Closed Wood Panel: ""roof and floor trusses, wall panels... closed-wood-panel leaf is too narrow; trusses are confirmed directly"". (capability audit 2026-09-29, ruled by owner)"
IC-20286,capability_group,Other,2026-09-29,"MIPS OF SANFORD, LLC: research says Wood Structural Components (Trusses, etc.), not the model's Closed Wood Panel: ""roof and floor trusses, wall panels... closed-wood-panel leaf is too narrow; trusses are confirmed directly"". (capability audit 2026-09-29, ruled by owner)"
IC-20897,capability_leaf,Light Gauge Steel Structural Components,2026-09-29,"NEW MILLENNIUM BUILDING SYSTEMS, LLC.: research says Light Gauge Steel Structural Components, not the model's Pre-Engineered Metal Building: ""manufactures steel joists and deck""; components, not complete metal buildings. (capability audit 2026-09-29, ruled by owner)"
IC-20897,capability_group,Other,2026-09-29,"NEW MILLENNIUM BUILDING SYSTEMS, LLC.: research says Light Gauge Steel Structural Components, not the model's Pre-Engineered Metal Building: ""manufactures steel joists and deck""; components, not complete metal buildings. (capability audit 2026-09-29, ruled by owner)"
IC-21121,capability_leaf,Light Gauge Steel Structural Components,2026-09-29,"ClarkDietrich Building Systems: research says Light Gauge Steel Structural Components, not the model's Closed LGS Panel: ""structural and nonstructural cold-formed steel framing production... framing members, not completed panels"". (capability audit 2026-09-29, ruled by owner)"
IC-21121,capability_group,Other,2026-09-29,"ClarkDietrich Building Systems: research says Light Gauge Steel Structural Components, not the model's Closed LGS Panel: ""structural and nonstructural cold-formed steel framing production... framing members, not completed panels"". (capability audit 2026-09-29, ruled by owner)"
IC-22145,capability_leaf,Exterior Envelope Panels,2026-09-29,"KINGSPAN INSULATED PANELS: research says Exterior Envelope Panels, not the model's Closed LGS Panel: Kingspan Insulated Panels with 'active laminator' next door; insulated panels are envelope panels, not Closed LGS Panel. (capability audit 2026-09-29, ruled by owner)"
IC-22145,capability_group,Panel,2026-09-29,"KINGSPAN INSULATED PANELS: research says Exterior Envelope Panels, not the model's Closed LGS Panel: Kingspan Insulated Panels with 'active laminator' next door; insulated panels are envelope panels, not Closed LGS Panel. (capability audit 2026-09-29, ruled by owner)"
IC-22539,capability_leaf,SIP / ICF (Other Composite Panel),2026-09-29,"Structall Building Systems, Inc.: research says SIP / ICF (Other Composite Panel), not the model's Pre-Engineered Metal Building: ""'manufacturer' of structural insulated panels (SIPs)"". (capability audit 2026-09-29, ruled by owner)"
IC-22539,capability_group,Panel,2026-09-29,"Structall Building Systems, Inc.: research says SIP / ICF (Other Composite Panel), not the model's Pre-Engineered Metal Building: ""'manufacturer' of structural insulated panels (SIPs)"". (capability audit 2026-09-29, ruled by owner)"
IC-23187,existence_flag,not_ic,2026-09-29,"FORMETCO INC.: billboards: Formetco at the address is 'a manufacturer of Billboards and Outdoor Displays'; second reading only lacked detail.; the model's Pre-Engineered Metal Building tag was wrong (capability audit 2026-09-29, ruled by owner)"
IC-30755,capability_leaf,Exterior Envelope Panels,2026-09-29,"MCELROY METAL MILL, INC.: research says Exterior Envelope Panels, not the model's Pre-Engineered Metal Building: ""manufacturing site for factory-finished metal wall cladding""; PEMB leaf too broad. (capability audit 2026-09-29, ruled by owner)"
IC-30755,capability_group,Panel,2026-09-29,"MCELROY METAL MILL, INC.: research says Exterior Envelope Panels, not the model's Pre-Engineered Metal Building: ""manufacturing site for factory-finished metal wall cladding""; PEMB leaf too broad. (capability audit 2026-09-29, ruled by owner)"
IC-30873,existence_flag,not_ic,2026-09-29,"HANDI-HOUSE MFG. CO.: portable storage buildings: ""build portable wood- and steel-framed storage buildings for shipment to dealers""; portable storage buildings ruled not IC.; the model's Pre-Engineered Metal Building tag was wrong (capability audit 2026-09-29, ruled by owner)"
IC-30881,capability_leaf,Exterior Envelope Panels,2026-09-29,"UNITED PANEL CORPORATION: research says Exterior Envelope Panels, not the model's Pre-Engineered Metal Building: ""in-house fabrication of aluminum composite material wall panels for commercial buildings""; not PEMB. (capability audit 2026-09-29, ruled by owner)"
IC-30881,capability_group,Panel,2026-09-29,"UNITED PANEL CORPORATION: research says Exterior Envelope Panels, not the model's Pre-Engineered Metal Building: ""in-house fabrication of aluminum composite material wall panels for commercial buildings""; not PEMB. (capability audit 2026-09-29, ruled by owner)"
IC-32387,existence_flag,not_ic,2026-09-29,"ELECTRICON USA LLC: e-houses: ""factory-builds, wires and tests portable EHouse electrical rooms""; e-houses ruled not IC.; the model's Wood Structural Components (Trusses, etc.) tag was wrong (capability audit 2026-09-29, ruled by owner)"
IC-35444,existence_flag,not_ic,2026-09-29,"MODUTEK INTERNATIONAL LLC: generator / electrical enclosures: ""makes generator-set and electrical-equipment enclosures... modular electrical power buildings""; enclosures and e-houses ruled not IC.; the model's Wood Volumetric Modular tag was wrong (capability audit 2026-09-29, ruled by owner)"
IC-36240,existence_flag,not_ic,2026-09-29,"YANCEY ENGINEERED SOLUTIONS: generator / switchgear enclosures: ""enclosure manufacturing... walk-in generator and switchgear housing""; ruled not IC.; the model's Wood Structural Components (Trusses, etc.) tag was wrong (capability audit 2026-09-29, ruled by owner)"
IC-47681,existence_flag,not_ic,2026-09-29,"GREGORY EQUIPMENT & MANUFACTURING CO INC: boat trailers: 'identifies Gregory Equipment ... at the exact 1314 17th Street address as a builder of marina boat trailers' (1981).; the model's Wood Structural Components (Trusses, etc.) tag was wrong (capability audit 2026-09-29, ruled by owner)"
IC-48074,existence_flag,not_ic,2026-09-29,"Rinker Materials - Iowa Falls: infrastructure precast: 'associates Iowa Falls with precast bridge girders, headwalls, and culverts'.; the model's Precast Concrete Panel tag was wrong (capability audit 2026-09-29, ruled by owner)"
IC-49042,existence_flag,not_ic,2026-09-29,"JOHNSON THERMAL SYSTEMS: generator enclosures: ""factory for generator enclosures... fully integrated generator enclosures and ready-to-deploy modular power systems""; ruled not IC.; the model's Pre-Engineered Metal Building tag was wrong (capability audit 2026-09-29, ruled by owner)"
IC-50889,existence_flag,not_ic,2026-09-29,"LEISURE WOODS, INC.: gazebo kits: 'Leisure Woods produced prefabricated gazebo kits'.; the model's Wood Structural Components (Trusses, etc.) tag was wrong (capability audit 2026-09-29, ruled by owner)"
IC-51024,existence_flag,not_ic,2026-09-29,"CARDINAL INDUSTRIES, INC.: plywood/cabinets and shelving: 'classifies it as veneer/plywood manufacturing; a directory describes cabinets and shelving'.; the model's Wood Structural Components (Trusses, etc.) tag was wrong (capability audit 2026-09-29, ruled by owner)"
IC-53449,capability_leaf,Exterior Envelope Panels,2026-09-29,"ADVANCED INSULATION CONCEPTS, INC.: research says Exterior Envelope Panels, not the model's Closed LGS Panel: ""ISOWALL insulating sandwich building panels and fire-rated wall panels"". (capability audit 2026-09-29, ruled by owner)"
IC-53449,capability_group,Panel,2026-09-29,"ADVANCED INSULATION CONCEPTS, INC.: research says Exterior Envelope Panels, not the model's Closed LGS Panel: ""ISOWALL insulating sandwich building panels and fire-rated wall panels"". (capability audit 2026-09-29, ruled by owner)"
IC-54036,capability_leaf,Steel Volumetric Modular,2026-09-29,"ARMAG Corporation: research says Steel Volumetric Modular, not the model's Pre-Engineered Metal Building: ""manufactures modular facilities (steel volumetric modular...)"" at 300 Armag Avenue. (capability audit 2026-09-29, ruled by owner)"
IC-54036,capability_group,Modular,2026-09-29,"ARMAG Corporation: research says Steel Volumetric Modular, not the model's Pre-Engineered Metal Building: ""manufactures modular facilities (steel volumetric modular...)"" at 300 Armag Avenue. (capability audit 2026-09-29, ruled by owner)"
IC-55210,capability_leaf,"Wood Structural Components (Trusses, etc.)",2026-09-29,"WEYERHAEUSER CO - NATCHITOCHES PLANT: research says Wood Structural Components (Trusses, etc.), not the model's Mass Timber (CLT): ""TJI wood I-joists and Microllam LVL in Natchitoches""; no CLT. (capability audit 2026-09-29, ruled by owner)"
IC-55210,capability_group,Other,2026-09-29,"WEYERHAEUSER CO - NATCHITOCHES PLANT: research says Wood Structural Components (Trusses, etc.), not the model's Mass Timber (CLT): ""TJI wood I-joists and Microllam LVL in Natchitoches""; no CLT. (capability audit 2026-09-29, ruled by owner)"
IC-55214,capability_leaf,"Wood Structural Components (Trusses, etc.)",2026-09-29,"Boise Cascade Wood Products LLC: research says Wood Structural Components (Trusses, etc.), not the model's Mass Timber (CLT): ""structural I-joists and laminated beams""; ""sources do not identify cross-laminated timber"". (capability audit 2026-09-29, ruled by owner)"
IC-55214,capability_group,Other,2026-09-29,"Boise Cascade Wood Products LLC: research says Wood Structural Components (Trusses, etc.), not the model's Mass Timber (CLT): ""structural I-joists and laminated beams""; ""sources do not identify cross-laminated timber"". (capability audit 2026-09-29, ruled by owner)"
IC-55228,capability_leaf,Relocatable Modular,2026-09-29,"REDGUARD LLC: research says Relocatable Modular, not the model's Pre-Engineered Metal Building: ""production and service center where modular buildings are finished and fabricated""; Texas approved modular manufacturer. (capability audit 2026-09-29, ruled by owner)"
IC-55228,capability_group,Modular,2026-09-29,"REDGUARD LLC: research says Relocatable Modular, not the model's Pre-Engineered Metal Building: ""production and service center where modular buildings are finished and fabricated""; Texas approved modular manufacturer. (capability audit 2026-09-29, ruled by owner)"
IC-55312,capability_leaf,Exterior Envelope Panels,2026-09-29,"McElroy Metal: research says Exterior Envelope Panels, not the model's Pre-Engineered Metal Building: ""Bossier-made M-Cor roof and wall panels""; ""exterior panels rather than a complete pre-engineered building"". (capability audit 2026-09-29, ruled by owner)"
IC-55312,capability_group,Panel,2026-09-29,"McElroy Metal: research says Exterior Envelope Panels, not the model's Pre-Engineered Metal Building: ""Bossier-made M-Cor roof and wall panels""; ""exterior panels rather than a complete pre-engineered building"". (capability audit 2026-09-29, ruled by owner)"
IC-55665,existence_flag,not_ic,2026-09-29,"DAVIS BROS 26A #5-ALT TANK BATTERY - VER: oil well tank battery: 'The golden name describes a Davis Bros 26A #5-ALT tank battery'; petroleum wells, not a factory.; the model's Pre-Engineered Metal Building tag was wrong (capability audit 2026-09-29, ruled by owner)"
IC-57149,existence_flag,not_ic,2026-09-29,"ILEX WOODWORKING INC: millwork and cabinetry: 'describes Ilex Woodworking as an architectural millwork and cabinetry shop.'; the model's Closed Wood Panel tag was wrong (capability audit 2026-09-29, ruled by owner)"
IC-57417,capability_leaf,Light Gauge Steel Structural Components,2026-09-29,"ClarkDietrich Building Systems: research says Light Gauge Steel Structural Components, not the model's Closed LGS Panel: ""product declaration covers cold-formed steel framing components""; no panels mentioned. (capability audit 2026-09-29, ruled by owner)"
IC-57417,capability_group,Other,2026-09-29,"ClarkDietrich Building Systems: research says Light Gauge Steel Structural Components, not the model's Closed LGS Panel: ""product declaration covers cold-formed steel framing components""; no panels mentioned. (capability audit 2026-09-29, ruled by owner)"
IC-57851,capability_leaf,"Wood Structural Components (Trusses, etc.)",2026-09-29,"Northeastern Log Homes: research says Wood Structural Components (Trusses, etc.), not the model's Open Wood Panel: ""manufacturing facility makes its home packages"" (log homes); no panels mentioned. (capability audit 2026-09-29, ruled by owner)"
IC-57851,capability_group,Other,2026-09-29,"Northeastern Log Homes: research says Wood Structural Components (Trusses, etc.), not the model's Open Wood Panel: ""manufacturing facility makes its home packages"" (log homes); no panels mentioned. (capability audit 2026-09-29, ruled by owner)"
IC-57943,capability_leaf,"Wood Structural Components (Trusses, etc.)",2026-09-29,"Ward Cedar Log Homes: research says Wood Structural Components (Trusses, etc.), not the model's Open Wood Panel: ""Ward says it still manufactures log homes in Houlton""; no panels mentioned. (capability audit 2026-09-29, ruled by owner)"
IC-57943,capability_group,Other,2026-09-29,"Ward Cedar Log Homes: research says Wood Structural Components (Trusses, etc.), not the model's Open Wood Panel: ""Ward says it still manufactures log homes in Houlton""; no panels mentioned. (capability audit 2026-09-29, ruled by owner)"
IC-58070,existence_flag,not_ic,2026-09-29,"HILL VIEW MINI BARNS: barns/sheds: Name 'Hill View Mini Barns'; reason only shows sales/manufacturing site, no panel production. Mini barns are owner-ruled not IC.; the model's Open Wood Panel tag was wrong (capability audit 2026-09-29, ruled by owner)"
IC-58242,capability_leaf,SIP / ICF (Other Composite Panel),2026-09-29,"AFM Corporation - Team Industries/Marne Industries: research says SIP / ICF (Other Composite Panel), not the model's HUD Modular: 'a historic HUD bulletin listed SIP production there' (Team SIP); HUD Modular unsupported. Current operation unconfirmed (pallet company at address). (capability audit 2026-09-29, ruled by owner)"
IC-58242,capability_group,Panel,2026-09-29,"AFM Corporation - Team Industries/Marne Industries: research says SIP / ICF (Other Composite Panel), not the model's HUD Modular: 'a historic HUD bulletin listed SIP production there' (Team SIP); HUD Modular unsupported. Current operation unconfirmed (pallet company at address). (capability audit 2026-09-29, ruled by owner)"
IC-58847,existence_flag,not_ic,2026-09-29,"SYSTEMS CONTROL, A DIVISION OF NORTHERN STAR INDUSTRIES INC: electrical control panels: 'Systems Control manufacturing electrical control panels and relay products, not off-site construction components.'; the model's Pre-Engineered Metal Building tag was wrong (capability audit 2026-09-29, ruled by owner)"
IC-59050,existence_flag,not_ic,2026-09-29,"E.A.B. Fabrication Inc.: material handling equipment (racks, carts): ""manufactures steel racks and metal fabrication products""; ""industrial material handling equipment (racks, carts)"".; the model's Pre-Engineered Metal Building tag was wrong (capability audit 2026-09-29, ruled by owner)"
IC-63419,capability_leaf,Exterior Envelope Panels,2026-09-29,"UNIVERSE CORPORATION: research says Exterior Envelope Panels, not the model's HUD Modular: ""fabricates commercial facade panels""; HUD tag unsupported. (capability audit 2026-09-29, ruled by owner)"
IC-63419,capability_group,Panel,2026-09-29,"UNIVERSE CORPORATION: research says Exterior Envelope Panels, not the model's HUD Modular: ""fabricates commercial facade panels""; HUD tag unsupported. (capability audit 2026-09-29, ruled by owner)"
IC-63496,capability_leaf,Relocatable Modular,2026-09-29,"Starrco: research says Relocatable Modular, not the model's Pre-Engineered Metal Building: ""manufactures preassembled portable modular buildings at its Maryland Heights facility"". (capability audit 2026-09-29, ruled by owner)"
IC-63496,capability_group,Modular,2026-09-29,"Starrco: research says Relocatable Modular, not the model's Pre-Engineered Metal Building: ""manufactures preassembled portable modular buildings at its Maryland Heights facility"". (capability audit 2026-09-29, ruled by owner)"
IC-64624,capability_leaf,"Wood Structural Components (Trusses, etc.)",2026-09-29,"PIONEER LOG HOMES DBA TECHWOOD IND: research says Wood Structural Components (Trusses, etc.), not the model's Wood Volumetric Modular: ""handcrafted log homes and timber structures are made in Montana for shipment and assembly elsewhere"". (capability audit 2026-09-29, ruled by owner)"
IC-64624,capability_group,Other,2026-09-29,"PIONEER LOG HOMES DBA TECHWOOD IND: research says Wood Structural Components (Trusses, etc.), not the model's Wood Volumetric Modular: ""handcrafted log homes and timber structures are made in Montana for shipment and assembly elsewhere"". (capability audit 2026-09-29, ruled by owner)"
IC-64805,capability_leaf,"Wood Structural Components (Trusses, etc.)",2026-09-29,"MONTANA SUNDOWN DBA ROCKY MOUNTAIN LOG HOMES, LLC.: research says Wood Structural Components (Trusses, etc.), not the model's Wood Volumetric Modular: ""Hamilton manufacturing operation makes log and timber packages"". (capability audit 2026-09-29, ruled by owner)"
IC-64805,capability_group,Other,2026-09-29,"MONTANA SUNDOWN DBA ROCKY MOUNTAIN LOG HOMES, LLC.: research says Wood Structural Components (Trusses, etc.), not the model's Wood Volumetric Modular: ""Hamilton manufacturing operation makes log and timber packages"". (capability audit 2026-09-29, ruled by owner)"
IC-64859,capability_leaf,Precast Concrete Panel,2026-09-29,"Missoula Concrete Construction: research says Precast Concrete Panel, not the model's Wood Structural Components (Trusses, etc.): ""Missoula precast plant""; ""structural wall panels are fabricated off-site""; ""wood-truss classification ... incorrect"". (capability audit 2026-09-29, ruled by owner)"
IC-64859,capability_group,Panel,2026-09-29,"Missoula Concrete Construction: research says Precast Concrete Panel, not the model's Wood Structural Components (Trusses, etc.): ""Missoula precast plant""; ""structural wall panels are fabricated off-site""; ""wood-truss classification ... incorrect"". (capability audit 2026-09-29, ruled by owner)"
IC-64914,capability_leaf,"Wood Structural Components (Trusses, etc.)",2026-09-29,"Clayton Supply Richfield: research says Wood Structural Components (Trusses, etc.), not the model's HUD Modular: ""certified manufacturer of metal-plate-connected wood trusses""; Oakwood is historical name. (capability audit 2026-09-29, ruled by owner)"
IC-64914,capability_group,Other,2026-09-29,"Clayton Supply Richfield: research says Wood Structural Components (Trusses, etc.), not the model's HUD Modular: ""certified manufacturer of metal-plate-connected wood trusses""; Oakwood is historical name. (capability audit 2026-09-29, ruled by owner)"
IC-64949,capability_leaf,"Wood Structural Components (Trusses, etc.)",2026-09-29,"PACIFIC WOODTECH CORPORATION: research says Wood Structural Components (Trusses, etc.), not the model's Open Wood Panel: ""identify the Wilmington LVL factory""; no panels mentioned. (capability audit 2026-09-29, ruled by owner)"
IC-64949,capability_group,Other,2026-09-29,"PACIFIC WOODTECH CORPORATION: research says Wood Structural Components (Trusses, etc.), not the model's Open Wood Panel: ""identify the Wilmington LVL factory""; no panels mentioned. (capability audit 2026-09-29, ruled by owner)"
IC-65560,existence_flag,not_ic,2026-09-29,"153698 - LEONARD ALUMINUM UTILITY BUILDINGS, LLC: distribution center / sheds, truck outfitting: 'Mount Airy distribution center'; 'truck outfitting' and 'shed components' only.; the model's Pre-Engineered Metal Building tag was wrong (capability audit 2026-09-29, ruled by owner)"
IC-65960,existence_flag,not_ic,2026-09-29,"LITE PRODUCTS, INCORPORATED DBA OLYMPIC MANUFACTURING COMPANY: millwork: Records 'classify general millwork'; 'No ... truss-specific product evidence'.; the model's Wood Structural Components (Trusses, etc.) tag was wrong (capability audit 2026-09-29, ruled by owner)"
IC-66084,existence_flag,not_ic,2026-09-29,"COLUMBIA PANEL MANUFACTURING COMPANY, INC.: furniture panels: Columbia Panel identified as 'the furniture-panel manufacturer'; furniture components are not IC.; the model's Open Wood Panel tag was wrong (capability audit 2026-09-29, ruled by owner)"
IC-68611,capability_leaf,Wood Volumetric Modular,2026-09-29,"FAMILY BUILT HOMES: research says Wood Volumetric Modular, not the model's Open Wood Panel: ""manufactures modular homes off-site""; open wood panel not evidenced. (capability audit 2026-09-29, ruled by owner)"
IC-68611,capability_group,Modular,2026-09-29,"FAMILY BUILT HOMES: research says Wood Volumetric Modular, not the model's Open Wood Panel: ""manufactures modular homes off-site""; open wood panel not evidenced. (capability audit 2026-09-29, ruled by owner)"
IC-68970,capability_leaf,"Wood Structural Components (Trusses, etc.)",2026-09-29,"WHS HOMES, INC.: research says Wood Structural Components (Trusses, etc.), not the model's HUD Modular: ""timber-frame and log-home production site""; ""Plains Road row reflects timber components"". (capability audit 2026-09-29, ruled by owner)"
IC-68970,capability_group,Other,2026-09-29,"WHS HOMES, INC.: research says Wood Structural Components (Trusses, etc.), not the model's HUD Modular: ""timber-frame and log-home production site""; ""Plains Road row reflects timber components"". (capability audit 2026-09-29, ruled by owner)"
IC-69679,capability_leaf,Light Gauge Steel Structural Components,2026-09-29,"Steel Building Components, LLC: research says Light Gauge Steel Structural Components, not the model's Pre-Engineered Metal Building: ""active metal-stud production lines""; ""prefabricated light-gauge steel products"". (capability audit 2026-09-29, ruled by owner)"
IC-69679,capability_group,Other,2026-09-29,"Steel Building Components, LLC: research says Light Gauge Steel Structural Components, not the model's Pre-Engineered Metal Building: ""active metal-stud production lines""; ""prefabricated light-gauge steel products"". (capability audit 2026-09-29, ruled by owner)"
IC-71553,capability_leaf,"Wood Structural Components (Trusses, etc.)",2026-09-29,"UNADILLA LAMINATED PRODUCTS: research says Wood Structural Components (Trusses, etc.), not the model's Mass Timber (CLT): ""ongoing custom structural glulam production""; no CLT stated. (capability audit 2026-09-29, ruled by owner)"
IC-71553,capability_group,Other,2026-09-29,"UNADILLA LAMINATED PRODUCTS: research says Wood Structural Components (Trusses, etc.), not the model's Mass Timber (CLT): ""ongoing custom structural glulam production""; no CLT stated. (capability audit 2026-09-29, ruled by owner)"
IC-71864,capability_leaf,"Wood Structural Components (Trusses, etc.)",2026-09-29,"NEW ENERGY WORKS OF ROCHESTER, INC.: research says Wood Structural Components (Trusses, etc.), not the model's Wood Volumetric Modular: ""fabrication and shipment of structural timber""; timber-frame work, not volumetric modular. (capability audit 2026-09-29, ruled by owner)"
IC-71864,capability_group,Other,2026-09-29,"NEW ENERGY WORKS OF ROCHESTER, INC.: research says Wood Structural Components (Trusses, etc.), not the model's Wood Volumetric Modular: ""fabrication and shipment of structural timber""; timber-frame work, not volumetric modular. (capability audit 2026-09-29, ruled by owner)"
IC-72942,capability_leaf,SIP / ICF (Other Composite Panel),2026-09-29,"FIBER-TECH INDUSTRIES INC: research says SIP / ICF (Other Composite Panel), not the model's Open Wood Panel: ""describes fiberglass reinforced panels for building panel systems"". (capability audit 2026-09-29, ruled by owner)"
IC-72942,capability_group,Panel,2026-09-29,"FIBER-TECH INDUSTRIES INC: research says SIP / ICF (Other Composite Panel), not the model's Open Wood Panel: ""describes fiberglass reinforced panels for building panel systems"". (capability audit 2026-09-29, ruled by owner)"
IC-73082,existence_flag,not_ic,2026-09-29,"Norwalk Concrete Industries: infrastructure precast (culverts, manholes): 'manholes, headwalls, box culverts, and retaining walls. These are infrastructure and site development components'.; the model's Precast Concrete Panel tag was wrong (capability audit 2026-09-29, ruled by owner)"
IC-73114,capability_leaf,Hybrid Structural Components,2026-09-29,"ELGIN SERVICE CENTER, INC.: research says Hybrid Structural Components, not the model's Pre-Engineered Metal Building: ""hybrid steel and wood building components produced in Elgin"". (capability audit 2026-09-29, ruled by owner)"
IC-73114,capability_group,Other,2026-09-29,"ELGIN SERVICE CENTER, INC.: research says Hybrid Structural Components, not the model's Pre-Engineered Metal Building: ""hybrid steel and wood building components produced in Elgin"". (capability audit 2026-09-29, ruled by owner)"
IC-73175,capability_leaf,Exterior Envelope Panels,2026-09-29,"KINGSPAN INSULATED PANELS: research says Exterior Envelope Panels, not the model's Closed Wood Panel: ""Columbus as an insulated metal panel manufacturing plant"". (capability audit 2026-09-29, ruled by owner)"
IC-73175,capability_group,Panel,2026-09-29,"KINGSPAN INSULATED PANELS: research says Exterior Envelope Panels, not the model's Closed Wood Panel: ""Columbus as an insulated metal panel manufacturing plant"". (capability audit 2026-09-29, ruled by owner)"
IC-73774,capability_leaf,Pre-Engineered Metal Building,2026-09-29,"ALEXANDER BUILDING SYSTEMS, LLC: research says Pre-Engineered Metal Building, not the model's Light Gauge Steel Structural Components: IAS certifies the site ""for metal building system fabrication"". (capability audit 2026-09-29, ruled by owner)"
IC-73774,capability_group,Other,2026-09-29,"ALEXANDER BUILDING SYSTEMS, LLC: research says Pre-Engineered Metal Building, not the model's Light Gauge Steel Structural Components: IAS certifies the site ""for metal building system fabrication"". (capability audit 2026-09-29, ruled by owner)"
IC-73864,capability_leaf,Pre-Engineered Metal Building,2026-09-29,"TERRY BUILDING CO.: research says Pre-Engineered Metal Building, not the model's Light Gauge Steel Structural Components: ""manufactures pre-engineered metal buildings at the address 7621 S Shields Blvd"". (capability audit 2026-09-29, ruled by owner)"
IC-73864,capability_group,Other,2026-09-29,"TERRY BUILDING CO.: research says Pre-Engineered Metal Building, not the model's Light Gauge Steel Structural Components: ""manufactures pre-engineered metal buildings at the address 7621 S Shields Blvd"". (capability audit 2026-09-29, ruled by owner)"
IC-73872,existence_flag,not_ic,2026-09-29,"ATLANTIC MEECO: marine docks: 'specializes in marine dock design and manufacturing'.; the model's Light Gauge Steel Structural Components tag was wrong (capability audit 2026-09-29, ruled by owner)"
IC-74084,capability_leaf,"Wood Structural Components (Trusses, etc.)",2026-09-29,"Boise Cascade Wood Products, L.L.C: research says Wood Structural Components (Trusses, etc.), not the model's Closed Wood Panel: ""engineered wood products""; ""veneer laminated timber from this exact plant"". (capability audit 2026-09-29, ruled by owner)"
IC-74084,capability_group,Other,2026-09-29,"Boise Cascade Wood Products, L.L.C: research says Wood Structural Components (Trusses, etc.), not the model's Closed Wood Panel: ""engineered wood products""; ""veneer laminated timber from this exact plant"". (capability audit 2026-09-29, ruled by owner)"
IC-74434,capability_leaf,Steel Volumetric Modular,2026-09-29,"Frey-Moss Structures, Inc.: research says Steel Volumetric Modular, not the model's Pre-Engineered Metal Building: ""ongoing modular-building manufacturing operations in Silverton""; material not stated, web_cap steel. (capability audit 2026-09-29, ruled by owner)"
IC-74434,capability_group,Modular,2026-09-29,"Frey-Moss Structures, Inc.: research says Steel Volumetric Modular, not the model's Pre-Engineered Metal Building: ""ongoing modular-building manufacturing operations in Silverton""; material not stated, web_cap steel. (capability audit 2026-09-29, ruled by owner)"
IC-74596,capability_leaf,"Wood Structural Components (Trusses, etc.)",2026-09-29,"D.R. Johnson Wood Innovations: research says Wood Structural Components (Trusses, etc.), not the model's Mass Timber (CLT): ""Current certification is glulam; the old CLT designation is not asserted."" (capability audit 2026-09-29, ruled by owner)"
IC-74596,capability_group,Other,2026-09-29,"D.R. Johnson Wood Innovations: research says Wood Structural Components (Trusses, etc.), not the model's Mass Timber (CLT): ""Current certification is glulam; the old CLT designation is not asserted."" (capability audit 2026-09-29, ruled by owner)"
IC-74815,capability_leaf,Wood Volumetric Modular,2026-09-29,"Intelifab, LLC: research says Wood Volumetric Modular, not the model's Closed Wood Panel: ""expanded its Klamath Falls factory and produces modular homes"". (capability audit 2026-09-29, ruled by owner)"
IC-74815,capability_group,Modular,2026-09-29,"Intelifab, LLC: research says Wood Volumetric Modular, not the model's Closed Wood Panel: ""expanded its Klamath Falls factory and produces modular homes"". (capability audit 2026-09-29, ruled by owner)"
IC-74865,existence_flag,not_ic,2026-09-29,"Fontana Wood Products of Oregon: sawmill/lumber: 'Sawmill and Planing Mill producing raw lumber products (logs, lumber, pallets)'.; the model's Wood Structural Components (Trusses, etc.) tag was wrong (capability audit 2026-09-29, ruled by owner)"
IC-75189,capability_leaf,Exterior Envelope Panels,2026-09-29,"RIDGELINE METAL: research says Exterior Envelope Panels, not the model's Pre-Engineered Metal Building: ""Ridgeline advertises factory-made roofing and siding panels"". (capability audit 2026-09-29, ruled by owner)"
IC-75189,capability_group,Panel,2026-09-29,"RIDGELINE METAL: research says Exterior Envelope Panels, not the model's Pre-Engineered Metal Building: ""Ridgeline advertises factory-made roofing and siding panels"". (capability audit 2026-09-29, ruled by owner)"
IC-75226,capability_leaf,"Wood Structural Components (Trusses, etc.)",2026-09-29,"Swiftsure Timberworks: research says Wood Structural Components (Trusses, etc.), not the model's Mass Timber (CLT): ""timber-framing production shop ... hand-cuts frame joinery for off-site shipment""; no CLT. (capability audit 2026-09-29, ruled by owner)"
IC-75226,capability_group,Other,2026-09-29,"Swiftsure Timberworks: research says Wood Structural Components (Trusses, etc.), not the model's Mass Timber (CLT): ""timber-framing production shop ... hand-cuts frame joinery for off-site shipment""; no CLT. (capability audit 2026-09-29, ruled by owner)"
IC-75260,existence_flag,not_ic,2026-09-29,"ADVANTAGE PRECAST INC: survey monument boxes: Listed 'historically as a supplier of survey monument boxes'; believed out of business; no building panels.; the model's Precast Concrete Panel tag was wrong (capability audit 2026-09-29, ruled by owner)"
IC-75410,existence_flag,not_ic,2026-09-29,"SHELTER ONE: equipment shelters/enclosures: 'manufactures custom equipment shelters, cabinets, and enclosures (e.g., CEMS shelters, guard houses)'.; the model's Closed Wood Panel tag was wrong (capability audit 2026-09-29, ruled by owner)"
IC-76294,existence_flag,not_ic,2026-09-29,"BENBILT BUILDING SYSTEMS: doors: Pennsylvania describes BenBilt as 'a residential exterior-door manufacturer, not a pre-engineered metal-building plant'.; the model's Pre-Engineered Metal Building tag was wrong (capability audit 2026-09-29, ruled by owner)"
IC-76493,existence_flag,not_ic,2026-09-29,"PINE CREEK STRUCTURES LLC/LAMAR TWP PLT: sheds and garages: ""It makes portable sheds and garages, not SIP or ICF panels.""; the model's SIP / ICF (Other Composite Panel) tag was wrong (capability audit 2026-09-29, ruled by owner)"
IC-79277,capability_leaf,Exterior Envelope Panels,2026-09-29,"All Weather Insulated Panels: research says Exterior Envelope Panels, not the model's Wood Structural Components (Trusses, etc.): ""operates an insulated metal panel manufacturing line at 1276 Crowe Road"". (capability audit 2026-09-29, ruled by owner)"
IC-79277,capability_group,Panel,2026-09-29,"All Weather Insulated Panels: research says Exterior Envelope Panels, not the model's Wood Structural Components (Trusses, etc.): ""operates an insulated metal panel manufacturing line at 1276 Crowe Road"". (capability audit 2026-09-29, ruled by owner)"
IC-79583,existence_flag,not_ic,2026-09-29,"BLANKS HOLDING LLC: sheds: Township approved Blank Holdings 'to establish shed manufacturing'; sheds are not IC.; the model's Wood Volumetric Modular tag was wrong (capability audit 2026-09-29, ruled by owner)"
IC-80961,capability_leaf,Exterior Envelope Panels,2026-09-29,"TRUECORE: research says Exterior Envelope Panels, not the model's Pre-Engineered Metal Building: ""manufacturing location of TrueCore insulated metal panels""; ""classification should be corrected"". (capability audit 2026-09-29, ruled by owner)"
IC-80961,capability_group,Panel,2026-09-29,"TRUECORE: research says Exterior Envelope Panels, not the model's Pre-Engineered Metal Building: ""manufacturing location of TrueCore insulated metal panels""; ""classification should be corrected"". (capability audit 2026-09-29, ruled by owner)"
IC-80981,capability_leaf,"Wood Structural Components (Trusses, etc.)",2026-09-29,"SOUTHLAND LOG HOMES INCORPORATED: research says Wood Structural Components (Trusses, etc.), not the model's Open Wood Panel: ""precision log-home milling and kit production""; no panels mentioned. (capability audit 2026-09-29, ruled by owner)"
IC-80981,capability_group,Other,2026-09-29,"SOUTHLAND LOG HOMES INCORPORATED: research says Wood Structural Components (Trusses, etc.), not the model's Open Wood Panel: ""precision log-home milling and kit production""; no panels mentioned. (capability audit 2026-09-29, ruled by owner)"
IC-81077,capability_leaf,Steel Volumetric Modular,2026-09-29,"VERTIV CORPORATION: research says Steel Volumetric Modular, not the model's Pre-Engineered Metal Building: ""modular steel structure production""; ""factory-built steel modular structures"". (capability audit 2026-09-29, ruled by owner)"
IC-81077,capability_group,Modular,2026-09-29,"VERTIV CORPORATION: research says Steel Volumetric Modular, not the model's Pre-Engineered Metal Building: ""modular steel structure production""; ""factory-built steel modular structures"". (capability audit 2026-09-29, ruled by owner)"
IC-81102,existence_flag,not_ic,2026-09-29,"SIOUX STEEL COMPANY: grain bins/agricultural equipment: 'manufactures grain bins, livestock equipment, and tractor loaders'.; the model's Pre-Engineered Metal Building tag was wrong (capability audit 2026-09-29, ruled by owner)"
IC-82079,capability_leaf,"Wood Structural Components (Trusses, etc.)",2026-09-29,"Wilson Lumber - Westmoreland: research says Wood Structural Components (Trusses, etc.), not the model's HUD Modular: ""Wilson Lumber | Westmoreland - Truss Plant""; not HUD homes. (capability audit 2026-09-29, ruled by owner)"
IC-82079,capability_group,Other,2026-09-29,"Wilson Lumber - Westmoreland: research says Wood Structural Components (Trusses, etc.), not the model's HUD Modular: ""Wilson Lumber | Westmoreland - Truss Plant""; not HUD homes. (capability audit 2026-09-29, ruled by owner)"
IC-82119,capability_leaf,Open Wood Panel,2026-09-29,"Clayton Home Building Group - Westmoreland: research says Open Wood Panel, not the model's HUD Modular: ""'panel construction division' manufacturing 'wall panels and trusses'""; not HUD homes. Open vs closed not stated. (capability audit 2026-09-29, ruled by owner)"
IC-82119,capability_group,Panel,2026-09-29,"Clayton Home Building Group - Westmoreland: research says Open Wood Panel, not the model's HUD Modular: ""'panel construction division' manufacturing 'wall panels and trusses'""; not HUD homes. Open vs closed not stated. (capability audit 2026-09-29, ruled by owner)"
IC-82270,existence_flag,not_ic,2026-09-29,"SAWYER MANUFACTURING COMPANY*: carports/barns/awnings: Categorized 'as awnings'; obituary 'describes carports, barns and fuel-station canopies'.; the model's Pre-Engineered Metal Building tag was wrong (capability audit 2026-09-29, ruled by owner)"
IC-83484,existence_flag,not_ic,2026-09-29,"Cumberland Components: doors retailer: Facility at 400 West Ave is 'a door supplier and retailer/installer, not a manufacturer'; second reading generic.; the model's Wood Structural Components (Trusses, etc.) tag was wrong (capability audit 2026-09-29, ruled by owner)"
IC-83658,capability_leaf,Pre-Engineered Metal Building,2026-09-29,"Ascent Buildings, LLC: research says Pre-Engineered Metal Building, not the model's Wood Structural Components (Trusses, etc.): ""manufactures pre-engineered steel buildings and structural components"". (capability audit 2026-09-29, ruled by owner)"
IC-83658,capability_group,Other,2026-09-29,"Ascent Buildings, LLC: research says Pre-Engineered Metal Building, not the model's Wood Structural Components (Trusses, etc.): ""manufactures pre-engineered steel buildings and structural components"". (capability audit 2026-09-29, ruled by owner)"
IC-84746,existence_flag,not_ic,2026-09-29,"CENTRAL ELECTRIC MANUFACTURING COMPANY LLC (HOUSTON PLANT): e-houses, electrical equipment shelters: ""factory-built modular e-houses, electrical equipment shelters and power distribution centers"".; the model's Pre-Engineered Metal Building tag was wrong (capability audit 2026-09-29, ruled by owner)"
IC-86384,existence_flag,not_ic,2026-09-29,"STEVES CENTENNIAL, LLC: doors: 'Steves & Sons, Inc., which manufactures interior and exterior doors'.; the model's Wood Structural Components (Trusses, etc.) tag was wrong (capability audit 2026-09-29, ruled by owner)"
IC-86959,existence_flag,not_ic,2026-09-29,"G E CAPITOL MODULAR SPACE: rental/installation: 'flexible modular building solutions (installation/rental), not manufacturing'.; the model's Wood Volumetric Modular tag was wrong (capability audit 2026-09-29, ruled by owner)"
IC-87003,existence_flag,not_ic,2026-09-29,"OLDCASTLE PRECAST INC: infrastructure precast: 'infrastructure components like concrete pipe, manholes, and storm water systems'.; the model's Precast Concrete Panel tag was wrong (capability audit 2026-09-29, ruled by owner)"
IC-87937,capability_leaf,Light Gauge Steel Structural Components,2026-09-29,"NEW MILLENNIUM BUILDING SYSTEMS: research says Light Gauge Steel Structural Components, not the model's Pre-Engineered Metal Building: Duplicate of IC-88910, New Millennium steel joists/deck plant; not complete PEMB. (capability audit 2026-09-29, ruled by owner)"
IC-87937,capability_group,Other,2026-09-29,"NEW MILLENNIUM BUILDING SYSTEMS: research says Light Gauge Steel Structural Components, not the model's Pre-Engineered Metal Building: Duplicate of IC-88910, New Millennium steel joists/deck plant; not complete PEMB. (capability audit 2026-09-29, ruled by owner)"
IC-88910,capability_leaf,Light Gauge Steel Structural Components,2026-09-29,"NEW MILLENNIUM BUILDING SYSTEMS: research says Light Gauge Steel Structural Components, not the model's Pre-Engineered Metal Building: ""manufactures steel joists, girders, and deck panels""; structural components, not complete PEMB. (capability audit 2026-09-29, ruled by owner)"
IC-88910,capability_group,Other,2026-09-29,"NEW MILLENNIUM BUILDING SYSTEMS: research says Light Gauge Steel Structural Components, not the model's Pre-Engineered Metal Building: ""manufactures steel joists, girders, and deck panels""; structural components, not complete PEMB. (capability audit 2026-09-29, ruled by owner)"
IC-89092,existence_flag,not_ic,2026-09-29,"BETTER LIVING INC.: cabinetry and millwork: This address is a 'Custom Millshop producing custom cabinetry and millwork'; truss plant is at 2553 Proffit Road.; the model's Wood Structural Components (Trusses, etc.) tag was wrong (capability audit 2026-09-29, ruled by owner)"
IC-89268,existence_flag,not_ic,2026-09-29,"VIRGINIA CUSTOM BUILDINGS AND PLAY CENTERS LLC: sheds/barns/carports sales lot: 'sales and inventory site for sheds, barns, carports, and play centers'.; the model's Closed Wood Panel tag was wrong (capability audit 2026-09-29, ruled by owner)"
IC-89612,existence_flag,not_ic,2026-09-29,"Jamaica Cottage Shop, Inc.: sheds / display yard: Site is an 'Office & Main Display Yard' selling kits and 'fully assembled sheds/cottages'.; the model's Closed Wood Panel tag was wrong (capability audit 2026-09-29, ruled by owner)"
IC-90559,existence_flag,not_ic,2026-09-29,"WA317942821 - UFP WASHINGTON LLC: pallets/wood packaging: 'manufactures wood packaging (pallets, crates, skids)'; second reading unsupported.; the model's Wood Structural Components (Trusses, etc.) tag was wrong (capability audit 2026-09-29, ruled by owner)"
IC-91012,existence_flag,not_ic,2026-09-29,"GLOBAL POWER COMPONENTS – CHASE: enclosures/trailers/tanks: 'manufactures fuel tanks, enclosures, trailers, and containers for the power generation market'.; the model's Wood Structural Components (Trusses, etc.) tag was wrong (capability audit 2026-09-29, ruled by owner)"
IC-91084,existence_flag,not_ic,2026-09-29,"GLOBAL POWER COMPONENTS: enclosures, trailers: ""modular equipment centers (metal enclosures) and trailers""; enclosures and trailers ruled not IC.; the model's HUD Modular tag was wrong (capability audit 2026-09-29, ruled by owner)"
IC-91339,capability_leaf,Pre-Engineered Metal Building,2026-09-29,"VP BUILDINGS INC: research says Pre-Engineered Metal Building, not the model's Light Gauge Steel Structural Components: ""producing prefabricated metal buildings and components"". (capability audit 2026-09-29, ruled by owner)"
IC-91339,capability_group,Other,2026-09-29,"VP BUILDINGS INC: research says Pre-Engineered Metal Building, not the model's Light Gauge Steel Structural Components: ""producing prefabricated metal buildings and components"". (capability audit 2026-09-29, ruled by owner)"
IC-91428,existence_flag,not_ic,2026-09-29,"MARSHALL ERDMAN & ASSOC: furniture/casework: 'describe the facility as a furniture manufacturer (casework, office furniture)'.; the model's Light Gauge Steel Structural Components tag was wrong (capability audit 2026-09-29, ruled by owner)"
IC-91479,existence_flag,not_ic,2026-09-29,"USEMCO INC: pump stations / process equipment: ""custom packaged water/wastewater pump stations, storage tanks, and control panels"".; the model's HUD Modular tag was wrong (capability audit 2026-09-29, ruled by owner)"
IC-91482,existence_flag,not_ic,2026-09-29,"Marshall Towne Building Supply: cabinets/millwork, building supply: 'manufactures cabinets, millwork, and sells building materials like lumber and siding'; second reading unsupported.; the model's Wood Structural Components (Trusses, etc.) tag was wrong (capability audit 2026-09-29, ruled by owner)"
IC-91819,capability_leaf,Pre-Engineered Metal Building,2026-09-29,"TRACHTE BUILDING SYSTEMS, INC.: research says Pre-Engineered Metal Building, not the model's Light Gauge Steel Structural Components: ""manufactures pre-engineered metal buildings (steel components)"". (capability audit 2026-09-29, ruled by owner)"
IC-91819,capability_group,Other,2026-09-29,"TRACHTE BUILDING SYSTEMS, INC.: research says Pre-Engineered Metal Building, not the model's Light Gauge Steel Structural Components: ""manufactures pre-engineered metal buildings (steel components)"". (capability audit 2026-09-29, ruled by owner)"
IC-92387,existence_flag,not_ic,2026-09-29,"TETON BUILDINGS LLC: RVs: 'a manufacturer of recreational vehicles (RVs) and luxury fifth wheels'; Teton Truss is a different entity.; the model's Pre-Engineered Metal Building tag was wrong (capability audit 2026-09-29, ruled by owner)"
IC-92521,existence_flag,not_ic,2026-09-29,"A to Z Precast Concrete Products (SCP): precast portable structures/electrical enclosures: Address is 'HeadQuarters'; 'products like portable structures and electrical enclosures'.; the model's Precast Concrete Panel tag was wrong (capability audit 2026-09-29, ruled by owner)"
IC-92529,capability_leaf,Precast Concrete Panel,2026-09-29,"Advanced Concrete Systems, Inc.: research says Precast Concrete Panel, not the model's HUD Modular: ""producing precast concrete wall systems (Superior Walls)""; not HUD Modular. (capability audit 2026-09-29, ruled by owner)"
IC-92529,capability_group,Panel,2026-09-29,"Advanced Concrete Systems, Inc.: research says Precast Concrete Panel, not the model's HUD Modular: ""producing precast concrete wall systems (Superior Walls)""; not HUD Modular. (capability audit 2026-09-29, ruled by owner)"
IC-92531,existence_flag,not_ic,2026-09-29,"Advanced Modular Structures, Inc.: dealer: 'specializes in selling and leasing modular construction'; 'no explicit confirmation that this address is a manufacturing facility'.; the model's HUD Modular tag was wrong (capability audit 2026-09-29, ruled by owner)"
IC-92540,existence_flag,not_ic,2026-09-29,"Al and Paul's Utility Buildings, Inc.: retailer / utility buildings: 'selling Shingles, Siding, Wood Furniture' under 'Buildings Metal wholesaler'; utility (shed) buildings.; the model's HUD Modular tag was wrong (capability audit 2026-09-29, ruled by owner)"
IC-92551,existence_flag,not_ic,2026-09-29,"All Star Manufacturing Inc: bleachers: 'All Star Bleachers Inc, which manufactures aluminum bleachers'; listed as closed or retail.; the model's HUD Modular tag was wrong (capability audit 2026-09-29, ruled by owner)"
IC-92588,existence_flag,not_ic,2026-09-29,"AZZ | Atkinson Industries: e-houses: 'a manufacturer of modular electrical enclosures (e-houses)'.; the model's Wood Volumetric Modular tag was wrong (capability audit 2026-09-29, ruled by owner)"
IC-92662,existence_flag,not_ic,2026-09-29,"CellXion LLC - OK: telecommunications services: Entity at address 'categorized under Telecommunications Services'; related division is a separate entity.; the model's Wood Volumetric Modular tag was wrong (capability audit 2026-09-29, ruled by owner)"
IC-92666,existence_flag,not_ic,2026-09-29,"The Central Electric Manufacturing Company LLC: switchgear: ""manufactures Switchgear and Switchboard Apparatus""; second reading relied only on the record's label.; the model's Wood Volumetric Modular tag was wrong (capability audit 2026-09-29, ruled by owner)"
IC-92770,existence_flag,not_ic,2026-09-29,"Elite Portable Buildings, INC: sheds: 'the company manufactures portable sheds and cabins'; plant also at a different address.; the model's Wood Volumetric Modular tag was wrong (capability audit 2026-09-29, ruled by owner)"
IC-92775,existence_flag,not_ic,2026-09-29,"Enclosure Systems: switchgear/generator enclosures: 'manufactures electrical switchgear and generator enclosures at the Chattanooga location'.; the model's Wood Volumetric Modular tag was wrong (capability audit 2026-09-29, ruled by owner)"
IC-92833,existence_flag,not_ic,2026-09-29,"G. E. Capital Modular Space/Pompano: rental: Location categorized as 'Trailer Rental Services' or 'Auto Rentals', not a manufacturing plant.; the model's Wood Volumetric Modular tag was wrong (capability audit 2026-09-29, ruled by owner)"
IC-92846,existence_flag,not_ic,2026-09-29,"Graceland Properties, LLC: portable storage buildings/sheds: Graceland Portable Buildings plant in Lexington; products 'portable storage buildings' and 'sheds'.; the model's Wood Volumetric Modular tag was wrong (capability audit 2026-09-29, ruled by owner)"
IC-92852,existence_flag,not_ic,2026-09-29,"Guard Buildings,LLC: guard booths: ""manufactures steel guard shacks and prefabricated metal buildings""; guard booths ruled not IC.; the model's Wood Volumetric Modular tag was wrong (capability audit 2026-09-29, ruled by owner)"
IC-92856,existence_flag,not_ic,2026-09-29,"Gulf Coast Storage Sheds, Inc.: sheds/barns: 'a manufacturer of Storage Sheds and Barns'.; the model's Wood Volumetric Modular tag was wrong (capability audit 2026-09-29, ruled by owner)"
IC-92864,existence_flag,not_ic,2026-09-29,"Handi-House Manufacturing Co., Inc.: portable storage buildings/sheds: 'manufactures portable storage buildings, sheds, and metal structures'.; the model's Wood Volumetric Modular tag was wrong (capability audit 2026-09-29, ruled by owner)"
IC-92883,existence_flag,not_ic,2026-09-29,"High Point Buildings: sales lot: 'a retailer of Amish-built sheds and garages'.; the model's Wood Volumetric Modular tag was wrong (capability audit 2026-09-29, ruled by owner)"
IC-92888,existence_flag,not_ic,2026-09-29,"Hillphoenix Inc.: refrigerated display cases: 'Main Plant' for 'Food Display Merchandisers' (refrigeration cases).; the model's Wood Volumetric Modular tag was wrong (capability audit 2026-09-29, ruled by owner)"
IC-92901,existence_flag,not_ic,2026-09-29,"Hussmann Corporation Branch #54: refrigeration: 'manufactures transcritical carbon dioxide (CO2) rack systems and refrigeration systems for food retailers'.; the model's Wood Volumetric Modular tag was wrong (capability audit 2026-09-29, ruled by owner)"
IC-92941,existence_flag,not_ic,2026-09-29,"Kemco Industries, LLC: metal fabrication/control buildings: 'Metal Fabrication, Architectural Metal Work, Structural Metal Work, and Electrical Manufacturing (Relay/Control Panels, Control Buildings)'.; the model's Wood Volumetric Modular tag was wrong (capability audit 2026-09-29, ruled by owner)"
IC-92960,existence_flag,not_ic,2026-09-29,"Lark Builders, Inc.: portable buildings/sheds: 'Lark Builders manufactures portable buildings (sheds, garages, etc.)'.; the model's Wood Volumetric Modular tag was wrong (capability audit 2026-09-29, ruled by owner)"
IC-92995,existence_flag,not_ic,2026-09-29,"Mardan Fabrication Inc.: guard booths: ""prefabricated aluminum guard booths and shelters""; ruled not IC.; the model's Wood Volumetric Modular tag was wrong (capability audit 2026-09-29, ruled by owner)"
IC-93028,existence_flag,not_ic,2026-09-29,"Mobile Mini, Inc. (Houston Plant): container leasing: 'shipping and storage container leasing and sales'.; the model's Relocatable Modular tag was wrong (capability audit 2026-09-29, ruled by owner)"
IC-93029,existence_flag,not_ic,2026-09-29,"Mobile Mini, Inc. (Maricopa Plant): portable storage: Categorized ""'Portable Storage'... produces portable storage containers/offices""; portable storage ruled not IC.; the model's Relocatable Modular tag was wrong (capability audit 2026-09-29, ruled by owner)"
IC-93064,existence_flag,not_ic,2026-09-29,"Modular Engineering Co.: industrial enclosures, crane cabs: 'manufactures industrial enclosures, crane cabs, mill pulpits, and modified shipping containers'.; the model's Wood Volumetric Modular tag was wrong (capability audit 2026-09-29, ruled by owner)"
IC-93108,existence_flag,not_ic,2026-09-29,"Oldcastle Infrastructure: infrastructure precast: 'manufactures precast concrete products for infrastructure (storm drains, manholes, pipe vaults)'.; the model's Wood Volumetric Modular tag was wrong (capability audit 2026-09-29, ruled by owner)"
IC-93117,existence_flag,not_ic,2026-09-29,"Pac-Van Inc.: sales/leasing: 'a seller and lessor of modular buildings, portable offices, and storage containers (leasing/rental business)'.; the model's Wood Volumetric Modular tag was wrong (capability audit 2026-09-29, ruled by owner)"
IC-93147,existence_flag,not_ic,2026-09-29,"Phoenix Products Plant 31: generator enclosures and fuel tanks: 'manufactures generator enclosures and fuel tanks'; record address is same company's relocation site.; the model's Wood Volumetric Modular tag was wrong (capability audit 2026-09-29, ruled by owner)"
IC-93149,existence_flag,not_ic,2026-09-29,"Pinnacle Park Homes, Inc.: park models: 'operates in the Recreational Vehicles industry and manufactures Park Models'.; the model's Wood Volumetric Modular tag was wrong (capability audit 2026-09-29, ruled by owner)"
IC-93171,existence_flag,not_ic,2026-09-29,"Premier Buildings of Milton: storage sheds / sales lot: 'dealer/sales center for storage sheds and portable buildings'; second reading also only 'wooden portable ... buildings'.; the model's Wood Volumetric Modular tag was wrong (capability audit 2026-09-29, ruled by owner)"
IC-93172,existence_flag,not_ic,2026-09-29,"Premier of Miami: sheds: 'Premier Portable Buildings and Trailers of Lake Wales, which manufactures sheds and portable buildings'.; the model's Wood Volumetric Modular tag was wrong (capability audit 2026-09-29, ruled by owner)"
IC-93185,existence_flag,not_ic,2026-09-29,"Protect Controls, Inc: power control buildings (e-houses): 'manufactures custom power control buildings (enclosures/skid-mounted structures) for the energy industry'.; the model's Wood Volumetric Modular tag was wrong (capability audit 2026-09-29, ruled by owner)"
IC-93219,existence_flag,not_ic,2026-09-29,"RMD Manufacturing,Ltd.: furniture: Classified 'Furniture-Wholesale & Manufacturers'; second reading's wood components claim is generic and unsupported.; the model's Wood Volumetric Modular tag was wrong (capability audit 2026-09-29, ruled by owner)"
IC-93239,existence_flag,not_ic,2026-09-29,"Safety Storage, Inc. - IL: hazardous-material storage buildings: ""manufacturer of prefabricated hazardous material storage buildings and containment systems""; ruled not IC.; the model's Wood Volumetric Modular tag was wrong (capability audit 2026-09-29, ruled by owner)"
IC-93255,existence_flag,not_ic,2026-09-29,"Seating Constructors USA, Inc.: aluminum extrusions / institutional seating: 'Aluminum Extruded Products and Institutional Furniture'; second reading merely restates the cap.; the model's Wood Volumetric Modular tag was wrong (capability audit 2026-09-29, ruled by owner)"
IC-93257,existence_flag,not_ic,2026-09-29,"Servtech, Inc: e-houses, pumping stations: ""manufactures prefabricated equipment including E-Houses and pumping stations"".; the model's Wood Volumetric Modular tag was wrong (capability audit 2026-09-29, ruled by owner)"
IC-93308,existence_flag,not_ic,2026-09-29,"Stor-Mor Structures, LLC: portable storage buildings/sheds: 'Stor-Mor Portable Buildings' which manufactures portable storage sheds, cabins, garages, and metal buildings'; sales location.; the model's Wood Volumetric Modular tag was wrong (capability audit 2026-09-29, ruled by owner)"
IC-93311,existence_flag,not_ic,2026-09-29,"Strike Construction, LLC: contractor: 'a general contractor, electrician, and site work contractor performing on-site services'.; the model's Wood Volumetric Modular tag was wrong (capability audit 2026-09-29, ruled by owner)"
IC-93333,existence_flag,not_ic,2026-09-29,"Switzer Industries, Inc. dba Shelter Works: equipment shelters: 'manufactures fiberglass (FRP) equipment shelters and enclosures'.; the model's Wood Volumetric Modular tag was wrong (capability audit 2026-09-29, ruled by owner)"
IC-93337,existence_flag,not_ic,2026-09-29,"Systems Control, a Division of Northern Star Industries Inc.: enclosures: 'manufactures control relay panels, switchgear, and metal equipment enclosures for the energy industry'.; the model's Wood Volumetric Modular tag was wrong (capability audit 2026-09-29, ruled by owner)"
IC-93363,existence_flag,not_ic,2026-09-29,"Topline Building, Inc.: contractor: Topline Building in Alma GA is 'a General Contractor'; 'construction or sales of steel buildings/sheds'.; the model's HUD Modular tag was wrong (capability audit 2026-09-29, ruled by owner)"
IC-93402,existence_flag,not_ic,2026-09-29,"VFP, Inc.: shelters: 'manufactures concrete and metal shelters (ballistics-rated enclosures, transportable platforms)'.; the model's Wood Volumetric Modular tag was wrong (capability audit 2026-09-29, ruled by owner)"
IC-93403,existence_flag,not_ic,2026-09-29,"VFP, Inc. D: shelters: 'manufactures concrete and metal shelters (ballistics-rated enclosures, transportable platforms)'.; the model's Wood Volumetric Modular tag was wrong (capability audit 2026-09-29, ruled by owner)"
IC-93404,existence_flag,not_ic,2026-09-29,"Volta LLC: switchgear / electrical equipment centers: 'manufactures Electrical Equipment Centers (EEC), switchgear, and motor control centers'.; the model's Wood Volumetric Modular tag was wrong (capability audit 2026-09-29, ruled by owner)"
IC-93433,existence_flag,not_ic,2026-09-29,"Williams Scotsman - Houston: sales/leasing: 'a supplier/lessor of mobile offices and storage containers (sales/rental), not a manufacturing plant'; location closed.; the model's Relocatable Modular tag was wrong (capability audit 2026-09-29, ruled by owner)"
IC-93475,capability_leaf,Wood Volumetric Modular,2026-09-29,"BLAZER INDUSTRIES INC: research says Wood Volumetric Modular, not the model's Wood Structural Components (Trusses, etc.): ""Blazer Modular Construction operates at 945 Olney St SE""; not trusses. (capability audit 2026-09-29, ruled by owner)"
IC-93475,capability_group,Modular,2026-09-29,"BLAZER INDUSTRIES INC: research says Wood Volumetric Modular, not the model's Wood Structural Components (Trusses, etc.): ""Blazer Modular Construction operates at 945 Olney St SE""; not trusses. (capability audit 2026-09-29, ruled by owner)"
IC-93514,existence_flag,not_ic,2026-09-29,"FALCON CONTROL SYSTEMS LLC: enclosures: 'manufactures industrial control buildings, enclosures, and panels (e.g., RIEs, MCC Buildings)' - e-houses.; the model's Wood Volumetric Modular tag was wrong (capability audit 2026-09-29, ruled by owner)"
IC-93522,existence_flag,not_ic,2026-09-29,"GLOBAL POWER COMPONENTS – BAY 8: enclosures: 'manufactures fuel tanks, enclosures, trailers, and containers (metal fabrication)'.; the model's Wood Volumetric Modular tag was wrong (capability audit 2026-09-29, ruled by owner)"
IC-93532,existence_flag,not_ic,2026-09-29,"Intermountain Electronics: e-houses: 'manufactures electrical buildings, switchgear, and process skids' - industrial electrical, not building MEP.; the model's Wood Volumetric Modular tag was wrong (capability audit 2026-09-29, ruled by owner)"
IC-93544,existence_flag,not_ic,2026-09-29,"M & M Coastal Manufacturing: enclosures: 'Power Distribution Centers, UL508A process control panels, and electrical enclosures'.; the model's Wood Volumetric Modular tag was wrong (capability audit 2026-09-29, ruled by owner)"
IC-93570,capability_leaf,Pre-Engineered Metal Building,2026-09-29,"Parkline, Inc.: research says Pre-Engineered Metal Building, not the model's Wood Volumetric Modular: ""Parkline manufactures pre-engineered metal buildings at its Eleanor, WV facility""; also duplicate of IC-92234. (capability audit 2026-09-29, ruled by owner)"
IC-93570,capability_group,Other,2026-09-29,"Parkline, Inc.: research says Pre-Engineered Metal Building, not the model's Wood Volumetric Modular: ""Parkline manufactures pre-engineered metal buildings at its Eleanor, WV facility""; also duplicate of IC-92234. (capability audit 2026-09-29, ruled by owner)"
IC-93581,existence_flag,not_ic,2026-09-29,"Electrical Division Houston: switchgear / e-houses: Powell products are 'switchgear, E-Houses'; nothing confirms skids at 8550 Mosley Rd.; the model's Specialty Volumetric MEP (Skids, Racks) tag was wrong (capability audit 2026-09-29, ruled by owner)"
IC-93603,capability_leaf,Relocatable Modular,2026-09-29,"Ventaire LLC dba Sagebrush Building Systems Corp: research says Relocatable Modular, not the model's Light Gauge Steel Structural Components: ""manufactures prefabricated modular buildings at ... 909 N Wheeling Ave, Tulsa"". (capability audit 2026-09-29, ruled by owner)"
IC-93603,capability_group,Modular,2026-09-29,"Ventaire LLC dba Sagebrush Building Systems Corp: research says Relocatable Modular, not the model's Light Gauge Steel Structural Components: ""manufactures prefabricated modular buildings at ... 909 N Wheeling Ave, Tulsa"". (capability audit 2026-09-29, ruled by owner)"
IC-93633,existence_flag,not_ic,2026-09-29,"Valtronics Solutions: enclosures: 'manufactures instrumentation and control buildings, meter skids, and enclosures for the natural gas industry'.; the model's Wood Volumetric Modular tag was wrong (capability audit 2026-09-29, ruled by owner)"
IC-93635,existence_flag,not_ic,2026-09-29,"VFP, INC. – LIGHTWEIGHT (PLANT 2): shelters: 'concrete and lightweight metal shelters (ballistics-rated enclosures, transportable platforms)'.; the model's HUD Modular tag was wrong (capability audit 2026-09-29, ruled by owner)"
IC-93637,existence_flag,not_ic,2026-09-29,"VOLTA LLC: switchgear: 'manufactures Electrical Equipment Centers (EEC), switchgear, and MCC'.; the model's Wood Volumetric Modular tag was wrong (capability audit 2026-09-29, ruled by owner)"
IC-93701,existence_flag,not_ic,2026-09-29,"Clayton Park Models: park models: Facility 'manufactures park model homes (also referred to as Park Model RVs)'.; the model's HUD Modular tag was wrong (capability audit 2026-09-29, ruled by owner)"
IC-93831,existence_flag,not_ic,2026-09-29,"ESS METRON: switchgear: 'manufactures power distribution centers, switchgear, and custom controls'.; the model's Wood Volumetric Modular tag was wrong (capability audit 2026-09-29, ruled by owner)"
IC-93855,existence_flag,not_ic,2026-09-29,"Trucast: small precast shelters: 'precast concrete products (utility buildings, dugouts, dumpster enclosures)'.; the model's Wood Volumetric Modular tag was wrong (capability audit 2026-09-29, ruled by owner)"
IC-93857,existence_flag,not_ic,2026-09-29,"EDI Enclosures & Systems: e-houses: 'manufactures prefabricated industrial buildings, e-houses, and modular enclosures (steel/metal)'.; the model's Open Wood Panel tag was wrong (capability audit 2026-09-29, ruled by owner)"
IC-93861,existence_flag,not_ic,2026-09-29,"B & R Sales and Leasing - Plant 2: sales lot (trailers/sheds): 'a sales and leasing center for mobile trailers and storage sheds, not a manufacturing plant'.; the model's Wood Volumetric Modular tag was wrong (capability audit 2026-09-29, ruled by owner)"
IC-93862,existence_flag,not_ic,2026-09-29,"Marengo Valley Sheds LLC: sheds: 'manufactures garden sheds, garages, and tiny homes' - tiny homes from a shed maker.; the model's Wood Volumetric Modular tag was wrong (capability audit 2026-09-29, ruled by owner)"
IC-93867,existence_flag,not_ic,2026-09-29,"BOOTZ MANUFACTURING INC: walk-in coolers: 'manufactures walk-in coolers and freezers'.; the model's Wood Volumetric Modular tag was wrong (capability audit 2026-09-29, ruled by owner)"
IC-93868,existence_flag,not_ic,2026-09-29,"KPS Global, LLC: walk-in cooler/freezer panels: ""insulated panel systems (metal panels) for walk-in coolers and freezers"".; the model's Wood Volumetric Modular tag was wrong (capability audit 2026-09-29, ruled by owner)"
IC-93876,existence_flag,not_ic,2026-09-29,"COOL SOLUTIONS MFG INC: walk-in coolers/freezers: 'manufactures walk-in coolers, freezers, and refrigerated warehouses (insulated panels/doors)'.; the model's Wood Volumetric Modular tag was wrong (capability audit 2026-09-29, ruled by owner)"
IC-93877,existence_flag,not_ic,2026-09-29,"AMERICAN PANEL CORP: walk-in coolers/freezers: 'manufacturer of cold storage units, walk-in coolers, blast chillers, and shock freezers'.; the model's Open Wood Panel tag was wrong (capability audit 2026-09-29, ruled by owner)"
IC-93883,existence_flag,not_ic,2026-09-29,"SRC Inc.: refrigeration: 'SRC Refrigeration, which manufactures commercial refrigerators and coolers'.; the model's HUD Modular tag was wrong (capability audit 2026-09-29, ruled by owner)"
IC-93884,existence_flag,not_ic,2026-09-29,"EVERIDGE LLC: walk-in coolers: 'manufacturer of commercial cold storage solutions (walk-in coolers/freezers)'.; the model's Closed Wood Panel tag was wrong (capability audit 2026-09-29, ruled by owner)"
IC-93886,existence_flag,not_ic,2026-09-29,"THERMO KOOL (MID SOUTH IND): walk-in coolers: 'manufactures walk-in coolers, freezers, and blast chillers (commercial refrigeration)'.; the model's HUD Modular tag was wrong (capability audit 2026-09-29, ruled by owner)"
IC-93902,existence_flag,not_ic,2026-09-29,"REFRIGERATED SOLUTIONS GROUP: walk-in coolers: 'manufactures commercial refrigeration units (walk-in coolers, freezers, etc.)'.; the model's Relocatable Modular tag was wrong (capability audit 2026-09-29, ruled by owner)"
IC-93922,existence_flag,not_ic,2026-09-29,"States Manufacturing Corporation: switchgear / electrical equipment: ""manufactures electrical equipment (switchgear, cabinets, etc.), not off-site construction components"".; the model's HUD Modular tag was wrong (capability audit 2026-09-29, ruled by owner)"
IC-93956,existence_flag,not_ic,2026-09-29,"EK MACHINE CO INC: enclosures: 'manufacture power system packaging, enclosures, and general metal fabrication components'; second reading unsupported.; the model's Light Gauge Steel Structural Components tag was wrong (capability audit 2026-09-29, ruled by owner)"
IC-93972,existence_flag,not_ic,2026-09-29,"BIG Enterprises: booths, shelters, kiosks: ""manufactures steel booths, shelters, and kiosks""; ruled not IC.; the model's Wood Volumetric Modular tag was wrong (capability audit 2026-09-29, ruled by owner)"
IC-93993,capability_leaf,Wood Volumetric Modular,2026-09-29,"Deer Run Cabins: research says Wood Volumetric Modular, not the model's Closed Wood Panel: ""offers pre-built modular cabins"" on Michigan's approved-manufacturer list; volumetric, not closed panels. (capability audit 2026-09-29, ruled by owner)"
IC-93993,capability_group,Modular,2026-09-29,"Deer Run Cabins: research says Wood Volumetric Modular, not the model's Closed Wood Panel: ""offers pre-built modular cabins"" on Michigan's approved-manufacturer list; volumetric, not closed panels. (capability audit 2026-09-29, ruled by owner)"
IC-94037,existence_flag,not_ic,2026-09-29,"Point Eight Power: e-houses/switchgear: Both Belle Chasse plants: one 'builds power control buildings', other 'makes generator controls and switchgear'.; the model's HUD Modular tag was wrong (capability audit 2026-09-29, ruled by owner)"
IC-94063,existence_flag,not_ic,2026-09-29,"USEMCO, Inc: packaged water/wastewater stations: 'manufactures custom packaged water/wastewater stations, control panels, and steel tanks'.; the model's Precast Concrete Panel tag was wrong (capability audit 2026-09-29, ruled by owner)"
IC-94065,existence_flag,not_ic,2026-09-29,"Valtronics Solutions: enclosures: 'manufactures instrumentation and control buildings, metering skids, and enclosures for the natural gas industry'.; the model's Wood Volumetric Modular tag was wrong (capability audit 2026-09-29, ruled by owner)"
IC-94079,capability_leaf,Wood Volumetric Modular,2026-09-29,"AMHERST STUDIO CUERO LLC: research says Wood Volumetric Modular, not the model's Open Wood Panel: ""prefabricated 'StudioBuilt' homes (volumetric modular construction)""; not open panels. (capability audit 2026-09-29, ruled by owner)"
IC-94079,capability_group,Modular,2026-09-29,"AMHERST STUDIO CUERO LLC: research says Wood Volumetric Modular, not the model's Open Wood Panel: ""prefabricated 'StudioBuilt' homes (volumetric modular construction)""; not open panels. (capability audit 2026-09-29, ruled by owner)"
IC-94082,existence_flag,not_ic,2026-09-29,"Ascend Automation & Controls LLC: electrical control panels/enclosures: 'industrial automation solutions, control panels, switch racks, and skids for energy/solar applications'.; the model's Open Wood Panel tag was wrong (capability audit 2026-09-29, ruled by owner)"
IC-94127,existence_flag,not_ic,2026-09-29,"Intermountain Electronics, Inc.- Ohio: electrical buildings/switchgear (e-houses): 'manufactures electrical buildings, switchgear, and process skids for data centers and industrial sectors'.; the model's Wood Volumetric Modular tag was wrong (capability audit 2026-09-29, ruled by owner)"
IC-94129,existence_flag,not_ic,2026-09-29,"INTERTEC INSTRUMENTATION INC: enclosures: 'manufactures protective enclosures for field-based equipment (instrumentation)'.; the model's Wood Volumetric Modular tag was wrong (capability audit 2026-09-29, ruled by owner)"
IC-94141,existence_flag,not_ic,2026-09-29,"Modular Engineering: enclosures/guard houses: 'manufactures industrial enclosures, crane cabs, and modified shipping containers'; also 'guard houses'.; the model's Wood Volumetric Modular tag was wrong (capability audit 2026-09-29, ruled by owner)"
IC-94156,existence_flag,not_ic,2026-09-29,"R. Lute's Inc: enclosures: 'manufactures industrial control rooms, shelters, and sheet metal enclosures'.; the model's HUD Modular tag was wrong (capability audit 2026-09-29, ruled by owner)"
IC-94160,existence_flag,not_ic,2026-09-29,"SEABOARD CONTROLS LLC: electrical enclosures: 'manufactures custom control panels, switchboards, and enclosures (electrical components)'.; the model's Specialty Volumetric MEP (Skids, Racks) tag was wrong (capability audit 2026-09-29, ruled by owner)"
IC-94179,capability_leaf,Precast Concrete Panel,2026-09-29,"WALLIS CONCRETE LLC: research says Precast Concrete Panel, not the model's HUD Modular: ""manufactures precast concrete products, including custom engineered items and prefabricated buildings""; nothing supports HUD Modular. (capability audit 2026-09-29, ruled by owner)"
IC-94179,capability_group,Panel,2026-09-29,"WALLIS CONCRETE LLC: research says Precast Concrete Panel, not the model's HUD Modular: ""manufactures precast concrete products, including custom engineered items and prefabricated buildings""; nothing supports HUD Modular. (capability audit 2026-09-29, ruled by owner)"
IC-94185,existence_flag,not_ic,2026-09-29,"(CTS) CROWN TEXAS, LLC: switchgear: 'utility power distribution products (switchgear, relay panels, control enclosures)'.; the model's Wood Volumetric Modular tag was wrong (capability audit 2026-09-29, ruled by owner)"
IC-94199,existence_flag,not_ic,2026-09-29,"CRUISING KITCHENS, LLC: trailers: 'manufactures custom mobile food trailers and trucks at its San Antonio facility'.; the model's Wood Structural Components (Trusses, etc.) tag was wrong (capability audit 2026-09-29, ruled by owner)"
IC-94202,existence_flag,not_ic,2026-09-29,"Dant Clayton: grandstands: 'manufactures stadium seating, bleachers, and grandstands'.; the model's Wood Volumetric Modular tag was wrong (capability audit 2026-09-29, ruled by owner)"
IC-94207,existence_flag,not_ic,2026-09-29,"ELECTRO TECHNICAL INDUSTRIES LLC: switchgear: 'manufactures custom electrical power distribution systems (switchgear, UPS, relay panels)'.; the model's Light Gauge Steel Structural Components tag was wrong (capability audit 2026-09-29, ruled by owner)"
IC-94210,capability_leaf,Steel Volumetric Modular,2026-09-29,"GROWTECH INDUSTRIES LLC: research says Steel Volumetric Modular, not the model's Wood Structural Components (Trusses, etc.): ""custom modular structures and shipping container-based structures""; not wood trusses. (capability audit 2026-09-29, ruled by owner)"
IC-94210,capability_group,Modular,2026-09-29,"GROWTECH INDUSTRIES LLC: research says Steel Volumetric Modular, not the model's Wood Structural Components (Trusses, etc.): ""custom modular structures and shipping container-based structures""; not wood trusses. (capability audit 2026-09-29, ruled by owner)"
IC-94221,existence_flag,not_ic,2026-09-29,"Lake Shore Electric LLC: e-houses / electrical equipment: ""manufactures prefabricated modular electrical buildings (e-Houses) and other electrical equipment""; e-houses are ruled not IC.; the model's Light Gauge Steel Structural Components tag was wrong (capability audit 2026-09-29, ruled by owner)"
IC-94228,existence_flag,not_ic,2026-09-29,"NUCENTRA SOLUTIONS LLC: enclosures/e-houses: 'Acoustic Enclosures', 'Liquid Storage Tanks', 'Power Skids and E-Houses', 'Exhaust Silencers'.; the model's HUD Modular tag was wrong (capability audit 2026-09-29, ruled by owner)"
IC-94231,existence_flag,not_ic,2026-09-29,"POWERSECURE, INC.: energy contractor: 'develops, installs, and manages microgrids, solar, fuel cells'; 'does not manufacture off-site construction components'.; the model's Light Gauge Steel Structural Components tag was wrong (capability audit 2026-09-29, ruled by owner)"
IC-94235,capability_leaf,Steel Volumetric Modular,2026-09-29,"RedGuard Diversified Structures: research says Steel Volumetric Modular, not the model's Wood Structural Components (Trusses, etc.): ""manufactures modular steel structures and storm shelters, not the wood trusses""; also duplicate of IC-30667. (capability audit 2026-09-29, ruled by owner)"
IC-94235,capability_group,Modular,2026-09-29,"RedGuard Diversified Structures: research says Steel Volumetric Modular, not the model's Wood Structural Components (Trusses, etc.): ""manufactures modular steel structures and storm shelters, not the wood trusses""; also duplicate of IC-30667. (capability audit 2026-09-29, ruled by owner)"
IC-94237,capability_leaf,Pre-Engineered Metal Building,2026-09-29,"RODZINA BUILDING SYSTEMS, LLC: research says Pre-Engineered Metal Building, not the model's Wood Structural Components (Trusses, etc.): ""specializes in prefabricated metal buildings""; not wood trusses. (capability audit 2026-09-29, ruled by owner)"
IC-94237,capability_group,Other,2026-09-29,"RODZINA BUILDING SYSTEMS, LLC: research says Pre-Engineered Metal Building, not the model's Wood Structural Components (Trusses, etc.): ""specializes in prefabricated metal buildings""; not wood trusses. (capability audit 2026-09-29, ruled by owner)"
IC-94239,capability_leaf,Wood Volumetric Modular,2026-09-29,"SADDLE BROOKE DREAM BUILDERS LLC: research says Wood Volumetric Modular, not the model's Wood Structural Components (Trusses, etc.): ""builds modular homes indoors at their factory""; not wood trusses. (capability audit 2026-09-29, ruled by owner)"
IC-94239,capability_group,Modular,2026-09-29,"SADDLE BROOKE DREAM BUILDERS LLC: research says Wood Volumetric Modular, not the model's Wood Structural Components (Trusses, etc.): ""builds modular homes indoors at their factory""; not wood trusses. (capability audit 2026-09-29, ruled by owner)"
IC-94255,existence_flag,not_ic,2026-09-29,"ULRICH OF TX, LLC: trucking company: 'identify Ulrich of TX, LLC as a trucking company (motor carrier)'; barn maker is a separate entity.; the model's Wood Structural Components (Trusses, etc.) tag was wrong (capability audit 2026-09-29, ruled by owner)"
IC-94258,capability_leaf,Wood Volumetric Modular,2026-09-29,"VERTICAL WORKS, INC.: research says Wood Volumetric Modular, not the model's Wood Structural Components (Trusses, etc.): ""manufactures modular homes and prefab additions""; not wood trusses. (capability audit 2026-09-29, ruled by owner)"
IC-94258,capability_group,Modular,2026-09-29,"VERTICAL WORKS, INC.: research says Wood Volumetric Modular, not the model's Wood Structural Components (Trusses, etc.): ""manufactures modular homes and prefab additions""; not wood trusses. (capability audit 2026-09-29, ruled by owner)"
IC-94260,existence_flag,not_ic,2026-09-29,"WUNDERLICH - MALEC SERVICES, INC: e-houses: 'manufactures modular electrical control enclosures and skids (e-houses)' for utility providers.; the model's Wood Volumetric Modular tag was wrong (capability audit 2026-09-29, ruled by owner)"
IC-94480,existence_flag,not_ic,2026-09-29,"CUSTOM CONTROL SOLUTIONS INC: control panels/shelters: 'fabrication of control panels, analyzer systems, piping skids, and shelters' for industrial process control.; the model's HUD Modular tag was wrong (capability audit 2026-09-29, ruled by owner)"
IC-94481,existence_flag,not_ic,2026-09-29,"CXT INCORPORATED: infrastructure precast: ""precast concrete products (septic tanks, manhole bases, light pole bases, etc.)""; infrastructure precast ruled not IC.; the model's Wood Structural Components (Trusses, etc.) tag was wrong (capability audit 2026-09-29, ruled by owner)"
IC-94495,existence_flag,not_ic,2026-09-29,"KELTOUR US INC: e-houses: 'manufactures E-Houses (prefabricated electrical control houses/enclosures) and control panels'.; the model's HUD Modular tag was wrong (capability audit 2026-09-29, ruled by owner)"
IC-94501,capability_leaf,Relocatable Modular,2026-09-29,"MADISON INDUSTRIES: research says Relocatable Modular, not the model's HUD Modular: ""The company produces modular commercial buildings""; not HUD homes. (capability audit 2026-09-29, ruled by owner)"
IC-94501,capability_group,Modular,2026-09-29,"MADISON INDUSTRIES: research says Relocatable Modular, not the model's HUD Modular: ""The company produces modular commercial buildings""; not HUD homes. (capability audit 2026-09-29, ruled by owner)"
IC-94518,existence_flag,not_ic,2026-09-29,"R. Lute's Inc: enclosures: 'manufactures industrial control rooms, shelters, and enclosures from sheet metal'.; the model's Wood Volumetric Modular tag was wrong (capability audit 2026-09-29, ruled by owner)"
IC-94550,existence_flag,not_ic,2026-09-29,"DONALDSON ENTERPRISES, LLC: contractor (mobile home installer): 'company acts as an installer/contractor for mobile homes ... not a manufacturer at this location'; entity at address inactive.; the model's HUD Modular tag was wrong (capability audit 2026-09-29, ruled by owner)"
IC-94558,existence_flag,not_ic,2026-09-29,"ARROW GROUP IND INC: sheds: 'Arrow Group Industries, which manufactures metal storage sheds and shelters'.; the model's Light Gauge Steel Structural Components tag was wrong (capability audit 2026-09-29, ruled by owner)"
IC-94682,existence_flag,not_ic,2026-09-29,"Panelmatic Bldg. Solutions: control panels, packaged equipment centers: ""manufactures industrial control panels and packaged equipment centers"".; the model's Wood Volumetric Modular tag was wrong (capability audit 2026-09-29, ruled by owner)"
IC-94702,existence_flag,not_ic,2026-09-29,"Boom Concrete, Inc.: infrastructure precast (septic tanks): 'manufactures precast concrete septic tanks, vault toilets, and cisterns, which are utility infrastructure components'.; the model's Precast Concrete Panel tag was wrong (capability audit 2026-09-29, ruled by owner)"
IC-94719,existence_flag,not_ic,2026-09-29,"Coastal Detention Holdings, LLC: doors: Swainsboro plant 'produces detention security doors, frames, and hollow metal products'.; the model's Wood Volumetric Modular tag was wrong (capability audit 2026-09-29, ruled by owner)"
IC-94765,existence_flag,not_ic,2026-09-29,"Hartford Concrete: infrastructure precast (septic, vaults): 'manufactures concrete products such as septic tanks, manholes, vaults, and shelters'.; the model's HUD Modular tag was wrong (capability audit 2026-09-29, ruled by owner)"
IC-94786,existence_flag,not_ic,2026-09-29,"Louisville Cooler Manufacturing: walk-in coolers: 'builds walk-in coolers, freezers, and insulated panels for cold storage and industrial use'.; the model's Wood Volumetric Modular tag was wrong (capability audit 2026-09-29, ruled by owner)"
IC-94811,existence_flag,not_ic,2026-09-29,"Myers Controlled Power LLC: switchgear: 'Switchgear and Switchboard Apparatus Manufacturing' ... 'switchgear, circuit breakers, and power distribution centers'.; the model's Wood Volumetric Modular tag was wrong (capability audit 2026-09-29, ruled by owner)"
IC-94820,existence_flag,not_ic,2026-09-29,"Polar King International: walk-in coolers: 'manufactures commercial walk-in coolers, freezers, and refrigerated trailers at its Fort Wayne facility'.; the model's Wood Volumetric Modular tag was wrong (capability audit 2026-09-29, ruled by owner)"
IC-94821,existence_flag,not_ic,2026-09-29,"Power Electronics, inc.: enclosures/control panels: 'fabricating control panels and metal enclosures, not off-site construction components'.; the model's Wood Volumetric Modular tag was wrong (capability audit 2026-09-29, ruled by owner)"
IC-94824,existence_flag,not_ic,2026-09-29,"Precision Quincy Industries: equipment shelters, generator enclosures: ""modular metal industrial shelters and generator enclosures"" manufactured in this facility.; the model's HUD Modular tag was wrong (capability audit 2026-09-29, ruled by owner)"
IC-94834,existence_flag,not_ic,2026-09-29,"Refrigerated Solutions Group: walk-in coolers/refrigeration: 'manufactures commercial refrigeration units (walk-in coolers, freezers, merchandising displays)'.; the model's HUD Modular tag was wrong (capability audit 2026-09-29, ruled by owner)"
IC-94861,existence_flag,not_ic,2026-09-29,"TAFCO TMP: walk-in coolers: 'manufactures walk-in coolers, freezers, and insulated panels for commercial/industrial refrigeration'.; the model's Wood Volumetric Modular tag was wrong (capability audit 2026-09-29, ruled by owner)"
IC-94867,existence_flag,not_ic,2026-09-29,"Triton Defense Inc: EMP/HEMP protection systems: ""manufactures EMP/HEMP protection systems... specialized defense/electronic products"".; the model's Wood Volumetric Modular tag was wrong (capability audit 2026-09-29, ruled by owner)"
IC-94913,capability_leaf,Exterior Envelope Panels,2026-09-29,"Enerpan Building Systems: research says Exterior Envelope Panels, not the model's Wood Volumetric Modular: Plant makes 'Insulated Metal Panels (IMPs), modular metal buildings, and enclosures'; 'steel/metal products, not wood'. (capability audit 2026-09-29, ruled by owner)"
IC-94913,capability_group,Panel,2026-09-29,"Enerpan Building Systems: research says Exterior Envelope Panels, not the model's Wood Volumetric Modular: Plant makes 'Insulated Metal Panels (IMPs), modular metal buildings, and enclosures'; 'steel/metal products, not wood'. (capability audit 2026-09-29, ruled by owner)"
IC-94994,existence_flag,not_ic,2026-09-29,"A & A SHEET METAL PRODUCTS INC: hazardous-material storage buildings: 'manufactures safety storage products such as cabinets, containers, and steel buildings'.; the model's Wood Volumetric Modular tag was wrong (capability audit 2026-09-29, ruled by owner)"
IC-95008,existence_flag,not_ic,2026-09-29,"INTERMOUNTAIN ELECTRONICS INC: electrical buildings/switchgear (e-houses): 'manufactures electrical buildings, switchgear, and process skids for data centers and industrial sectors'.; the model's Wood Volumetric Modular tag was wrong (capability audit 2026-09-29, ruled by owner)"
IC-95010,existence_flag,not_ic,2026-09-29,"MCCANN CONCRETE PRODUCTS INC: infrastructure precast (culverts): 'precast concrete products such as box culverts, retaining walls, and drainage structures'.; the model's Wood Volumetric Modular tag was wrong (capability audit 2026-09-29, ruled by owner)"
IC-95022,existence_flag,not_ic,2026-09-29,"VFP INC: shelters/enclosures: 'manufactures concrete and lightweight metal shelters (ballistics-rated enclosures, transportable platforms)'.; the model's Wood Volumetric Modular tag was wrong (capability audit 2026-09-29, ruled by owner)"
IC-95024,existence_flag,not_ic,2026-09-29,"WILLIAMS SCOTSMAN INC: rental/leasing lot: 'a rental and leasing location for modular space solutions, trailers, and storage buildings, not a manufacturing plant'.; the model's Wood Volumetric Modular tag was wrong (capability audit 2026-09-29, ruled by owner)"
IC-95065,existence_flag,not_ic,2026-09-29,"Green River Cabins: park models: 'manufactures park model cabins (RVIA compliant)'; park models are not IC; also a different address.; the model's Wood Volumetric Modular tag was wrong (capability audit 2026-09-29, ruled by owner)"
IC-95096,capability_leaf,Pre-Engineered Metal Building,2026-09-29,"Parkline Inc. (WV): research says Pre-Engineered Metal Building, not the model's Wood Volumetric Modular: ""manufactures prefabricated metal building systems (steel)""; plant named Eleanor, WV vs record Winfield. (capability audit 2026-09-29, ruled by owner)"
IC-95096,capability_group,Other,2026-09-29,"Parkline Inc. (WV): research says Pre-Engineered Metal Building, not the model's Wood Volumetric Modular: ""manufactures prefabricated metal building systems (steel)""; plant named Eleanor, WV vs record Winfield. (capability audit 2026-09-29, ruled by owner)"
IC-95100,existence_flag,not_ic,2026-09-29,"Powell Electrical Systems, Inc. (Houston): switchgear: 'manufacturer of electrical switchgear, circuit breakers, and power distribution systems'.; the model's Wood Volumetric Modular tag was wrong (capability audit 2026-09-29, ruled by owner)"
IC-95122,capability_leaf,Pre-Engineered Metal Building,2026-09-29,"TopLine Building Inc.: research says Pre-Engineered Metal Building, not the model's Wood Volumetric Modular: ""Topline Building manufactures prefabricated metal buildings at 145 Business Blvd"". (capability audit 2026-09-29, ruled by owner)"
IC-95122,capability_group,Other,2026-09-29,"TopLine Building Inc.: research says Pre-Engineered Metal Building, not the model's Wood Volumetric Modular: ""Topline Building manufactures prefabricated metal buildings at 145 Business Blvd"". (capability audit 2026-09-29, ruled by owner)"
IC-95123,existence_flag,not_ic,2026-09-29,"USEMCO, Inc.: packaged water/wastewater stations, tanks: 'manufactures custom packaged water and wastewater stations, storage tanks, and control panels'.; the model's Wood Volumetric Modular tag was wrong (capability audit 2026-09-29, ruled by owner)"
IC-95124,existence_flag,not_ic,2026-09-29,"Vertiv Delaware: demonstration center / office: Site hosts a 'Customer Experience Center' and 'Data Center Microgrid Installation', not a manufacturing plant.; the model's Wood Volumetric Modular tag was wrong (capability audit 2026-09-29, ruled by owner)"
IC-95170,existence_flag,not_ic,2026-09-29,"U.S. Chemical Storage: hazardous-material storage buildings: Name ""U.S. Chemical Storage""; reason says ""manufactures modular buildings"" there, i.e. chemical storage buildings.; the model's Wood Volumetric Modular tag was wrong (capability audit 2026-09-29, ruled by owner)"
IC-95171,existence_flag,not_ic,2026-09-29,"NORWAY CONSTRUCTION LLC: contractor: 'general contractor (RGC/CGC) and plumbing/prefab installation service'; second reading only says 'installation'.; the model's Wood Structural Components (Trusses, etc.) tag was wrong (capability audit 2026-09-29, ruled by owner)"
IC-95192,existence_flag,not_ic,2026-09-29,"GLOBAL POWER COMPONENTS: fuel tanks, enclosures, trailers: 'products are fuel tanks, enclosures, trailers, and containers for power generation'.; the model's Wood Volumetric Modular tag was wrong (capability audit 2026-09-29, ruled by owner)"
IC-95195,existence_flag,not_ic,2026-09-29,"TDG Powerhouses: power distribution enclosures: 'modular power distribution and generation infrastructure, data center racks, and enclosures for industrial clients'.; the model's Wood Volumetric Modular tag was wrong (capability audit 2026-09-29, ruled by owner)"
IC-95199,capability_leaf,"Wood Structural Components (Trusses, etc.)",2026-09-29,"Western Forest Products: research says Wood Structural Components (Trusses, etc.), not the model's Mass Timber (CLT): ""certified glulam/rim-board mill... makes engineered structural components, not CLT"". (capability audit 2026-09-29, ruled by owner)"
IC-95199,capability_group,Other,2026-09-29,"Western Forest Products: research says Wood Structural Components (Trusses, etc.), not the model's Mass Timber (CLT): ""certified glulam/rim-board mill... makes engineered structural components, not CLT"". (capability audit 2026-09-29, ruled by owner)"
IC-95200,capability_leaf,"Wood Structural Components (Trusses, etc.)",2026-09-29,"Western Forest Products: research says Wood Structural Components (Trusses, etc.), not the model's Mass Timber (CLT): ""certified glulam/rim-board mill in Washougal... not CLT as the inherited capability label suggests"". (capability audit 2026-09-29, ruled by owner)"
IC-95200,capability_group,Other,2026-09-29,"Western Forest Products: research says Wood Structural Components (Trusses, etc.), not the model's Mass Timber (CLT): ""certified glulam/rim-board mill in Washougal... not CLT as the inherited capability label suggests"". (capability audit 2026-09-29, ruled by owner)"
IC-95348,existence_flag,not_ic,2026-09-29,"DONALDSON ENTERPRISES, LLC: contractor/installer: 'describe the entity as a contractor/installer of mobile homes and modular buildings rather than a manufacturer'.; the model's HUD Modular tag was wrong (capability audit 2026-09-29, ruled by owner)"
IC-95377,capability_leaf,"Wood Structural Components (Trusses, etc.)",2026-09-29,"Gruen-Wald Engineered Laminates, Inc.: research says Wood Structural Components (Trusses, etc.), not the model's Mass Timber (CLT): ""APA identifies a Tea glulam manufacturing mill""; glulam components, no CLT stated. (capability audit 2026-09-29, ruled by owner)"
IC-95377,capability_group,Other,2026-09-29,"Gruen-Wald Engineered Laminates, Inc.: research says Wood Structural Components (Trusses, etc.), not the model's Mass Timber (CLT): ""APA identifies a Tea glulam manufacturing mill""; glulam components, no CLT stated. (capability audit 2026-09-29, ruled by owner)"
IC-95378,capability_leaf,"Wood Structural Components (Trusses, etc.)",2026-09-29,"Rosboro: research says Wood Structural Components (Trusses, etc.), not the model's Mass Timber (CLT): ""Springfield glulam mill... beam manufacturing""; no CLT stated. (capability audit 2026-09-29, ruled by owner)"
IC-95378,capability_group,Other,2026-09-29,"Rosboro: research says Wood Structural Components (Trusses, etc.), not the model's Mass Timber (CLT): ""Springfield glulam mill... beam manufacturing""; no CLT stated. (capability audit 2026-09-29, ruled by owner)"
IC-95452,capability_leaf,Exterior Envelope Panels,2026-09-29,"Central States Manufacturing, Inc.: research says Exterior Envelope Panels, not the model's Light Gauge Steel Structural Components: ""explicitly lists Jasper plant panels in its plant-specific product resources""; panels, not LGS structural components. (capability audit 2026-09-29, ruled by owner)"
IC-95452,capability_group,Panel,2026-09-29,"Central States Manufacturing, Inc.: research says Exterior Envelope Panels, not the model's Light Gauge Steel Structural Components: ""explicitly lists Jasper plant panels in its plant-specific product resources""; panels, not LGS structural components. (capability audit 2026-09-29, ruled by owner)"
IC-95454,capability_leaf,Exterior Envelope Panels,2026-09-29,"Kingspan Insulated Panels: research says Exterior Envelope Panels, not the model's Closed LGS Panel: ""Kingspan makes insulated panels in DeLand""; row location unresolved (possible duplicate of 725/726 Summerhill rows). (capability audit 2026-09-29, ruled by owner)"
IC-95454,capability_group,Panel,2026-09-29,"Kingspan Insulated Panels: research says Exterior Envelope Panels, not the model's Closed LGS Panel: ""Kingspan makes insulated panels in DeLand""; row location unresolved (possible duplicate of 725/726 Summerhill rows). (capability audit 2026-09-29, ruled by owner)"
IC-95468,existence_flag,not_ic,2026-09-29,"Priefert Manaufacturing Inc.: steel supplier: 'Priefert Steel, a steel supplier and fabricator of structural beams, sheet, plate, tube, and pipe'.; the model's Closed LGS Panel tag was wrong (capability audit 2026-09-29, ruled by owner)"
IC-95475,existence_flag,not_ic,2026-09-29,"American Precast Concrete, Inc.: site precast (wheel stops, fences): 'manufactures parking lot products like wheel stops and concrete fences/walls'; second reading unsupported.; the model's Precast Concrete Panel tag was wrong (capability audit 2026-09-29, ruled by owner)"
IC-95485,existence_flag,not_ic,2026-09-29,"Construction Specialties, Inc: office: Lebanon facility 'houses corporate functions and sales/operations teams, while manufacturing occurs in other locations'.; the model's Exterior Envelope Panels tag was wrong (capability audit 2026-09-29, ruled by owner)"
IC-95532,existence_flag,not_ic,2026-09-29,"AIS DBA AVAIL Enclosure System (MD): enclosures: 'prefabricated buildings used to house electrical equipment ... (electrical enclosures, switchgear)'.; the model's Open Wood Panel tag was wrong (capability audit 2026-09-29, ruled by owner)"
IC-95542,existence_flag,not_ic,2026-09-29,"Fibrebond Corporation: enclosures: ""manufactures modular enclosures and modules"" ""used in data centers and utilities"".; the model's Open Wood Panel tag was wrong (capability audit 2026-09-29, ruled by owner)"
IC-95551,capability_leaf,Pre-Engineered Metal Building,2026-09-29,"Panel Built, Inc: research says Pre-Engineered Metal Building, not the model's Open Wood Panel: ""'~60,000 Sq. Ft. Steel Buildings Facility'"" at 193 Mauney Rd. (capability audit 2026-09-29, ruled by owner)"
IC-95551,capability_group,Other,2026-09-29,"Panel Built, Inc: research says Pre-Engineered Metal Building, not the model's Open Wood Panel: ""'~60,000 Sq. Ft. Steel Buildings Facility'"" at 193 Mauney Rd. (capability audit 2026-09-29, ruled by owner)"
IC-95552,existence_flag,not_ic,2026-09-29,"Panelmatic Building Solutions: control houses (e-houses): ""builds modular control houses and buildings"" at 6882 Parkway Drive.; the model's Open Wood Panel tag was wrong (capability audit 2026-09-29, ruled by owner)"
IC-95556,capability_leaf,Precast Concrete Panel,2026-09-29,"Richard L. Rohn, DBA Modular Connections, LLC: research says Precast Concrete Panel, not the model's Wood Volumetric Modular: ""manufactures prefabricated concrete building and wall systems"". (capability audit 2026-09-29, ruled by owner)"
IC-95556,capability_group,Panel,2026-09-29,"Richard L. Rohn, DBA Modular Connections, LLC: research says Precast Concrete Panel, not the model's Wood Volumetric Modular: ""manufactures prefabricated concrete building and wall systems"". (capability audit 2026-09-29, ruled by owner)"
IC-95569,existence_flag,not_ic,2026-09-29,"FREEDOM OUTDOOR STRUCTURES: sheds/garages: 'manufactures prefabricated wood buildings such as sheds, garages, and cabins'.; the model's HUD Modular tag was wrong (capability audit 2026-09-29, ruled by owner)"
IC-95573,capability_leaf,Wood Volumetric Modular,2026-09-29,"KIT Custom Homebuilders: research says Wood Volumetric Modular, not the model's Closed Wood Panel: ""manufacturing plant for manufactured/modular homes""; not panels. (capability audit 2026-09-29, ruled by owner)"
IC-95573,capability_group,Modular,2026-09-29,"KIT Custom Homebuilders: research says Wood Volumetric Modular, not the model's Closed Wood Panel: ""manufacturing plant for manufactured/modular homes""; not panels. (capability audit 2026-09-29, ruled by owner)"
IC-95611,existence_flag,not_ic,2026-09-29,"Hybrid Building Solutions LLC: sales/installer: 'a sales and installation provider for fabric buildings and commercial warehouses, not a manufacturer'.; the model's Precast Concrete Panel tag was wrong (capability audit 2026-09-29, ruled by owner)"
IC-95678,capability_leaf,Closed LGS Panel,2026-09-29,"Wall-panel Prefab: research says Closed LGS Panel, not the model's Wood Volumetric Modular: ""manufactures prefabricated CFS (Cold-formed steel) wall panels""; open vs closed not stated. (capability audit 2026-09-29, ruled by owner)"
IC-95678,capability_group,Panel,2026-09-29,"Wall-panel Prefab: research says Closed LGS Panel, not the model's Wood Volumetric Modular: ""manufactures prefabricated CFS (Cold-formed steel) wall panels""; open vs closed not stated. (capability audit 2026-09-29, ruled by owner)"
IC-95723,capability_leaf,Pre-Engineered Metal Building,2026-09-29,"Stratus Building Systems: research says Pre-Engineered Metal Building, not the model's Closed LGS Panel: ""manufactures Metal Building Systems"" at 6100 West I-20, Weatherford. (capability audit 2026-09-29, ruled by owner)"
IC-95723,capability_group,Other,2026-09-29,"Stratus Building Systems: research says Pre-Engineered Metal Building, not the model's Closed LGS Panel: ""manufactures Metal Building Systems"" at 6100 West I-20, Weatherford. (capability audit 2026-09-29, ruled by owner)"
IC-95747,existence_flag,not_ic,2026-09-29,"OldCastle Infrastructure: infrastructure precast: 'precast concrete products for infrastructure such as storm drains, manholes, and pipe vaults'.; the model's Wood Volumetric Modular tag was wrong (capability audit 2026-09-29, ruled by owner)"
IC-95801,capability_leaf,Light Gauge Steel Structural Components,2026-09-29,"NEW MILLENNIUM BUILDING SYSTEMS, LLC.: research says Light Gauge Steel Structural Components, not the model's Pre-Engineered Metal Building: ""manufacturing plant for steel joists and deck""; duplicate of IC-20897. (capability audit 2026-09-29, ruled by owner)"
IC-95801,capability_group,Other,2026-09-29,"NEW MILLENNIUM BUILDING SYSTEMS, LLC.: research says Light Gauge Steel Structural Components, not the model's Pre-Engineered Metal Building: ""manufacturing plant for steel joists and deck""; duplicate of IC-20897. (capability audit 2026-09-29, ruled by owner)"
IC-95806,existence_flag,not_ic,2026-09-29,"WELL HUNG METAL, LLC.: contractor: 'a general contractor specializing in metal building erection and installation (services), not manufacturing'.; the model's Pre-Engineered Metal Building tag was wrong (capability audit 2026-09-29, ruled by owner)"
IC-95818,existence_flag,not_ic,2026-09-29,"TUMBLEWEED TINY HOUSE COMPANY: office: Factory is in Mt. Pleasant WI; Colorado Springs is 'likely a sales/office center'.; the model's HUD Modular tag was wrong (capability audit 2026-09-29, ruled by owner)"
IC-95823,capability_leaf,Precast Concrete Panel,2026-09-29,"STEINBAUER, LLC: research says Precast Concrete Panel, not the model's Pre-Engineered Metal Building: ""precast concrete plant... manufacturing insulated sandwich wall panels""; not PEMB. (capability audit 2026-09-29, ruled by owner)"
IC-95823,capability_group,Panel,2026-09-29,"STEINBAUER, LLC: research says Precast Concrete Panel, not the model's Pre-Engineered Metal Building: ""precast concrete plant... manufacturing insulated sandwich wall panels""; not PEMB. (capability audit 2026-09-29, ruled by owner)"
IC-95851,existence_flag,not_ic,2026-09-29,"Structures USA, LLC: infrastructure steel (poles, bridges): 'manufactures tubular structures, transmission poles, sign structures, and bridges'.; the model's Pre-Engineered Metal Building tag was wrong (capability audit 2026-09-29, ruled by owner)"
IC-95862,existence_flag,not_ic,2026-09-29,"METAL ROOF SYSTEMS OF KANSAS: roofing contractor: 'roofing contractor and sales/installation service for metal roofs and barn homes'; second reading unsupported.; the model's Pre-Engineered Metal Building tag was wrong (capability audit 2026-09-29, ruled by owner)"
IC-95876,existence_flag,not_ic,2026-09-29,"LEVY BROTHERS LLC: concrete window/door sills: 'Concrete Window and Door Components, Sills and Frames industry'.; the model's Wood Structural Components (Trusses, etc.) tag was wrong (capability audit 2026-09-29, ruled by owner)"
IC-95877,capability_leaf,Open Wood Panel,2026-09-29,"PACIFIC MODERN HOMES, INC.: research says Open Wood Panel, not the model's HUD Modular: ""manufactures wall panels and roof trusses""; not HUD homes. Open vs closed not stated. (capability audit 2026-09-29, ruled by owner)"
IC-95877,capability_group,Panel,2026-09-29,"PACIFIC MODERN HOMES, INC.: research says Open Wood Panel, not the model's HUD Modular: ""manufactures wall panels and roof trusses""; not HUD homes. Open vs closed not stated. (capability audit 2026-09-29, ruled by owner)"
IC-95927,existence_flag,not_ic,2026-09-29,"Smithbilt Industries, Inc.: sheds / sales lot: 'Factory Sales Lot' and 'Main Office' for Smithbilt, 'which manufactures BULL SHEDs (utility storage buildings)'.; the model's Steel Volumetric Modular tag was wrong (capability audit 2026-09-29, ruled by owner)"
IC-95932,capability_leaf,"Wood Structural Components (Trusses, etc.)",2026-09-29,"MIPS OF SANFORD, LLC: research says Wood Structural Components (Trusses, etc.), not the model's Pre-Engineered Metal Building: OSHA records list Mips Of Sanford at that address ""manufacturing wood trusses"". (capability audit 2026-09-29, ruled by owner)"
IC-95932,capability_group,Other,2026-09-29,"MIPS OF SANFORD, LLC: research says Wood Structural Components (Trusses, etc.), not the model's Pre-Engineered Metal Building: OSHA records list Mips Of Sanford at that address ""manufacturing wood trusses"". (capability audit 2026-09-29, ruled by owner)"
IC-95938,existence_flag,not_ic,2026-09-29,"Builders FirstSource - Reno (Lear): doors and millwork: Lear Blvd plant is a 'Mill Shop producing doors and millwork'; 'truss manufacturing facility is located at a different address'.; the model's Wood Structural Components (Trusses, etc.) tag was wrong (capability audit 2026-09-29, ruled by owner)"
IC-95969,existence_flag,not_ic,2026-09-29,"WELL HUNG METAL, LLC.: contractor: 'a general contractor specializing in metal building erection and installation services, not manufacturing'.; the model's Pre-Engineered Metal Building tag was wrong (capability audit 2026-09-29, ruled by owner)"
IC-95984,existence_flag,not_ic,2026-09-29,"STEEL-KING INDUSTRIES, INC.: pallet racking: 'produces pallet racking and material handling systems'; second reading's 'metal buildings' is generic and unsupported.; the model's Pre-Engineered Metal Building tag was wrong (capability audit 2026-09-29, ruled by owner)"
IC-96004,existence_flag,not_ic,2026-09-29,"Better Built Barns Inc: sheds: Better Built Sheds/Barns 'manufactures and sells sheds, garages, and outbuildings'.; the model's Closed Wood Panel tag was wrong (capability audit 2026-09-29, ruled by owner)"
IC-96016,capability_leaf,Light Gauge Steel Structural Components,2026-09-29,"Atlantic Prefab: research says Light Gauge Steel Structural Components, not the model's Wood Structural Components (Trusses, etc.): ""manufactures metal trusses and wall panels at the Wilton, NH address"". (capability audit 2026-09-29, ruled by owner)"
IC-96016,capability_group,Other,2026-09-29,"Atlantic Prefab: research says Light Gauge Steel Structural Components, not the model's Wood Structural Components (Trusses, etc.): ""manufactures metal trusses and wall panels at the Wilton, NH address"". (capability audit 2026-09-29, ruled by owner)"
IC-96021,existence_flag,not_ic,2026-09-29,"PACIFIC METAL BUILDINGS, INC.: office/sales center: 'Office Address and sales center' with 'Factory-direct pricing'; 'do not manufacture on-site'.; the model's Pre-Engineered Metal Building tag was wrong (capability audit 2026-09-29, ruled by owner)"
IC-96033,capability_leaf,Light Gauge Steel Structural Components,2026-09-29,"BLACKWATER TRUSS SYSTEM LLC.: research says Light Gauge Steel Structural Components, not the model's Wood Structural Components (Trusses, etc.): ""Blackwater Truss Systems manufactures steel trusses at this location"". (capability audit 2026-09-29, ruled by owner)"
IC-96033,capability_group,Other,2026-09-29,"BLACKWATER TRUSS SYSTEM LLC.: research says Light Gauge Steel Structural Components, not the model's Wood Structural Components (Trusses, etc.): ""Blackwater Truss Systems manufactures steel trusses at this location"". (capability audit 2026-09-29, ruled by owner)"
IC-96047,existence_flag,not_ic,2026-09-29,"GENESIS BUILDINGS: sheds/post-frame: 'primary products described in their own materials are sheds, post-frame buildings, and greenhouses'.; the model's Open Wood Panel tag was wrong (capability audit 2026-09-29, ruled by owner)"
IC-96064,existence_flag,not_ic,2026-09-29,"HG SHEET METAL LLC: contractor: 'a sheet metal contractor providing fabrication, installation, and repair services'.; the model's Pre-Engineered Metal Building tag was wrong (capability audit 2026-09-29, ruled by owner)"
IC-96068,existence_flag,not_ic,2026-09-29,"WA317981594 - SUMMIT STRUCTURES OF WASHINGTON LLC: sheds and barns: 'Summit Structures manufactures sheds and barns'.; the model's Open Wood Panel tag was wrong (capability audit 2026-09-29, ruled by owner)"
IC-96078,existence_flag,not_ic,2026-09-29,"SUMMIT PORTABLE BUILDINGS LLC: sheds / sales lot: 'Shed Dealer selling portable storage sheds, gazebos, and animal structures'; second reading unsupported.; the model's Pre-Engineered Metal Building tag was wrong (capability audit 2026-09-29, ruled by owner)"
IC-96129,capability_leaf,Light Gauge Steel Structural Components,2026-09-29,"SUPER STUD SOUTH BUILDING PRODUCTS: research says Light Gauge Steel Structural Components, not the model's Pre-Engineered Metal Building: ""producing cold-formed steel framing components (studs, joists, track)"". (capability audit 2026-09-29, ruled by owner)"
IC-96129,capability_group,Other,2026-09-29,"SUPER STUD SOUTH BUILDING PRODUCTS: research says Light Gauge Steel Structural Components, not the model's Pre-Engineered Metal Building: ""producing cold-formed steel framing components (studs, joists, track)"". (capability audit 2026-09-29, ruled by owner)"
IC-96135,capability_leaf,Exterior Envelope Panels,2026-09-29,"PRECISION WALL SYSTEMS, INC.: research says Exterior Envelope Panels, not the model's Pre-Engineered Metal Building: ""producti[on] of wall cladding systems""; ""engineered material wall panels"". (capability audit 2026-09-29, ruled by owner)"
IC-96135,capability_group,Panel,2026-09-29,"PRECISION WALL SYSTEMS, INC.: research says Exterior Envelope Panels, not the model's Pre-Engineered Metal Building: ""producti[on] of wall cladding systems""; ""engineered material wall panels"". (capability audit 2026-09-29, ruled by owner)"
IC-96150,existence_flag,not_ic,2026-09-29,"317740859 - WEST COAST METAL BUILDINGS INC: carports and garages: 'They manufacture metal buildings such as carports and garages'; Springfield address not tied to manufacturing.; the model's Pre-Engineered Metal Building tag was wrong (capability audit 2026-09-29, ruled by owner)"
IC-96182,capability_leaf,"Wood Structural Components (Trusses, etc.)",2026-09-29,"ENDEAVOR HOMES, INC.: research says Wood Structural Components (Trusses, etc.), not the model's HUD Modular: ""'packaged wood structures', 'wall and truss packages'""; ""not HUD Modular homes"". (capability audit 2026-09-29, ruled by owner)"
IC-96182,capability_group,Other,2026-09-29,"ENDEAVOR HOMES, INC.: research says Wood Structural Components (Trusses, etc.), not the model's HUD Modular: ""'packaged wood structures', 'wall and truss packages'""; ""not HUD Modular homes"". (capability audit 2026-09-29, ruled by owner)"
IC-96191,existence_flag,not_ic,2026-09-29,"317743914 - MID COLUMBIA FOREST PRODUCTS LLC: plywood/veneer mill: 'a hardwood plywood and veneer mill ... for cabinetry and furniture'.; the model's Mass Timber (CLT) tag was wrong (capability audit 2026-09-29, ruled by owner)"
IC-96232,capability_leaf,Closed Wood Panel,2026-09-29,"Huron Components: research says Closed Wood Panel, not the model's Wood Structural Components (Trusses, etc.): ""offsite wall panel manufacturing plant""; not trusses. Open vs closed not stated; used web_cap. (capability audit 2026-09-29, ruled by owner)"
IC-96232,capability_group,Panel,2026-09-29,"Huron Components: research says Closed Wood Panel, not the model's Wood Structural Components (Trusses, etc.): ""offsite wall panel manufacturing plant""; not trusses. Open vs closed not stated; used web_cap. (capability audit 2026-09-29, ruled by owner)"
IC-96259,existence_flag,not_ic,2026-09-29,"317744136 - CASCADE DISTRIBUTION GROUP LLC: cabinet products: 'manufactures and distributes cabinet products (surface panels, edgebanding, doors)'.; the model's Wood Structural Components (Trusses, etc.) tag was wrong (capability audit 2026-09-29, ruled by owner)"
IC-96327,existence_flag,not_ic,2026-09-29,"Bear Creek Yard Creations LLC: outdoor furniture/storage buildings: 'an outdoor furniture and storage building retailer/manufacturer'.; the model's Wood Structural Components (Trusses, etc.) tag was wrong (capability audit 2026-09-29, ruled by owner)"
IC-96351,existence_flag,not_ic,2026-09-29,"Brunsell Lumber & Millwork: retail showroom: Madison address is 'a Showroom for building supplies, retail sales'; trusses made 'at the separate Mt Horeb location'.; the model's Wood Structural Components (Trusses, etc.) tag was wrong (capability audit 2026-09-29, ruled by owner)"
IC-96436,existence_flag,not_ic,2026-09-29,"Crosslin Building Supply, INC.: retailer (building supply): 'a Building Supply store selling general building materials ... not a manufacturing plant'.; the model's Wood Structural Components (Trusses, etc.) tag was wrong (capability audit 2026-09-29, ruled by owner)"
IC-96508,capability_leaf,Closed Wood Panel,2026-09-29,"Homewood Walls: research says Closed Wood Panel, not the model's Wood Structural Components (Trusses, etc.): ""wall manufacturing plant ... produces prefabricated wall panels""; open vs closed not stated. (capability audit 2026-09-29, ruled by owner)"
IC-96508,capability_group,Panel,2026-09-29,"Homewood Walls: research says Closed Wood Panel, not the model's Wood Structural Components (Trusses, etc.): ""wall manufacturing plant ... produces prefabricated wall panels""; open vs closed not stated. (capability audit 2026-09-29, ruled by owner)"
IC-96520,existence_flag,not_ic,2026-09-29,"JL Schwieters Construction: contractor: 'Framing Contractor specializing in onsite installation and turnkey framing solutions'.; the model's Wood Structural Components (Trusses, etc.) tag was wrong (capability audit 2026-09-29, ruled by owner)"
IC-96559,capability_leaf,Closed Wood Panel,2026-09-29,"ABC Panels: research says Closed Wood Panel, not the model's Wood Structural Components (Trusses, etc.): ""manufacturer of pre-built wall and floor panels""; not trusses. Open vs closed not stated; used web_cap. (capability audit 2026-09-29, ruled by owner)"
IC-96559,capability_group,Panel,2026-09-29,"ABC Panels: research says Closed Wood Panel, not the model's Wood Structural Components (Trusses, etc.): ""manufacturer of pre-built wall and floor panels""; not trusses. Open vs closed not stated; used web_cap. (capability audit 2026-09-29, ruled by owner)"
IC-96621,capability_leaf,Light Gauge Steel Structural Components,2026-09-29,"Orlando Steel Framing Company LLC: research says Light Gauge Steel Structural Components, not the model's Steel Volumetric Modular: ""manufactures Light Gauge Steel Framing (CFS studs and trusses)""; not volumetric modular. (capability audit 2026-09-29, ruled by owner)"
IC-96621,capability_group,Other,2026-09-29,"Orlando Steel Framing Company LLC: research says Light Gauge Steel Structural Components, not the model's Steel Volumetric Modular: ""manufactures Light Gauge Steel Framing (CFS studs and trusses)""; not volumetric modular. (capability audit 2026-09-29, ruled by owner)"
IC-96818,capability_leaf,Open Wood Panel,2026-09-29,"Zeeland/Standard CSI Components: research says Open Wood Panel, not the model's Wood Structural Components (Trusses, etc.): ""Confirmed operating off-site wall/floor panel plant at 11093 Johnson Road"". (capability audit 2026-09-29, ruled by owner)"
IC-96818,capability_group,Panel,2026-09-29,"Zeeland/Standard CSI Components: research says Open Wood Panel, not the model's Wood Structural Components (Trusses, etc.): ""Confirmed operating off-site wall/floor panel plant at 11093 Johnson Road"". (capability audit 2026-09-29, ruled by owner)"
IC-93892,existence_flag,not_ic,2026-09-29,"IMPERIAL BROWN INC: cold-storage panels for walk-in coolers/freezers (refrigeration ruling); kept in the #84 review before the owner's ruling: Makes insulated cold-storage panels, which are in scope: 'manufacturing the insulated panels used to build walk-in coolers and freezers' at the Gresham West Coast Factory. (ruled by owner)"
IC-84766,existence_flag,not_ic,2026-09-29,KPS Global LLC: cold-storage panels for walk-in coolers/freezers (refrigeration ruling); kept in the #84 review before the owner's ruling: Makes insulated metal panels (IMP) for cold storage and walk-ins: 'ACE Insulated Metal Panels ... Manufacturing insulated panel systems in five facilities'. (ruled by owner)
IC-92717,existence_flag,not_ic,2026-09-29,"Contemporary Panels, Inc.: cold-storage panels for walk-in coolers/freezers (refrigeration ruling); kept in the #84 review before the owner's ruling: Makes insulated cold-storage panels, which are in scope: 'Manufacturer Of Insulated Cold Storage Panels Products: Aluminum. Building Products' (usbizs.com, 965 Taft-Vineland Rd, Orlando). (ruled by owner)"
IC-96042,existence_flag,not_ic,2026-09-29,"76186 - MECART: e-houses / equipment and communication shelters (e-house ruling); kept in the #84 review before the owner's ruling: MECART makes modular control rooms, e-houses, and prefab modular rooms ('engineers and manufactures custom-designed acoustic modular buildings (control rooms, operator cabins...)'), so not_ic is wrong; the pages give only the Greenville office (880 Antioch Church Rd), so the plant address (208 Old F (ruled by owner)"
IC-81017,existence_flag,not_ic,2026-09-29,"NEXGEN CONTAINERS AND SHELTERS: e-houses / equipment and communication shelters (e-house ruling); kept in the #84 review before the owner's ruling: 125,000 sq ft Summerville plant builds equipment shelters, personnel shelters and composite panels as well as containers: 'Portable Containerized Personnel Shelters ... Communication and Control Equipment Shelters ... Composite Shelters, Containers and Panels'. (ruled by owner)"
IC-93354,existence_flag,not_ic,2026-09-29,"Thermo Bond Buildings,DENIED: e-houses / equipment and communication shelters (e-house ruling); kept in the #84 review before the owner's ruling: Elk Point SD plant makes precast concrete buildings and prefabricated shelters: 'premier manufacturer of communication shelters, substation buildings, modular data centers' (1001 W Main). (ruled by owner)"
IC-93503,existence_flag,not_ic,2026-09-29,"Dupont Building Inc: e-houses / equipment and communication shelters (e-house ruling); kept in the #84 review before the owner's ruling: Bell City LA plant builds steel and fiberglass equipment shelters and e-houses: 'Communication Shelters, Equipment Shelters, E-Houses, PDC Buildings ... Motor/Power Control Buildings'. (ruled by owner)"
IC-81181,existence_flag,not_ic,2026-09-29,"THERMO BOND BUILDINGS LLC: e-houses / equipment and communication shelters (e-house ruling); kept in the #84 review before the owner's ruling: Manufactures prefabricated precast-concrete and lightweight equipment shelter buildings (""Pre-Cast Concrete Buildings Lightweight Shelters"", ""delivered ready to set""). (ruled by owner)"
IC-89313,existence_flag,not_ic,2026-09-29,"VFP INC: e-houses / equipment and communication shelters (e-house ruling); kept in the #84 review before the owner's ruling: Makes precast concrete and metal shelter buildings from panels made in-house (""Concrete shelters are assembled from individual panels made in our casting area""). (ruled by owner)"
IC-94113,existence_flag,not_ic,2026-09-29,"ENGLOBAL AUTOMATION LLC: e-houses / equipment and communication shelters (e-house ruling); kept in the #84 review before the owner's ruling: ENGlobal's Houston automation facility makes modular enclosures (""80,000 square foot facility in Houston ... Power Distribution Centers ... Control Rooms Operator Shelters""). (ruled by owner)"
IC-94234,existence_flag,not_ic,2026-09-29,"R & D SPECIALTIES LLC: e-houses / equipment and communication shelters (e-house ruling); kept in the #84 review before the owner's ruling: A UL panel shop that also states ""custom fabricate buildings to house Motor Control Centers, Variable Frequency Drives"", which are e-house buildings. (ruled by owner)"
IC-94823,existence_flag,not_ic,2026-09-29,"Precision Quincy Corp: e-houses / equipment and communication shelters (e-house ruling); kept in the #84 review before the owner's ruling: Makes 'prefabricated metal shelters' (utility shelters, railway houses) with 'heavy gauge walls, roof, and floor joist systems' in a 315,000 sq ft Woodstock facility: modular steel buildings. (ruled by owner)"
IC-93627,existence_flag,not_ic,2026-09-29,"Thermo Bond Buildings LLC - Plant 1: e-houses / equipment and communication shelters (e-house ruling); kept in the #84 review before the owner's ruling: Thermo Bond manufactures 'Pre-Cast Concrete Buildings' and lightweight equipment shelters (factory-built buildings); Elk Point is the HQ (1001 W Main), so plant-vs-office at 1103 W Main should be checked. (ruled by owner)"
IC-93629,existence_flag,not_ic,2026-09-29,"THERMO BOND BUILDINGS LLC: e-houses / equipment and communication shelters (e-house ruling); kept in the #84 review before the owner's ruling: Thermo Bond makes 'Pre-Cast Concrete Buildings' and lightweight shelters; Brandon SD (300 N Heritage Rd) is a listed company address, but the page does not say it is a plant, and the 'Open Wood Panel' leaf is wrong. (ruled by owner)"
IC-93352,existence_flag,not_ic,2026-09-29,"Thermo Bond Buildings, LLC: e-houses / equipment and communication shelters (e-house ruling); kept in the #84 review before the owner's ruling: Makes 'Pre-Cast Concrete Buildings' and prefabricated equipment shelters ('critical duty shelters: hardened, fully integrated structures'), Elk Point SD. (ruled by owner)"
IC-94206,existence_flag,not_ic,2026-09-29,DUFAB MANUFACTURING LLC: e-houses / equipment and communication shelters (e-house ruling); kept in the #84 review before the owner's ruling: DuFab lists 'MODULAR SOLUTIONS EEC (E-HOUSE) MODULAR DATA CENTERS' alongside control panels under 'Modular & Electrical Manufacturing' at its LaGrange Park IL shop; e-houses are in scope. (ruled by owner)
IC-51586,existence_flag,not_ic,2026-09-29,"KW CUSTOM CONTROLS LLC: e-houses / equipment and communication shelters (e-house ruling); kept in the #84 review before the owner's ruling: 'manufactures custom transportable packaged control rooms' at 4755 Ameritech Dr, South Bend (NAICS 332311); modular steel control houses are in scope. (ruled by owner)"
IC-95734,existence_flag,not_ic,2026-09-29,"Thermo Bond Buildings - Plant Two: e-houses / equipment and communication shelters (e-house ruling); kept in the #84 review before the owner's ruling: Makes factory-built equipment buildings ('Pre-Cast Concrete Buildings', 'communication shelters, substation buildings, modular data centers'), which are in-scope modular steel/precast buildings. (ruled by owner)"
IC-93512,existence_flag,not_ic,2026-09-29,"EXCELLERATE, A DIVISION OF FAITH TECHNOLOGIES INCORPORATED: e-houses / equipment and communication shelters (e-house ruling); kept in the #84 review before the owner's ruling: Little Chute plant builds 'modular electrical buildings (MEBs)', which are in-scope e-houses (the pipeline itself calls them industrialized construction). (ruled by owner)"
IC-62210,existence_flag,not_ic,2026-09-29,"Kontek Industries, Inc.: e-houses / equipment and communication shelters (e-house ruling); kept in the #84 review before the owner's ruling: Makes 'L-8 & NIJ-4 guardhouse shelters' and 'modular concrete and lightweight steel telecommunication shelters' at New Madrid (1200 Dawson Rd), which are precast and steel modular buildings. (ruled by owner)"
IC-94100,existence_flag,not_ic,2026-09-29,"Coastal Energy Fabrication, Inc,: e-houses / equipment and communication shelters (e-house ruling); kept in the #84 review before the owner's ruling: Makes modular steel buildings at 11965 FM-529: 'Analyzer Shelters ... Remote Instrument Enclosures ... Motor Control Center (MCC) Buildings ... Power Distribution Centers'. (ruled by owner)"
IC-94145,existence_flag,not_ic,2026-09-29,"NS Controls,inc.: e-houses / equipment and communication shelters (e-house ruling); kept in the #84 review before the owner's ruling: 'designer and manufacturer of automated control systems & custom control buildings' at 5601 W Sam Houston Pkwy N, Houston (control buildings are in scope). (ruled by owner)"
IC-93941,existence_flag,not_ic,2026-09-29,"THERMO BOND BUILDINGS LLC: e-houses / equipment and communication shelters (e-house ruling); kept in the #84 review before the owner's ruling: Makes 'Pre-Cast Concrete Buildings', 'substation control buildings, fiber huts, and precast concrete structures'; precast and control buildings are in scope. (ruled by owner)"
IC-95086,existence_flag,not_ic,2026-09-29,"Modular Security Systems, Inc.: Worthington KY plant makes 'Modular Access Control (MAC) Portal' security booths; guard booths and small shelters are out of scope (close-call scope ruling 2, ruled by owner)"
IC-95921,existence_flag,not_ic,2026-09-29,"NOMAD SHELTER: makes and sells yurts ('Alaskan Winter Yurts For Sale'), shed-like structures, not industrialized construction (ruled by owner)"
IC-94757,existence_flag,closed,2026-09-29,"Four Seasons Housing, 11333 CR 2, Middlebury IN: not on the MHI HUD-code plant list (Oct 2024; the only Middlebury plant listed is Crest #981 at 437 N Main St); the 'in scope' research rested on an old directory listing (HUD check, ruled closed by owner)"
IC-94548,existence_flag,closed,2026-09-29,"Homes of Merit Plant 4, Bartow Air Base FL: not on the MHI HUD-code plant list (Oct 2024; the only Bartow plant listed is Champion #65 at 681 Cessna St); the Bartow site now reads as a retail shop (HUD check, ruled closed by owner)"
IC-00439,existence_flag,closed,2026-09-29,"Patriot Homes of Alabama: Positive statement that Patriot Homes shut down its Hamilton plant. Evidence: 'Passage P32 explicitly states that Patriot Homes shut down their plant in Hamilton, Alabama.' (HUD check vs MHI plant list, ruled by owner)"
IC-00454,existence_flag,closed,2026-09-29,"CHANDELEUR HOMES INC: 2004 WARN layoff of 180 and business listed closed at this address; evidence moderate (directory-level). Evidence: 'CHAMPION HOMES OF BOAZ (CHANDELEUR HOMES) ... WARN notice ... Dec 2004 ... 180 workers; Yelp: CHANDELEUR HOMES INC - CLOSED - 240 Denson Ave, Boaz' https://www.warntracker.com/company/champion-homes-of-boaz-chandeleur-homes (HUD check vs MHI plant list, ruled by owner)"
IC-00455,existence_flag,closed,2026-09-29,"HOMES OF LEGEND: Homes of Legend Boaz plant closed by Champion; listing gives 512 W Henderson vs record 410 Henderson. Evidence: 'Homes of Legends Inc - Boaz, AL 35957 - CLOSED; forum: the company was owned by Champion Home Builders, and Champion closed the plant' https://www.yellowpages.com/boaz-al/mip/homes-of-legends-inc-483607776 (HUD check vs MHI plant list, ruled by owner)"
IC-00528,existence_flag,closed,2026-09-29,"Gateway/Advantage Homes: Former Champion Gateway/Advantage plant listed closed; evidence is directory-level only. Evidence: 'GATEWAY-ADVANTAGE HOMES - CLOSED - Updated March 2026 - 6440 US Highway 43, Guin, Alabama' https://www.yelp.com/biz/gateway-advantage-homes-guin (HUD check vs MHI plant list, ruled by owner)"
IC-00973,capability_leaf,"Wood Structural Components (Trusses, etc.)",2026-09-29,"MODERN HOMES AND EQUIPMENT CO INC: not a HUD-code plant; makes Wood Structural Components (Trusses, etc.). Makes wall panels and trusses, not HUD-code homes. Evidence: 'Passage P1 confirms the plant at 2467 N Dog River Drive, Mobile, AL manufactures wall panels and trusses' https://modernhomesinc.net (HUD check vs MHI plant list, ruled by owner)"
IC-00973,capability_group,Other,2026-09-29,"MODERN HOMES AND EQUIPMENT CO INC: not a HUD-code plant; makes Wood Structural Components (Trusses, etc.). Makes wall panels and trusses, not HUD-code homes. Evidence: 'Passage P1 confirms the plant at 2467 N Dog River Drive, Mobile, AL manufactures wall panels and trusses' https://modernhomesinc.net (HUD check vs MHI plant list, ruled by owner)"
IC-01368,existence_flag,not_ic,2026-09-29,"CLAYTON SUPPLY A DIVISION OF CMH MANUFACTURING, INC.: Site makes moulding/millwork supplies, not homes or structural IC products. Evidence: 'Clayton Supply Winfield produces all of the moulding for Clayton Homes' https://www.alamha.org/amha_members/clayton-supply-winfield-978/ (HUD check vs MHI plant list, ruled by owner)"
IC-05090,existence_flag,not_ic,2026-09-29,"STONE CANYON HOMES: Plant at 11061 AL-129 builds RVIA park-model tiny homes, which are out of scope. Evidence: 'began manufacturing Park Model tiny houses in 2011 ... Stone Canyon Cabins offers RVIA certified park model tiny homes' https://www.stonecanyoncabinsofcolumbia.com/faq/ (HUD check vs MHI plant list, ruled by owner)"
IC-09789,existence_flag,closed,2026-09-29,"FLEETWOOD HOMES OF ARIZONA #21: BBB marks Fleetwood Homes of Arizona at 6112 N 56th Ave out of business. Evidence: 'according to the Better Business Bureau, this business is out of business' https://www.bbb.org/us/az/glendale/profile/manufactured-home-manufacturers/fleetwood-homes-of-arizona-inc-1126-15000140 (HUD check vs MHI plant list, ruled by owner)"
IC-10091,existence_flag,not_ic,2026-09-29,"Jensen Precast: Precast equipment shelters and utility precast; shelters are out of scope, not HUD homes. Evidence: 'Jensen describes itself as the exclusive manufacturing partner for NW Management's prefabricated concrete shelters' (HUD check vs MHI plant list, ruled by owner)"
IC-10179,existence_flag,not_ic,2026-09-29,"GRACELANDAZ, LLC: Graceland makes portable buildings (sheds), out of scope; current occupancy unclear. Evidence: 'Arizona OSHA documents Graceland AZ woodworking and assembly shops at 11498 West Buckeye Road in 2013, consistent with portable-building manufacture' (HUD check vs MHI plant list, ruled by owner)"
IC-10190,capability_leaf,"Wood Structural Components (Trusses, etc.)",2026-09-29,"Builders FirstSource - Surprise (Foxfire): not a HUD-code plant; makes Wood Structural Components (Trusses, etc.). Truss and wall-panel plant, not HUD homes. Evidence: 'Builders FirstSource identifies its current Foxfire Road site as a manufacturing facility for trusses, wall panels, and building components.' (HUD check vs MHI plant list, ruled by owner)"
IC-10190,capability_group,Other,2026-09-29,"Builders FirstSource - Surprise (Foxfire): not a HUD-code plant; makes Wood Structural Components (Trusses, etc.). Truss and wall-panel plant, not HUD homes. Evidence: 'Builders FirstSource identifies its current Foxfire Road site as a manufacturing facility for trusses, wall panels, and building components.' (HUD check vs MHI plant list, ruled by owner)"
IC-10594,existence_flag,closed,2026-09-29,"PATRICK INDUSTRIES INC: Idle Fontana facility sold in 2008. Evidence: 'Patrick Industries completed the sale of its idle Fontana facility in 2008 and consolidated operations' (HUD check vs MHI plant list, ruled by owner)"
IC-10675,capability_leaf,Steel Volumetric Modular,2026-09-29,"Modtech Holdings: not a HUD-code plant; makes Steel Volumetric Modular. Former Modtech plant now operated by Silver Creek Modular making commercial/classroom modular buildings, not HUD homes; possibly duplicates a Silver Creek record. Evidence: 'Silver Creek Modular is located at 2830 Barrett Avenue in Perris, CA 92571 ... leader in modular building construction for the education, commercial, medical' https://members.modular.org/member-directory/Details/silver-creek-modular-3087554 (HUD check vs MHI plant list, ruled by owner)"
IC-10675,capability_group,Modular,2026-09-29,"Modtech Holdings: not a HUD-code plant; makes Steel Volumetric Modular. Former Modtech plant now operated by Silver Creek Modular making commercial/classroom modular buildings, not HUD homes; possibly duplicates a Silver Creek record. Evidence: 'Silver Creek Modular is located at 2830 Barrett Avenue in Perris, CA 92571 ... leader in modular building construction for the education, commercial, medical' https://members.modular.org/member-directory/Details/silver-creek-modular-3087554 (HUD check vs MHI plant list, ruled by owner)"
IC-12102,existence_flag,not_ic,2026-09-29,"PACIFIC MOBILE STRUCTURES, INC.: Ceres is a sales/rental branch; manufacturing is tied to Chehalis, WA. Evidence: 'This location serves as their Modesto Branch ... They specialize in Mobile/Modular Buildings' https://pacificmobile.com/locations/ (HUD check vs MHI plant list, ruled by owner)"
IC-13401,existence_flag,closed,2026-09-29,"CONNECT HOMES: Connect Homes permanently closed its only San Bernardino factory at 1811 Riverview Dr in 2024 (Suite A/B label difference). Evidence: 'Connect Homes had laid off 75 employees in the San Bernardino factory closure ... The factory was located at 1811 Riverview Dr suite b' https://www.sfchronicle.com/bayarea/article/modular-homes-nightmare-aptos-19960177.php (HUD check vs MHI plant list, ruled by owner)"
IC-14704,capability_leaf,Wood Volumetric Modular,2026-09-29,"VBC TRACY, LLC: not a HUD-code plant; makes Wood Volumetric Modular. VBC's former Katerra plant makes wood-frame volumetric modules, not HUD-code homes. Evidence: 'VBC currently lists 2302 East Paradise Road as its Tracy modular factory ... producing wood-frame volumetric housing modules' https://www.vbc.co/blog/factory-spotlight-vbcs-california-modular-factory (HUD check vs MHI plant list, ruled by owner)"
IC-14704,capability_group,Modular,2026-09-29,"VBC TRACY, LLC: not a HUD-code plant; makes Wood Volumetric Modular. VBC's former Katerra plant makes wood-frame volumetric modules, not HUD-code homes. Evidence: 'VBC currently lists 2302 East Paradise Road as its Tracy modular factory ... producing wood-frame volumetric housing modules' https://www.vbc.co/blog/factory-spotlight-vbcs-california-modular-factory (HUD check vs MHI plant list, ruled by owner)"
IC-17232,existence_flag,not_ic,2026-09-29,"Safety Storage, Inc.: Hazmat storage buildings/enclosures are out of scope. Evidence: 'identifies Safety Storage at 2301 Bert Drive as a plant making prefabricated hazardous-material storage buildings' (HUD check vs MHI plant list, ruled by owner)"
IC-17870,existence_flag,not_ic,2026-09-29,"CAMINO REAL MOBILE ESTATES: A mobile-home park, not a factory. Evidence: 'Lathrop city records identify Camino Real Mobile Estates as a residential mobile-home park at 15820 S Harlan Road.' (HUD check vs MHI plant list, ruled by owner)"
IC-19630,existence_flag,not_ic,2026-09-29,"CAREFREE BUILDING CO. INC.: Plant makes storage sheds and garages, which the scope excludes. Evidence: '20,000-square-foot facility producing fully assembled wood storage buildings and garages.' (HUD check vs MHI plant list, ruled by owner)"
IC-19826,existence_flag,not_ic,2026-09-29,"PRE-BILT MFG LLC: Garage builder/on-site contractor; garages and on-site contractors are out of scope. Evidence: 'Pre-Bilt at 12C Tipping Drive is documented as a garage builder/contractor, with municipal permits for attached residential garages built at customers' parcels.' (HUD check vs MHI plant list, ruled by owner)"
IC-19958,capability_leaf,Wood Volumetric Modular,2026-09-29,"BERACAH HOMES INC: not a HUD-code plant; makes Wood Volumetric Modular. Operating wood modular home factory at 9590 Nanticoke Business Park Dr; not HUD-code. Evidence: 'built inside our factory here in Greenwood ... off-site, stick-built construction' https://beracahhomes.com (HUD check vs MHI plant list, ruled by owner)"
IC-19958,capability_group,Modular,2026-09-29,"BERACAH HOMES INC: not a HUD-code plant; makes Wood Volumetric Modular. Operating wood modular home factory at 9590 Nanticoke Business Park Dr; not HUD-code. Evidence: 'built inside our factory here in Greenwood ... off-site, stick-built construction' https://beracahhomes.com (HUD check vs MHI plant list, ruled by owner)"
IC-20467,existence_flag,closed,2026-09-29,"Fleetwood Enterprises, Inc.: Former Fleetwood plant at 3804 Sydney Rd now owned/occupied by a trailer-chassis business. Evidence: 'The parcel is owned by Quality Trailer Products Lp ... Quality Trailer Products operates at this address' https://thepropertydata.com/p/7420996 (HUD check vs MHI plant list, ruled by owner)"
IC-23483,existence_flag,closed,2026-09-29,"CAVALIER INDUSTRIES INC ADRIAN HOMES DIV: Adrian Homes' only Adrian plant (US Hwy 80 East) closed; also reported closed on its site. Evidence: 'A Georgia 2025 comprehensive plan says the Adrian Homes modular-home manufacturer closed' https://adrianhomesmfg.com (HUD check vs MHI plant list, ruled by owner)"
IC-23661,capability_leaf,Wood Volumetric Modular,2026-09-29,"New Baxley, LLC - DBA Impact Housing: not a HUD-code plant; makes Wood Volumetric Modular. Volumetric modular housing plant, not HUD-code; wood vs steel framing not verified. Evidence: 'New Baxley Operations LLC operates a volumetric modular housing manufacturing facility at 137 West Park Drive, Baxley, GA.' https://impacthousing.global/ (HUD check vs MHI plant list, ruled by owner)"
IC-23661,capability_group,Modular,2026-09-29,"New Baxley, LLC - DBA Impact Housing: not a HUD-code plant; makes Wood Volumetric Modular. Volumetric modular housing plant, not HUD-code; wood vs steel framing not verified. Evidence: 'New Baxley Operations LLC operates a volumetric modular housing manufacturing facility at 137 West Park Drive, Baxley, GA.' https://impacthousing.global/ (HUD check vs MHI plant list, ruled by owner)"
IC-24224,existence_flag,closed,2026-09-29,"FLEETWOOD HOMES #34-2: Fleetwood's Willacoochee plant (34-2) shut in Nov 2008 restructuring; street name in record conflicts. Evidence: 'Fleetwood notified workers of shutdowns at its manufactured housing plant in Willacoochee, GA, with the plant expected to close in about 60 days' https://www.wistv.com/story/9405014/fleetwood-enterprises-to-shut-plants-cut-jobs/ (HUD check vs MHI plant list, ruled by owner)"
IC-24566,existence_flag,closed,2026-09-29,"FLEETWOOD HOMES #35-2: Fleetwood 10-K FY2007: Pearson GA plant idled during fiscal 2007 and sold; no successor home plant found. Evidence: 'We sold six idle housing facilities (Fitzgerald, Georgia; Pearson, Georgia; Nampa, Idaho; Roxboro, North Carolina; Cushing, Oklahoma; and Woodburn, Oregon).' https://www.sec.gov/Archives/edgar/data/0000314132/000110465907053440/a07-17846_110k.htm (HUD check vs MHI plant list, ruled by owner)"
IC-47676,existence_flag,not_ic,2026-09-29,"CONSUMERS LUMBER CO & CITATION HOMES INC: Lumber yard/building-materials retailer; the truss/panel business split off in 1986. Evidence: 'In June of 1986, after going through the tough economic times of the early '80s, Consumers Lumber was separated from Citation Homes' https://consumerslumber.com/about/ (HUD check vs MHI plant list, ruled by owner)"
IC-48193,capability_leaf,"Wood Structural Components (Trusses, etc.)",2026-09-29,"Cascade Mfg Co - Pleasantville: not a HUD-code plant; makes Wood Structural Components (Trusses, etc.). Operating truss plant, not HUD-code. Evidence: 'Passage P15 confirms a wood truss plant opened in Pleasantville in 2005 and is currently operating.' https://cascade-mfg-co.com (HUD check vs MHI plant list, ruled by owner)"
IC-48193,capability_group,Other,2026-09-29,"Cascade Mfg Co - Pleasantville: not a HUD-code plant; makes Wood Structural Components (Trusses, etc.). Operating truss plant, not HUD-code. Evidence: 'Passage P15 confirms a wood truss plant opened in Pleasantville in 2005 and is currently operating.' https://cascade-mfg-co.com (HUD check vs MHI plant list, ruled by owner)"
IC-48555,capability_leaf,Wood Volumetric Modular,2026-09-29,"GUERDON, LLC: not a HUD-code plant; makes Wood Volumetric Modular. Operating multifamily volumetric modular factory, not HUD-code. Evidence: 'Guerdon's factory in Boise, Idaho spans approximately 130,000 square feet and features around 20 line stations that operate five days a week' https://www.modular.org/2025/08/30/guerdon-seeking-the-holy-grail-of-modular-construction/ (HUD check vs MHI plant list, ruled by owner)"
IC-48555,capability_group,Modular,2026-09-29,"GUERDON, LLC: not a HUD-code plant; makes Wood Volumetric Modular. Operating multifamily volumetric modular factory, not HUD-code. Evidence: 'Guerdon's factory in Boise, Idaho spans approximately 130,000 square feet and features around 20 line stations that operate five days a week' https://www.modular.org/2025/08/30/guerdon-seeking-the-holy-grail-of-modular-construction/ (HUD check vs MHI plant list, ruled by owner)"
IC-48571,capability_leaf,Wood Volumetric Modular,2026-09-29,"Nashua Builders: not a HUD-code plant; makes Wood Volumetric Modular. Operating volumetric modular plant for multifamily/hospitality. Evidence: 'Nashua Builders is a leading volumetric modular builder located in Boise Idaho.' https://www.nashuabuilders.com/ (HUD check vs MHI plant list, ruled by owner)"
IC-48571,capability_group,Modular,2026-09-29,"Nashua Builders: not a HUD-code plant; makes Wood Volumetric Modular. Operating volumetric modular plant for multifamily/hospitality. Evidence: 'Nashua Builders is a leading volumetric modular builder located in Boise Idaho.' https://www.nashuabuilders.com/ (HUD check vs MHI plant list, ruled by owner)"
IC-51359,capability_leaf,Wood Volumetric Modular,2026-09-29,"ROCHESTER HOMES INC: not a HUD-code plant; makes Wood Volumetric Modular. Operating IRC modular plant; HUD tag wrong. Evidence: 'building IRC-code volumetric modular homes (not HUD-code manufactured housing as golden's product_type states)' http://www.rochesterhomesinc.com/ (HUD check vs MHI plant list, ruled by owner)"
IC-51359,capability_group,Modular,2026-09-29,"ROCHESTER HOMES INC: not a HUD-code plant; makes Wood Volumetric Modular. Operating IRC modular plant; HUD tag wrong. Evidence: 'building IRC-code volumetric modular homes (not HUD-code manufactured housing as golden's product_type states)' http://www.rochesterhomesinc.com/ (HUD check vs MHI plant list, ruled by owner)"
IC-51468,existence_flag,not_ic,2026-09-29,"QUICKCUT, LLC: General steel fabrication shop; not IC. Evidence: 'a state-of-the-art fabricator producing items from tanks to brackets' https://www.bbb.org/us/in/fort-wayne/profile/steel-fabrication/quikcut-inc-0352-19000101 (HUD check vs MHI plant list, ruled by owner)"
IC-51787,capability_leaf,Wood Volumetric Modular,2026-09-29,"HECKAMAN HOMES: not a HUD-code plant; makes Wood Volumetric Modular. Prior research: operating modular (not HUD-code) home plant at this address. Evidence: 'Heckaman Homes manufactures modular homes at the specified Nappanee, Indiana address (2676 E. Market Street).' https://heckamanhomes.com (HUD check vs MHI plant list, ruled by owner)"
IC-51787,capability_group,Modular,2026-09-29,"HECKAMAN HOMES: not a HUD-code plant; makes Wood Volumetric Modular. Prior research: operating modular (not HUD-code) home plant at this address. Evidence: 'Heckaman Homes manufactures modular homes at the specified Nappanee, Indiana address (2676 E. Market Street).' https://heckamanhomes.com (HUD check vs MHI plant list, ruled by owner)"
IC-52453,capability_leaf,Wood Volumetric Modular,2026-09-29,"WARDCRAFT HOMES, INC.: not a HUD-code plant; makes Wood Volumetric Modular. Modular (not HUD) home plant at this address. Evidence: 'Wardcraft Homes manufactures modular homes at the Clay Center, KS facility located at 614 Maple St.' http://www.wardcraft.com/ (HUD check vs MHI plant list, ruled by owner)"
IC-52453,capability_group,Modular,2026-09-29,"WARDCRAFT HOMES, INC.: not a HUD-code plant; makes Wood Volumetric Modular. Modular (not HUD) home plant at this address. Evidence: 'Wardcraft Homes manufactures modular homes at the Clay Center, KS facility located at 614 Maple St.' http://www.wardcraft.com/ (HUD check vs MHI plant list, ruled by owner)"
IC-56449,existence_flag,not_ic,2026-09-29,"BRADY-BUILT, INC: Sunroom/conservatory maker, not an IC product. Evidence: 'designs, manufactures and ships sunrooms, solariums and conservatories' https://sunroomsbybrady.com/sunroom-company/ (HUD check vs MHI plant list, ruled by owner)"
IC-56900,capability_leaf,Open Wood Panel,2026-09-29,"Reframe Systems Inc: not a HUD-code plant; makes Open Wood Panel. Wall-panel microfactory; open vs closed panel subtype not verified. Evidence: 'Reframe identifies its Andover microfactory at 30 Lowell Junction Road and describes robotic wall-panel production.' (HUD check vs MHI plant list, ruled by owner)"
IC-56900,capability_group,Panel,2026-09-29,"Reframe Systems Inc: not a HUD-code plant; makes Open Wood Panel. Wall-panel microfactory; open vs closed panel subtype not verified. Evidence: 'Reframe identifies its Andover microfactory at 30 Lowell Junction Road and describes robotic wall-panel production.' (HUD check vs MHI plant list, ruled by owner)"
IC-57612,capability_leaf,Open Wood Panel,2026-09-29,"NVR BUILDING PRODUCTS: not a HUD-code plant; makes Open Wood Panel. NVR wall-panel plant; panel subtype not verified (could need truss/closed-panel review). Evidence: 'a local article identifies the Graceham expansion as a panel plant. The sources do not verify the current open-versus-closed panel subtype.' https://madeinfrederickmd.com/event/plant-tour-nvr-building-products-thurmont-md/ (HUD check vs MHI plant list, ruled by owner)"
IC-57612,capability_group,Panel,2026-09-29,"NVR BUILDING PRODUCTS: not a HUD-code plant; makes Open Wood Panel. NVR wall-panel plant; panel subtype not verified (could need truss/closed-panel review). Evidence: 'a local article identifies the Graceham expansion as a panel plant. The sources do not verify the current open-versus-closed panel subtype.' https://madeinfrederickmd.com/event/plant-tour-nvr-building-products-thurmont-md/ (HUD check vs MHI plant list, ruled by owner)"
IC-58061,capability_leaf,Wood Volumetric Modular,2026-09-29,"KBS Builders, Inc.: not a HUD-code plant; makes Wood Volumetric Modular. Operating modular (not HUD) plant. Evidence: 'Confirmed operating modular building manufacturer at 300 Park St, South Paris, ME' https://www.kbsbuildersinc.com (HUD check vs MHI plant list, ruled by owner)"
IC-58061,capability_group,Modular,2026-09-29,"KBS Builders, Inc.: not a HUD-code plant; makes Wood Volumetric Modular. Operating modular (not HUD) plant. Evidence: 'Confirmed operating modular building manufacturer at 300 Park St, South Paris, ME' https://www.kbsbuildersinc.com (HUD check vs MHI plant list, ruled by owner)"
IC-58532,existence_flag,not_ic,2026-09-29,"COUNTRY HILL PINES MHP: A mobile-home park, not a factory. Evidence: 'The named Country Hill Pines mobile-home park appears on Peck Road, and township minutes confirm it operates a park water supply.' (HUD check vs MHI plant list, ruled by owner)"
IC-60410,existence_flag,closed,2026-09-29,"MILES HOMES INC: Company out of business; PO-box row. Evidence: 'A Surface Transportation Board decision says Miles Homes had gone out of business' (HUD check vs MHI plant list, ruled by owner)"
IC-60471,capability_leaf,Wood Volumetric Modular,2026-09-29,"Dynamic Homes: not a HUD-code plant; makes Wood Volumetric Modular. Operating modular (not HUD) plant at 525 Roosevelt Ave. Evidence: 'Unlike manufactured homes, our homes are never exposed to the elements during construction.' https://dynamichomes.com (HUD check vs MHI plant list, ruled by owner)"
IC-60471,capability_group,Modular,2026-09-29,"Dynamic Homes: not a HUD-code plant; makes Wood Volumetric Modular. Operating modular (not HUD) plant at 525 Roosevelt Ave. Evidence: 'Unlike manufactured homes, our homes are never exposed to the elements during construction.' https://dynamichomes.com (HUD check vs MHI plant list, ruled by owner)"
IC-60622,capability_leaf,Open Wood Panel,2026-09-29,"Stimpert Homes: not a HUD-code plant; makes Open Wood Panel. Wall-panel plant, not HUD; open vs closed subtype not verified. Evidence: 'Stimpert Homes lists 501 Burnside St SE and describes making prefabricated wall systems in a controlled factory setting.' (HUD check vs MHI plant list, ruled by owner)"
IC-60622,capability_group,Panel,2026-09-29,"Stimpert Homes: not a HUD-code plant; makes Open Wood Panel. Wall-panel plant, not HUD; open vs closed subtype not verified. Evidence: 'Stimpert Homes lists 501 Burnside St SE and describes making prefabricated wall systems in a controlled factory setting.' (HUD check vs MHI plant list, ruled by owner)"
IC-64905,capability_leaf,"Wood Structural Components (Trusses, etc.)",2026-09-29,"Builders FirstSource — Albemarle NC Truss: not a HUD-code plant; makes Wood Structural Components (Trusses, etc.). Builders FirstSource truss plant; hud_code product tag is wrong. Evidence: 'the plant at 2100 Sterling Dr in Albemarle, NC is an active manufacturing facility producing trusses (wood structural components)' https://bldr.com (HUD check vs MHI plant list, ruled by owner)"
IC-64905,capability_group,Other,2026-09-29,"Builders FirstSource — Albemarle NC Truss: not a HUD-code plant; makes Wood Structural Components (Trusses, etc.). Builders FirstSource truss plant; hud_code product tag is wrong. Evidence: 'the plant at 2100 Sterling Dr in Albemarle, NC is an active manufacturing facility producing trusses (wood structural components)' https://bldr.com (HUD check vs MHI plant list, ruled by owner)"
IC-65259,existence_flag,closed,2026-09-29,"HEARTLAND HOMES INCORPORATED: Another business (Timberline wood packaging) now occupies the Heartland Homes site. Evidence: 'A 2021 North Carolina Labor record and a current manufacturer directory place Timberline, a wood packaging producer, at 235 Warehouse Road.' (HUD check vs MHI plant list, ruled by owner)"
IC-65288,existence_flag,closed,2026-09-29,"HandCrafted Homes: Earlier research found explicit closure statement for this address. Evidence: 'Passage P4 explicitly states that HandCrafted Homes, LLC at this address is CLOSED.' (HUD check vs MHI plant list, ruled by owner)"
IC-65758,existence_flag,not_ic,2026-09-29,"Purple Heart Homes, Inc: Nonprofit headquarters, not a manufacturing plant. Evidence: 'the headquarters for Purple Heart Homes, Inc., a non-profit organization that provides housing assistance, renovations, and volunteer coordination for veterans' https://bronzestarhomes.org (HUD check vs MHI plant list, ruled by owner)"
IC-65847,capability_leaf,Wood Volumetric Modular,2026-09-29,"Nationwide Homes - Siler: not a HUD-code plant; makes Wood Volumetric Modular. Nationwide (now Cavco Martinsville) modular-home plant; not HUD code. Current operation evidence is undated directory text. Evidence: 'Nationwide Homes operates a production facility located in Siler City, North Carolina with over 13-acres of land.' https://www.modularhomes.com/manufacturer/2952/nationwide-homes/martinsville/ (HUD check vs MHI plant list, ruled by owner)"
IC-65847,capability_group,Modular,2026-09-29,"Nationwide Homes - Siler: not a HUD-code plant; makes Wood Volumetric Modular. Nationwide (now Cavco Martinsville) modular-home plant; not HUD code. Current operation evidence is undated directory text. Evidence: 'Nationwide Homes operates a production facility located in Siler City, North Carolina with over 13-acres of land.' https://www.modularhomes.com/manufacturer/2952/nationwide-homes/martinsville/ (HUD check vs MHI plant list, ruled by owner)"
IC-66627,capability_leaf,Relocatable Modular,2026-09-29,"Sunshine Manufactured Structures: not a HUD-code plant; makes Relocatable Modular. Operating builder of custom modular/portable buildings at 850 Gold Hill Ave; not HUD homes. Evidence: 'specializes in custom modular structures ... serve the North Carolina and Upstate South Carolina market for modular and portable buildings' https://rowanedc.com/manufacturers/sunshine-manufactured-structures-inc (HUD check vs MHI plant list, ruled by owner)"
IC-66627,capability_group,Modular,2026-09-29,"Sunshine Manufactured Structures: not a HUD-code plant; makes Relocatable Modular. Operating builder of custom modular/portable buildings at 850 Gold Hill Ave; not HUD homes. Evidence: 'specializes in custom modular structures ... serve the North Carolina and Upstate South Carolina market for modular and portable buildings' https://rowanedc.com/manufacturers/sunshine-manufactured-structures-inc (HUD check vs MHI plant list, ruled by owner)"
IC-68734,existence_flag,closed,2026-09-29,"NEW ENGLAND HOMES, INC: No manufacturing at Greenland since 2011; plant is at 143 Twistback Rd, Claremont NH. Evidence: 'The Greenland address was a historical location (corporate moved there in 1988) but production moved to Claremont in 2011.' https://newenglandhomes.net (HUD check vs MHI plant list, ruled by owner)"
IC-71907,capability_leaf,Wood Volumetric Modular,2026-09-29,"HARVEST HOMES, INC.: not a HUD-code plant; makes Wood Volumetric Modular. Modular (not HUD-code) home manufacturer. Evidence: 'Harvest Homes, Inc. is located at 1331 Cole Rd., Delanson, NY and is currently operating as a Prefabricated Wood Building Manufacturer (NAICS 321992)' http://www.harvesthomes.com/ (HUD check vs MHI plant list, ruled by owner)"
IC-71907,capability_group,Modular,2026-09-29,"HARVEST HOMES, INC.: not a HUD-code plant; makes Wood Volumetric Modular. Modular (not HUD-code) home manufacturer. Evidence: 'Harvest Homes, Inc. is located at 1331 Cole Rd., Delanson, NY and is currently operating as a Prefabricated Wood Building Manufacturer (NAICS 321992)' http://www.harvesthomes.com/ (HUD check vs MHI plant list, ruled by owner)"
IC-75916,existence_flag,closed,2026-09-29,"HAVEN HOMES INC/SELINSGROVE PLT: Former Penn Lyon/Haven plant listed closed. Evidence: 'Passage P38 lists 'Haven Custom Homes - Selinsgrove' at 195 Airport Road as 'CLOSED'.' (HUD check vs MHI plant list, ruled by owner)"
IC-83848,capability_leaf,Steel Volumetric Modular,2026-09-29,"BAY LTD: not a HUD-code plant; makes Steel Volumetric Modular. Steel modular buildings registered as Texas industrialized buildings; not HUD homes. Evidence: 'states that it manufactures offshore metal buildings. Texas industrialized-building registration lists the same Bay site' (HUD check vs MHI plant list, ruled by owner)"
IC-83848,capability_group,Modular,2026-09-29,"BAY LTD: not a HUD-code plant; makes Steel Volumetric Modular. Steel modular buildings registered as Texas industrialized buildings; not HUD homes. Evidence: 'states that it manufactures offshore metal buildings. Texas industrialized-building registration lists the same Bay site' (HUD check vs MHI plant list, ruled by owner)"
IC-83927,capability_leaf,Steel Volumetric Modular,2026-09-29,"Z MODULAR, LLC A DIV OF ZEKELMAN INDUSTRIES: not a HUD-code plant; makes Steel Volumetric Modular. Zekelman's Z Modular steel-frame volumetric plant, not HUD-code. Evidence: 'Passage P1 explicitly lists 'Z Modular Killeen' at '710 Swanner Loop Killeen, TX 76543' as a manufacturing facility.' https://www.z-modular.com/company/locations/ (HUD check vs MHI plant list, ruled by owner)"
IC-83927,capability_group,Modular,2026-09-29,"Z MODULAR, LLC A DIV OF ZEKELMAN INDUSTRIES: not a HUD-code plant; makes Steel Volumetric Modular. Zekelman's Z Modular steel-frame volumetric plant, not HUD-code. Evidence: 'Passage P1 explicitly lists 'Z Modular Killeen' at '710 Swanner Loop Killeen, TX 76543' as a manufacturing facility.' https://www.z-modular.com/company/locations/ (HUD check vs MHI plant list, ruled by owner)"
IC-86004,existence_flag,not_ic,2026-09-29,"INOCENCIO ROJAS: Site is a mobile-home carrier/dealer; no factory evidence for this person's name. Evidence: 'The precise 3509 North Main address is presently associated with BMH Transportation, a mobile-home carrier, and ... Express Homes there as a manufactured-home sales and installation dealer' (HUD check vs MHI plant list, ruled by owner)"
IC-86033,existence_flag,not_ic,2026-09-29,"STARTEX FACTORY BUILT HOUSING: McGregor factory builds portable buildings sold through Texas Best Buildings, not HUD homes. Evidence: 'StarTex Factory Built Housing produces high quality portable buildings' https://www.startexhomesoftexas.com/builtbystartex/ (HUD check vs MHI plant list, ruled by owner)"
IC-86307,existence_flag,not_ic,2026-09-29,"REACTION INC.: Makes portable Exo emergency shelters; address is an office suite. Evidence: 'Reaction Housing raises $10 million for disaster relief shelters' https://fortune.com/2015/03/04/reaction-housing/ (HUD check vs MHI plant list, ruled by owner)"
IC-87889,existence_flag,closed,2026-09-29,"Commodore Homes of Virginia: Danville plant closed and production moved to North Carolina. Evidence: 'Commodore Homes decided to close its Danville doors and move the operation to North Carolina, with employees terminated by April 30.' https://commodorehomes.com (HUD check vs MHI plant list, ruled by owner)"
IC-88029,capability_leaf,Wood Volumetric Modular,2026-09-29,"Nationwide Homes: not a HUD-code plant; makes Wood Volumetric Modular. Modular (not HUD-code) home plant. Evidence: 'Nationwide Custom Homes operates a manufacturing facility at 1100 Rives Road in Martinsville, VA, producing modular homes.' (HUD check vs MHI plant list, ruled by owner)"
IC-88029,capability_group,Modular,2026-09-29,"Nationwide Homes: not a HUD-code plant; makes Wood Volumetric Modular. Modular (not HUD-code) home plant. Evidence: 'Nationwide Custom Homes operates a manufacturing facility at 1100 Rives Road in Martinsville, VA, producing modular homes.' (HUD check vs MHI plant list, ruled by owner)"
IC-88065,existence_flag,closed,2026-09-29,"CJWA, Inc.: Chapter 7 liquidation in 2015. Evidence: 'CJWA, Inc. filed for Chapter 7 bankruptcy (liquidation) in 2015 and its USDOT registration is currently inactive' (HUD check vs MHI plant list, ruled by owner)"
IC-88190,capability_leaf,Wood Volumetric Modular,2026-09-29,"Virginia Homes of Boydton LLC: not a HUD-code plant; makes Wood Volumetric Modular. Operating modular home plant; not on the HUD plant list, so it is modular rather than HUD-code. Evidence: 'Virginia Homes of Boydton LLC manufactures modular/hud-code homes at the address 142 Virginia Homes Lane, Boydton, VA 23917.' http://www.virginiahomesmfg.com/ (HUD check vs MHI plant list, ruled by owner)"
IC-88190,capability_group,Modular,2026-09-29,"Virginia Homes of Boydton LLC: not a HUD-code plant; makes Wood Volumetric Modular. Operating modular home plant; not on the HUD plant list, so it is modular rather than HUD-code. Evidence: 'Virginia Homes of Boydton LLC manufactures modular/hud-code homes at the address 142 Virginia Homes Lane, Boydton, VA 23917.' http://www.virginiahomesmfg.com/ (HUD check vs MHI plant list, ruled by owner)"
IC-88526,existence_flag,closed,2026-09-29,"NORTH AMERICAN HOUSING CORPORATION: Plant closure announced. Evidence: 'North American Housing Corp. will close its modular home manufacturing facility on Strasburg Road in Front Royal/Strasburg, VA.' (HUD check vs MHI plant list, ruled by owner)"
IC-88642,capability_leaf,Wood Volumetric Modular,2026-09-29,"Cardinal Homes, Inc.: not a HUD-code plant; makes Wood Volumetric Modular. Modular home plant; the hud_code tag is wrong. Evidence: 'Confirmed operating off-site modular home manufacturer (Cardinal Homes, Inc., d/b/a Kituwah Manufacturing) at 525 Barnesville Highway, Wylliesburg VA' https://cardinalhomes.com (HUD check vs MHI plant list, ruled by owner)"
IC-88642,capability_group,Modular,2026-09-29,"Cardinal Homes, Inc.: not a HUD-code plant; makes Wood Volumetric Modular. Modular home plant; the hud_code tag is wrong. Evidence: 'Confirmed operating off-site modular home manufacturer (Cardinal Homes, Inc., d/b/a Kituwah Manufacturing) at 525 Barnesville Highway, Wylliesburg VA' https://cardinalhomes.com (HUD check vs MHI plant list, ruled by owner)"
IC-89495,capability_leaf,Wood Volumetric Modular,2026-09-29,"HUNTINGTON HOMES, INC.: not a HUD-code plant; makes Wood Volumetric Modular. Modular home plant; the hud_code tag is wrong. Evidence: 'identify the address 344 Fassett Rd., East Montpelier, VT as the 'Main Office/ Manufacturing Facility'' https://huntingtonhomesvt.com (HUD check vs MHI plant list, ruled by owner)"
IC-89495,capability_group,Modular,2026-09-29,"HUNTINGTON HOMES, INC.: not a HUD-code plant; makes Wood Volumetric Modular. Modular home plant; the hud_code tag is wrong. Evidence: 'identify the address 344 Fassett Rd., East Montpelier, VT as the 'Main Office/ Manufacturing Facility'' https://huntingtonhomesvt.com (HUD check vs MHI plant list, ruled by owner)"
IC-90397,existence_flag,closed,2026-09-29,"MODULINE INDUSTRIES: Plant closed in 1999. Evidence: 'Moduline Industries, a manufactured home plant in Chehalis, announced its closure in August 1999.' (HUD check vs MHI plant list, ruled by owner)"
IC-90768,existence_flag,not_ic,2026-09-29,"VALLEY QUALITY HOMES: Yakima 1830 S 1st St is Valley Quality Homes' sales centre (BBB: manufactured homes sales); the factory is Valley Manufactured Housing in Sunnyside. Evidence: 'Valley Manufactured Housing, Inc. is located at 1717 S 4TH St Sunnyside, WA, 98944' https://www.yellowpages.com/sunnyside-wa/mip/valley-manufactured-housing-13976231 (HUD check vs MHI plant list, ruled by owner)"
IC-91041,existence_flag,closed,2026-09-29,"WICK BUILDING SYSTEMS, INC.: Wick's Marshfield homes plant closed in 2009 bankruptcy; Marshfield Homes brand moved to Iowa. Evidence: 'In 2009, Wick Building Systems closed its Wick Manufactured and Modeled Homes plant in Marshfield, resulting in 142 employee layoffs.' https://www.cwbradio.com/news/?id=6256 (HUD check vs MHI plant list, ruled by owner)"
IC-91070,existence_flag,closed,2026-09-29,"WICK BUILDING SYSTEMS INC: Wick closed its entire home division in Marshfield in 2009; Hume Ave site, if a Wick homes site, closed with it. Evidence: 'company officials planned to close their home division, including the Marshfield plant.' https://dailyreporter.com/2009/11/24/wick-files-for-bankruptcy/ (HUD check vs MHI plant list, ruled by owner)"
IC-91167,capability_leaf,Wood Volumetric Modular,2026-09-29,"Wisconsin Homes Inc: not a HUD-code plant; makes Wood Volumetric Modular. Modular (not HUD-code) home builder. Evidence: 'Wisconsin Homes Inc. manufactures custom modular homes at the address 425 West McMillan Street, Marshfield, WI.' https://wisconsinhomesinc.com (HUD check vs MHI plant list, ruled by owner)"
IC-91167,capability_group,Modular,2026-09-29,"Wisconsin Homes Inc: not a HUD-code plant; makes Wood Volumetric Modular. Modular (not HUD-code) home builder. Evidence: 'Wisconsin Homes Inc. manufactures custom modular homes at the address 425 West McMillan Street, Marshfield, WI.' https://wisconsinhomesinc.com (HUD check vs MHI plant list, ruled by owner)"
IC-91701,capability_leaf,Wood Volumetric Modular,2026-09-29,"MANTERNACH DEVELOPMENT CO.: not a HUD-code plant; makes Wood Volumetric Modular. Manternach Development dba Terrace Homes, 1553 11th Dr Friendship WI, builds modular homes, not HUD-code. Evidence: 'we design, engineer, and construct your home primarily indoors at our 100,000 square foot factory in Wisconsin.' https://terracehomes.com (HUD check vs MHI plant list, ruled by owner)"
IC-91701,capability_group,Modular,2026-09-29,"MANTERNACH DEVELOPMENT CO.: not a HUD-code plant; makes Wood Volumetric Modular. Manternach Development dba Terrace Homes, 1553 11th Dr Friendship WI, builds modular homes, not HUD-code. Evidence: 'we design, engineer, and construct your home primarily indoors at our 100,000 square foot factory in Wisconsin.' https://terracehomes.com (HUD check vs MHI plant list, ruled by owner)"
IC-92527,capability_leaf,Steel Volumetric Modular,2026-09-29,"ADM Manufacturing, LLC: not a HUD-code plant; makes Steel Volumetric Modular. Integrated Metal Products makes steel modular buildings/cleanrooms at 2923 Old Tampa Hwy; ADM link to it is address-only. Evidence: 'manufactures mobile and modular buildings, including trailers, cleanrooms, hazardous material storage units, and structural packages' https://www.integratedmetal.com/ (HUD check vs MHI plant list, ruled by owner)"
IC-92527,capability_group,Modular,2026-09-29,"ADM Manufacturing, LLC: not a HUD-code plant; makes Steel Volumetric Modular. Integrated Metal Products makes steel modular buildings/cleanrooms at 2923 Old Tampa Hwy; ADM link to it is address-only. Evidence: 'manufactures mobile and modular buildings, including trailers, cleanrooms, hazardous material storage units, and structural packages' https://www.integratedmetal.com/ (HUD check vs MHI plant list, ruled by owner)"
IC-92528,existence_flag,closed,2026-09-29,"Adrian Home Builders, Inc.: Adrian Homes plant at 734 E Main St reported closed by its own site and a 2025 county plan. Evidence: 'Passage P2 explicitly states 'Adrian Homes CLOSED' and describes the company's history in past tense' https://adrianhomesmfg.com (HUD check vs MHI plant list, ruled by owner)"
IC-92538,capability_leaf,Relocatable Modular,2026-09-29,"Affordable Structures: not a HUD-code plant; makes Relocatable Modular. Commercial permanent/portable modular maker at 28400 CR 561 per earlier research; not HUD homes. Framing not verified. Evidence: 'LEADING DESIGNER AND INSTALLER OF PERMANENT AND PORTABLE MODULAR BUILDINGS' https://affordablestructures.com (HUD check vs MHI plant list, ruled by owner)"
IC-92538,capability_group,Modular,2026-09-29,"Affordable Structures: not a HUD-code plant; makes Relocatable Modular. Commercial permanent/portable modular maker at 28400 CR 561 per earlier research; not HUD homes. Framing not verified. Evidence: 'LEADING DESIGNER AND INSTALLER OF PERMANENT AND PORTABLE MODULAR BUILDINGS' https://affordablestructures.com (HUD check vs MHI plant list, ruled by owner)"
IC-92541,capability_leaf,Steel Volumetric Modular,2026-09-29,"Alabama Detention Holdings,LLC DBA Maximum Security Systems: not a HUD-code plant; makes Steel Volumetric Modular. Fabricates prefabricated steel volumetric cell modules built into detention buildings; not HUD homes. Evidence: 'Maximum Security Systems specializes in the fabrication of modular steel detention cells and is located at 1741 Main St, PO Box 134 Fyffe, Alabama' http://www.mssi.us/ (HUD check vs MHI plant list, ruled by owner)"
IC-92541,capability_group,Modular,2026-09-29,"Alabama Detention Holdings,LLC DBA Maximum Security Systems: not a HUD-code plant; makes Steel Volumetric Modular. Fabricates prefabricated steel volumetric cell modules built into detention buildings; not HUD homes. Evidence: 'Maximum Security Systems specializes in the fabrication of modular steel detention cells and is located at 1741 Main St, PO Box 134 Fyffe, Alabama' http://www.mssi.us/ (HUD check vs MHI plant list, ruled by owner)"
IC-92544,existence_flag,closed,2026-09-29,"All American Homes of NC: Directory marks it closed and 2012-13 employee reviews say the Rutherfordton plant closed down. Evidence: 'All American Homes Of North Carolina Inc - Rutherfordton, NC 28139 - CLOSED' https://www.yellowpages.com/rutherfordton-nc/mip/all-american-homes-of-north-carolina-inc-11663890 (HUD check vs MHI plant list, ruled by owner)"
IC-92547,existence_flag,closed,2026-09-29,"ALL AMERICAN HOMES of TENN. LLC.: 102 Evergreen Dr plant sold to Bath Fitter in Dec 2006. Evidence: 'ALL AMERICAN HOMES OF TN, LLC ... has bargained and sold, and by these presents does transfer and convey unto BATH FITTER TENNESSEE, INC.' https://www.sec.gov/Archives/edgar/data/21212/000002121207000020/exhibit_10.htm (HUD check vs MHI plant list, ruled by owner)"
IC-92554,existence_flag,not_ic,2026-09-29,"Alpha Manufacturing, Inc.: Shelters, booths and steel products, out of IC scope. Evidence: 'manufactures stainless steel products, portable buildings (shelters, booths), and industrial components' (HUD check vs MHI plant list, ruled by owner)"
IC-92863,existence_flag,not_ic,2026-09-29,"Hamilton County School District of: A school district holding insignias for portable classrooms, not a manufacturer. Evidence: 'Florida education records identify a Hamilton public school district.' (HUD check vs MHI plant list, ruled by owner)"
IC-93128,capability_leaf,Steel Volumetric Modular,2026-09-29,"Parkline Delany Rd: not a HUD-code plant; makes Steel Volumetric Modular. Steel modular (incl. blast-resistant) buildings; also e-houses. Not HUD-code. Evidence: 'Parkline produces pre-engineered modular buildings ... fabricated from self-framing interlocking panels produced in galvanized, stainless steel, or aluminum sheeting' https://www.tdlr.texas.gov/ihb/pdf/2-Certified_Manufacturers_List.pdf (HUD check vs MHI plant list, ruled by owner)"
IC-93128,capability_group,Modular,2026-09-29,"Parkline Delany Rd: not a HUD-code plant; makes Steel Volumetric Modular. Steel modular (incl. blast-resistant) buildings; also e-houses. Not HUD-code. Evidence: 'Parkline produces pre-engineered modular buildings ... fabricated from self-framing interlocking panels produced in galvanized, stainless steel, or aluminum sheeting' https://www.tdlr.texas.gov/ihb/pdf/2-Certified_Manufacturers_List.pdf (HUD check vs MHI plant list, ruled by owner)"
IC-93342,existence_flag,not_ic,2026-09-29,"Taylor Made Custom Homes: On-site builder/contractor. Evidence: 'Passages describe the company as a home builder and building contractor' (HUD check vs MHI plant list, ruled by owner)"
IC-93346,existence_flag,not_ic,2026-09-29,"Techspace, Inc. (formerly Britz-Heidbrink, Inc.): Corporate HQ; group plants are Commercial Coaches (WY), Terrace Homes (WI), Teton Buildings. Evidence: 'Techspace, Inc. has its corporate headquarters at 203 Oak Street, P.O. Box 878, Monona, IA' https://prefabricated-modular-building-dealers.cmac.ws/techspace-inc/3003/ (HUD check vs MHI plant list, ruled by owner)"
IC-93349,existence_flag,not_ic,2026-09-29,"The Fitts Company, Inc.: Signage, ATM kiosks/booths and interiors, not IC buildings. Evidence: 'exterior signage, interior signage, ATM surrounds, toppers and enclosures, ATM buildings and kiosks, ATM canopies, modular branch interiors, motor home coaches' https://www.sccommerce.com/news/fitts-company-inc-expanding-new-calhoun-county-operations (HUD check vs MHI plant list, ruled by owner)"
IC-93355,existence_flag,not_ic,2026-09-29,"Thermo Bond Buildings- South Dakota: Precast and fiberglass equipment/telecom shelters, out of IC scope. Evidence: 'Their product line includes Equipment Shelters, Cabinets, Communication Shelters, precast concrete buildings, substation buildings ... and fiber huts.' https://thermobond.com/ (HUD check vs MHI plant list, ruled by owner)"
IC-93359,capability_leaf,Precast Concrete Panel,2026-09-29,"Tindall Corporation, Georgia Division: not a HUD-code plant; makes Precast Concrete Panel. Precast concrete plant, not HUD-code. Evidence: 'Tindall Corporation's Georgia Division operates a precast concrete manufacturing facility at 3361 Grant Road, Conley, GA.' (HUD check vs MHI plant list, ruled by owner)"
IC-93359,capability_group,Panel,2026-09-29,"Tindall Corporation, Georgia Division: not a HUD-code plant; makes Precast Concrete Panel. Precast concrete plant, not HUD-code. Evidence: 'Tindall Corporation's Georgia Division operates a precast concrete manufacturing facility at 3361 Grant Road, Conley, GA.' (HUD check vs MHI plant list, ruled by owner)"
IC-93361,capability_leaf,Relocatable Modular,2026-09-29,"Titan Modular Systems, Inc.: not a HUD-code plant; makes Relocatable Modular. Commercial modular (classrooms, offices) for dealer fleets at 162 Industrial Dr; not HUD homes. Evidence: 'commercial modular buildings for dealers throughout the United States since 2012 ... 162 Industrial Dr, Alma, Georgia' https://www.titanmod.com (HUD check vs MHI plant list, ruled by owner)"
IC-93361,capability_group,Modular,2026-09-29,"Titan Modular Systems, Inc.: not a HUD-code plant; makes Relocatable Modular. Commercial modular (classrooms, offices) for dealer fleets at 162 Industrial Dr; not HUD homes. Evidence: 'commercial modular buildings for dealers throughout the United States since 2012 ... 162 Industrial Dr, Alma, Georgia' https://www.titanmod.com (HUD check vs MHI plant list, ruled by owner)"
IC-93365,existence_flag,not_ic,2026-09-29,"Trachte, LLC: Trachte builds control houses/e-houses (and storage buildings); equipment enclosures are out of IC scope. Evidence: 'manufactures modular/preassembled buildings (control houses, e-houses)' (HUD check vs MHI plant list, ruled by owner)"
IC-93366,existence_flag,not_ic,2026-09-29,"Trachte, LLC. - Southeast: Control houses and e-houses are equipment enclosures, out of IC scope. Evidence: 'manufactures modular/preassembled buildings (control houses, e-houses)' (HUD check vs MHI plant list, ruled by owner)"
IC-93374,existence_flag,not_ic,2026-09-29,"Tuff Shed, Inc..: Shed and garage maker. Evidence: 'Tuff Shed operates a manufacturing facility at the Bessemer address ... and pre-fabricates wooden storage buildings and garages there.' https://www.tuffshed.com (HUD check vs MHI plant list, ruled by owner)"
IC-93385,existence_flag,not_ic,2026-09-29,"UNITED CONCRETE PRODUCTS, INC.: Infrastructure precast, not building products; person may review if they also make precast buildings. Evidence: 'manufactures precast concrete infrastructure products (bridge elements, retaining walls, pipes)' (HUD check vs MHI plant list, ruled by owner)"
IC-93461,capability_leaf,Wood Volumetric Modular,2026-09-29,"Affinity Building Systems, LLC.: not a HUD-code plant; makes Wood Volumetric Modular. Affinity builds modular (not HUD-code) homes at this plant. Evidence: 'Our manufacturing facility is housed over 2 1/2 acres and is contained on our private 13-acre complex ... 62 Murray Blvd. Lakeland, GA' https://affinitybuildingsystems.com (HUD check vs MHI plant list, ruled by owner)"
IC-93461,capability_group,Modular,2026-09-29,"Affinity Building Systems, LLC.: not a HUD-code plant; makes Wood Volumetric Modular. Affinity builds modular (not HUD-code) homes at this plant. Evidence: 'Our manufacturing facility is housed over 2 1/2 acres and is contained on our private 13-acre complex ... 62 Murray Blvd. Lakeland, GA' https://affinitybuildingsystems.com (HUD check vs MHI plant list, ruled by owner)"
IC-93483,capability_leaf,Wood Volumetric Modular,2026-09-29,"Pennwest Homes: not a HUD-code plant; makes Wood Volumetric Modular. Now Cavco Emlenton; modular home factory, not HUD-code. Evidence: 'Pennwest Homes ... is one of the largest single family modular home factories in the Northeast' https://www.thederrick.com/business_review/section_h/biz-rev-pennwest-homes/article_5cd2c7e2-7932-11ec-8da7-27e93ac73cac.html (HUD check vs MHI plant list, ruled by owner)"
IC-93483,capability_group,Modular,2026-09-29,"Pennwest Homes: not a HUD-code plant; makes Wood Volumetric Modular. Now Cavco Emlenton; modular home factory, not HUD-code. Evidence: 'Pennwest Homes ... is one of the largest single family modular home factories in the Northeast' https://www.thederrick.com/business_review/section_h/biz-rev-pennwest-homes/article_5cd2c7e2-7932-11ec-8da7-27e93ac73cac.html (HUD check vs MHI plant list, ruled by owner)"
IC-93527,capability_leaf,Wood Volumetric Modular,2026-09-29,"HOMEWAY COMMERCIAL: not a HUD-code plant; makes Wood Volumetric Modular. Volumetric modular plant, not HUD-code. Evidence: 'Homeway Commercial manufactures modular buildings (volumetric modular) at the address 100 Homeway Court, Deer Creek, IL.' https://www.homewaycommercial.com (HUD check vs MHI plant list, ruled by owner)"
IC-93527,capability_group,Modular,2026-09-29,"HOMEWAY COMMERCIAL: not a HUD-code plant; makes Wood Volumetric Modular. Volumetric modular plant, not HUD-code. Evidence: 'Homeway Commercial manufactures modular buildings (volumetric modular) at the address 100 Homeway Court, Deer Creek, IL.' https://www.homewaycommercial.com (HUD check vs MHI plant list, ruled by owner)"
IC-93621,capability_leaf,Wood Volumetric Modular,2026-09-29,"Stratford Homes Limited Partnership: not a HUD-code plant; makes Wood Volumetric Modular. Modular home plant, not HUD-code. Evidence: 'Stratford Homes Limited Partnership operates a production facility at 212501 WI-97, Stratford, WI, where they build custom modular homes.' https://stratfordhomes.com (HUD check vs MHI plant list, ruled by owner)"
IC-93621,capability_group,Modular,2026-09-29,"Stratford Homes Limited Partnership: not a HUD-code plant; makes Wood Volumetric Modular. Modular home plant, not HUD-code. Evidence: 'Stratford Homes Limited Partnership operates a production facility at 212501 WI-97, Stratford, WI, where they build custom modular homes.' https://stratfordhomes.com (HUD check vs MHI plant list, ruled by owner)"
IC-93634,capability_leaf,Wood Volumetric Modular,2026-09-29,"VBC Manufacturing: not a HUD-code plant; makes Wood Volumetric Modular. VBC's Berwick volumetric multifamily factory uses 159 Power House Rd; makes steel and wood modular units, not HUD homes. Evidence: 'Volumetric Building Companies is looking for a Building Systems Designer - MEP in 159 Power House Rd, Berwick, PA 18603' https://jobs.smartrecruiters.com/VolumetricBuildingCompanies/744000025551705-building-systems-designer-mep (HUD check vs MHI plant list, ruled by owner)"
IC-93634,capability_group,Modular,2026-09-29,"VBC Manufacturing: not a HUD-code plant; makes Wood Volumetric Modular. VBC's Berwick volumetric multifamily factory uses 159 Power House Rd; makes steel and wood modular units, not HUD homes. Evidence: 'Volumetric Building Companies is looking for a Building Systems Designer - MEP in 159 Power House Rd, Berwick, PA 18603' https://jobs.smartrecruiters.com/VolumetricBuildingCompanies/744000025551705-building-systems-designer-mep (HUD check vs MHI plant list, ruled by owner)"
IC-93638,capability_leaf,Wood Volumetric Modular,2026-09-29,"Westchester Modular Homes: not a HUD-code plant; makes Wood Volumetric Modular. Modular (not HUD-code) home factory at 30 Reagans Mill Rd. Evidence: 'Headquartered in Wingdale, NY, we are the national leader in the design and production of high-quality custom homes.' https://westchestermodular.com (HUD check vs MHI plant list, ruled by owner)"
IC-93638,capability_group,Modular,2026-09-29,"Westchester Modular Homes: not a HUD-code plant; makes Wood Volumetric Modular. Modular (not HUD-code) home factory at 30 Reagans Mill Rd. Evidence: 'Headquartered in Wingdale, NY, we are the national leader in the design and production of high-quality custom homes.' https://westchestermodular.com (HUD check vs MHI plant list, ruled by owner)"
IC-93801,capability_leaf,Wood Volumetric Modular,2026-09-29,"Unibilt Industries Inc: not a HUD-code plant; makes Wood Volumetric Modular. Custom modular-home builder; site makes no mention of HUD-code homes. Evidence: 'Save time and money with a beautiful, customized Unibilt modular home. ... 8005 Johnson Station Road | Vandalia, Ohio 45377' https://unibiltcustomhomes.com (HUD check vs MHI plant list, ruled by owner)"
IC-93801,capability_group,Modular,2026-09-29,"Unibilt Industries Inc: not a HUD-code plant; makes Wood Volumetric Modular. Custom modular-home builder; site makes no mention of HUD-code homes. Evidence: 'Save time and money with a beautiful, customized Unibilt modular home. ... 8005 Johnson Station Road | Vandalia, Ohio 45377' https://unibiltcustomhomes.com (HUD check vs MHI plant list, ruled by owner)"
IC-93882,capability_leaf,SIP / ICF (Other Composite Panel),2026-09-29,"PFB MANUFACTURING LLC: not a HUD-code plant; makes SIP / ICF (Other Composite Panel). PFB Manufacturing makes Insulspan SIPs at adjoining 245/247 N Jipson; not HUD. Evidence: '245 North Jipson Street Blissfield, MI 49228 ... structured insulated panels' https://buildingclean.org/manufacturers/facility/5403 (HUD check vs MHI plant list, ruled by owner)"
IC-93882,capability_group,Panel,2026-09-29,"PFB MANUFACTURING LLC: not a HUD-code plant; makes SIP / ICF (Other Composite Panel). PFB Manufacturing makes Insulspan SIPs at adjoining 245/247 N Jipson; not HUD. Evidence: '245 North Jipson Street Blissfield, MI 49228 ... structured insulated panels' https://buildingclean.org/manufacturers/facility/5403 (HUD check vs MHI plant list, ruled by owner)"
IC-93893,existence_flag,not_ic,2026-09-29,"ZPRODTEST: Test/placeholder record (ZPRODTEST, 123 TEST), not a real business. Evidence: 'The record's address '123 TEST' is likely a placeholder' (HUD check vs MHI plant list, ruled by owner)"
IC-93898,capability_leaf,Precast Concrete Panel,2026-09-29,"BETHLEHEM CONSTRUCTION INC: not a HUD-code plant; makes Precast Concrete Panel. Precast concrete producer operating from 5505 Titchenal Way, Cashmere; not HUD-code. Evidence: 'Precast/prestress concrete ... Structural Precast ... Architectural Precast ... Precast Modular Housing' https://bethlehemconstruction.com (HUD check vs MHI plant list, ruled by owner)"
IC-93898,capability_group,Panel,2026-09-29,"BETHLEHEM CONSTRUCTION INC: not a HUD-code plant; makes Precast Concrete Panel. Precast concrete producer operating from 5505 Titchenal Way, Cashmere; not HUD-code. Evidence: 'Precast/prestress concrete ... Structural Precast ... Architectural Precast ... Precast Modular Housing' https://bethlehemconstruction.com (HUD check vs MHI plant list, ruled by owner)"
IC-93904,existence_flag,not_ic,2026-09-29,"CAVCO MANUFACTURING LLC: 3636 N Central Ave is Cavco's corporate headquarters office, not a plant. Evidence: 'P5/P6 identify it as the primary owner address for Palm Harbor Homes entities, but no passage links current manufacturing activity to the Phoenix address' https://investor.cavco.com (HUD check vs MHI plant list, ruled by owner)"
IC-93905,existence_flag,not_ic,2026-09-29,"MADISON INDUSTRIES: Suite 211 in Santa Ana is a corporate office; production is in Hesperia (IC-94501). Evidence: 'The passages identify the Santa Ana address as a 'Corporate Office' ... The actual West Coast production facility is located in Hesperia' https://madisonind.com (HUD check vs MHI plant list, ruled by owner)"
IC-93907,existence_flag,not_ic,2026-09-29,"RK MISSION CRITICAL LLC: 3800 Xanthia is RK Mechanical HQ and trade-contractor fab shop; RK's modular plants are in Aurora. Evidence: 'corporate headquarters ... 8,400 sq. ft. area for pipe and spiral duct fabrication ... 4,000 sq. ft. vehicle maintenance and repair garage' https://www.milenderwhite.com/our-work/rk-mechanical-headquarters-industrial-warehouse/ (HUD check vs MHI plant list, ruled by owner)"
IC-93915,capability_leaf,Wood Volumetric Modular,2026-09-29,"STRATFORD BUILDING CORPORATION: not a HUD-code plant; makes Wood Volumetric Modular. Modular (not HUD-code) home plant. Evidence: 'Stratford Building Corporation manufactures custom modular homes at the physical address 7628 W Boekel Rd in Rathdrum, ID.' https://stratfordbuild.com (HUD check vs MHI plant list, ruled by owner)"
IC-93915,capability_group,Modular,2026-09-29,"STRATFORD BUILDING CORPORATION: not a HUD-code plant; makes Wood Volumetric Modular. Modular (not HUD-code) home plant. Evidence: 'Stratford Building Corporation manufactures custom modular homes at the physical address 7628 W Boekel Rd in Rathdrum, ID.' https://stratfordbuild.com (HUD check vs MHI plant list, ruled by owner)"
IC-93918,existence_flag,not_ic,2026-09-29,"HENNIG ENCLOSURE SYSTEMS: Generator/equipment enclosures; out of scope. Evidence: 'Hennig Enclosure Systems manufactures innovative enclosures and fuel tanks for standby/emergency/prime power/peak shaving generators and switchgear' https://bernardandcompany.com/hennig-opens-new-facility-for-power-generator-enclosure-systems/ (HUD check vs MHI plant list, ruled by owner)"
IC-93920,existence_flag,not_ic,2026-09-29,"WILLIAMS SCOTSMAN INC: WillScot corporate headquarters office suite, not a plant. Evidence: 'Williams Scotsman (WillScot) at 901 S Bond St, Baltimore, MD 21231' http://www.willscot.com (HUD check vs MHI plant list, ruled by owner)"
IC-94045,capability_leaf,Wood Volumetric Modular,2026-09-29,"Rolling Acres Cabins - Factory 1: not a HUD-code plant; makes Wood Volumetric Modular. Certified modular cabins/homes built in Munfordville factory; not bathroom pods or HUD. Evidence: 'our Munfordville facility builds high-quality modular homes and commercial buildings' https://lelandsmodular.com/factory/kentucky (HUD check vs MHI plant list, ruled by owner)"
IC-94045,capability_group,Modular,2026-09-29,"Rolling Acres Cabins - Factory 1: not a HUD-code plant; makes Wood Volumetric Modular. Certified modular cabins/homes built in Munfordville factory; not bathroom pods or HUD. Evidence: 'our Munfordville facility builds high-quality modular homes and commercial buildings' https://lelandsmodular.com/factory/kentucky (HUD check vs MHI plant list, ruled by owner)"
IC-94118,capability_leaf,Wood Volumetric Modular,2026-09-29,"FADING WEST BUILDING SYSTEMS, LLC: not a HUD-code plant; makes Wood Volumetric Modular. Operating modular (not HUD-code) home factory at 1950 McCormick Place; June 2026 coverage shows it active. Evidence: 'operates from a 110,000 square foot climate-controlled modular factory where they build high-quality homes' https://www.fadingwest.com/ (HUD check vs MHI plant list, ruled by owner)"
IC-94118,capability_group,Modular,2026-09-29,"FADING WEST BUILDING SYSTEMS, LLC: not a HUD-code plant; makes Wood Volumetric Modular. Operating modular (not HUD-code) home factory at 1950 McCormick Place; June 2026 coverage shows it active. Evidence: 'operates from a 110,000 square foot climate-controlled modular factory where they build high-quality homes' https://www.fadingwest.com/ (HUD check vs MHI plant list, ruled by owner)"
IC-94151,existence_flag,not_ic,2026-09-29,"POINT EIGHT POWER LLC: E-houses/power skids are out of scope. Evidence: 'The passages describe the company as providing 'Modular Power Solutions' and 'E-Houses'' http://www.pointeightpower.com/ (HUD check vs MHI plant list, ruled by owner)"
IC-94165,existence_flag,not_ic,2026-09-29,"STATE SERVICE COMPANY INC.: Industrial process modules and e-houses for energy plants, not building construction products. Evidence: 'building process skids, pipe rack modules, e-houses, and utility modules' https://stateservice.com (HUD check vs MHI plant list, ruled by owner)"
IC-94170,existence_flag,not_ic,2026-09-29,"MKJ OPERATIONS LLC: Engineering/energy services firm (TDG Powerhouses) at a Katy business address, not a housing plant. Evidence: 'operates in the Engineering Services industry ... does business as TDG Energy Services' https://www.bizapedia.com/tx/mkj-operations-llc.html (HUD check vs MHI plant list, ruled by owner)"
IC-94174,existence_flag,not_ic,2026-09-29,"TXLA SYSTEMS: TxLa's Huffman HQ/fabrication site at 23015 FM 2100 builds electrical enclosures/e-houses, not homes. Evidence: 'custom enclosures, electrical equipment such as switchboards and automatic transfer switches, and fully integrated buildings' https://txlasystems.com/about-us/ (HUD check vs MHI plant list, ruled by owner)"
IC-94175,existence_flag,not_ic,2026-09-29,"TxLa Systems: TxLa Systems makes electrical enclosures/e-houses; Eastgate Rd was a metal office-warehouse building project. Evidence: 'custom enclosures, electrical equipment such as switchboards and automatic transfer switches, and fully integrated buildings' https://txlasystems.com/about-us/ (HUD check vs MHI plant list, ruled by owner)"
IC-94176,existence_flag,not_ic,2026-09-29,"TXLA SYSTEMS: TxLa Systems makes electrical enclosures/e-houses, not homes; Dayton site not separately verified. Evidence: 'custom enclosures, electrical equipment such as switchboards and automatic transfer switches, and fully integrated buildings' https://txlasystems.com/about-us/ (HUD check vs MHI plant list, ruled by owner)"
IC-94177,existence_flag,not_ic,2026-09-29,"TXLA SYSTEMS: TxLa Systems makes electrical enclosures/e-houses, not homes; Baytown site not separately verified. Evidence: 'custom enclosures, electrical equipment such as switchboards and automatic transfer switches, and fully integrated buildings' https://txlasystems.com/about-us/ (HUD check vs MHI plant list, ruled by owner)"
IC-94183,existence_flag,not_ic,2026-09-29,"WOLF VALLEY BUILDINGS LLC: Shed/barn/portable building maker whose tiny homes are out of scope. Evidence: 'Custom Sheds, Tiny Homes, Cabins & More' https://wolfvalleybuildings.com/ (HUD check vs MHI plant list, ruled by owner)"
IC-94189,existence_flag,not_ic,2026-09-29,"ALMOND BRANCH HOMES LLC: On-site general contractor, not a factory. Evidence: 'identify Almond Branch Homes as a general contractor performing on-site residential new construction in Lubbock, TX' (HUD check vs MHI plant list, ruled by owner)"
IC-94460,existence_flag,not_ic,2026-09-29,"ARBUCKLES HOMES TO GO INC: Arbuckle's Homes To Go at 7340 County Rd 15 Orland sells/builds park model homes, which are out of scope. Evidence: 'offering the finest quality park model homes to customers' https://www.arbuckleshomestogo.com/ (HUD check vs MHI plant list, ruled by owner)"
IC-94462,capability_leaf,Relocatable Modular,2026-09-29,"ATLAS PERFORMANCE INDUSTRIES INC: not a HUD-code plant; makes Relocatable Modular. Santa Maria dealer/manufacturer of office trailers and commercial modular buildings; not HUD homes. Evidence: 'API Trailers specializes in the design and manufacture of custom office trailers, modular buildings and cabins.' https://housinginnovation.co/factory/atlas-performance-industries-inc/ (HUD check vs MHI plant list, ruled by owner)"
IC-94462,capability_group,Modular,2026-09-29,"ATLAS PERFORMANCE INDUSTRIES INC: not a HUD-code plant; makes Relocatable Modular. Santa Maria dealer/manufacturer of office trailers and commercial modular buildings; not HUD homes. Evidence: 'API Trailers specializes in the design and manufacture of custom office trailers, modular buildings and cabins.' https://housinginnovation.co/factory/atlas-performance-industries-inc/ (HUD check vs MHI plant list, ruled by owner)"
IC-94464,existence_flag,not_ic,2026-09-29,"AX CAPITAL DEVELOPERS LLC: Real estate developer; no manufacturing evidence anywhere. Evidence: 'identifying it as a real estate development and management entity' (HUD check vs MHI plant list, ruled by owner)"
IC-94468,capability_leaf,Steel Volumetric Modular,2026-09-29,"BOSS HOMES LLC: not a HUD-code plant; makes Steel Volumetric Modular. BOSS manufactures steel modular/panelized housing units at 1057 S Vail Ave; not HUD-code homes. Panel vs volumetric split not fully verified. Evidence: 'Their homes are built in California with steel ... manufactured in California' https://bosshomes.com/ (HUD check vs MHI plant list, ruled by owner)"
IC-94468,capability_group,Modular,2026-09-29,"BOSS HOMES LLC: not a HUD-code plant; makes Steel Volumetric Modular. BOSS manufactures steel modular/panelized housing units at 1057 S Vail Ave; not HUD-code homes. Panel vs volumetric split not fully verified. Evidence: 'Their homes are built in California with steel ... manufactured in California' https://bosshomes.com/ (HUD check vs MHI plant list, ruled by owner)"
IC-94471,existence_flag,not_ic,2026-09-29,"CALIFORNIA TINY HOUSE INC: Tiny houses on wheels (RV-type), out of scope. Evidence: 'California Tiny House has been building tiny houses and custom projects on wheels for over 10 years.' https://www.californiatinyhouse.com/ (HUD check vs MHI plant list, ruled by owner)"
IC-94474,existence_flag,not_ic,2026-09-29,"CGS PREMIER INC: Builds mobile trailers, vans and RVs (incl. mobile classrooms), not buildings. Evidence: 'dedicated to providing safe and reliable mobile medical trailers, RVs and vans with patented drop-trailer designs' https://cgspremier.com/mobile-healthcare-clinics/ (HUD check vs MHI plant list, ruled by owner)"
IC-94479,capability_leaf,Relocatable Modular,2026-09-29,"CSLM CONSTRUCTION INC: not a HUD-code plant; makes Relocatable Modular. Earlier research ties modular building/office-trailer manufacturing to this address; commercial modular, not HUD homes. Evidence: 'CSLM Construction has a manufacturing facility at 140 Mapes Rd Perris, CA 92570 ... specializes in modular buildings and office trailers.' https://cslmmodular.com (HUD check vs MHI plant list, ruled by owner)"
IC-94479,capability_group,Modular,2026-09-29,"CSLM CONSTRUCTION INC: not a HUD-code plant; makes Relocatable Modular. Earlier research ties modular building/office-trailer manufacturing to this address; commercial modular, not HUD homes. Evidence: 'CSLM Construction has a manufacturing facility at 140 Mapes Rd Perris, CA 92570 ... specializes in modular buildings and office trailers.' https://cslmmodular.com (HUD check vs MHI plant list, ruled by owner)"
IC-94485,capability_leaf,Steel Volumetric Modular,2026-09-29,"FREEFORM DEVELOPMENT INC.: not a HUD-code plant; makes Steel Volumetric Modular. State-licensed steel/container modular manufacturer at this address, not HUD homes. Evidence: 'turnkey steel modular design and manufacturing process, transforming steel framing and shipping containers into commercial modular ... Their facility is located at 1148 Industrial Avenue Escondido' https://freeformdevelopmentinc.com/about-us/ (HUD check vs MHI plant list, ruled by owner)"
IC-94485,capability_group,Modular,2026-09-29,"FREEFORM DEVELOPMENT INC.: not a HUD-code plant; makes Steel Volumetric Modular. State-licensed steel/container modular manufacturer at this address, not HUD homes. Evidence: 'turnkey steel modular design and manufacturing process, transforming steel framing and shipping containers into commercial modular ... Their facility is located at 1148 Industrial Avenue Escondido' https://freeformdevelopmentinc.com/about-us/ (HUD check vs MHI plant list, ruled by owner)"
IC-94491,capability_leaf,Steel Volumetric Modular,2026-09-29,"IMOD SYSTEMS: not a HUD-code plant; makes Steel Volumetric Modular. Steel-frame modular classroom plant on Mare Island (Azuar Dr), not HUD homes. Evidence: 'iMod operates a 100,000-square-foot factory on Mare Island in Vallejo ... Each iMod moment frame has 6 tons of heavy steel' https://www.northbaybusinessjournal.com/article/article/vallejo-startup-intermodal-structures-builds-heavy-duty-high-tech-into-mod/ (HUD check vs MHI plant list, ruled by owner)"
IC-94491,capability_group,Modular,2026-09-29,"IMOD SYSTEMS: not a HUD-code plant; makes Steel Volumetric Modular. Steel-frame modular classroom plant on Mare Island (Azuar Dr), not HUD homes. Evidence: 'iMod operates a 100,000-square-foot factory on Mare Island in Vallejo ... Each iMod moment frame has 6 tons of heavy steel' https://www.northbaybusinessjournal.com/article/article/vallejo-startup-intermodal-structures-builds-heavy-duty-high-tech-into-mod/ (HUD check vs MHI plant list, ruled by owner)"
IC-94499,existence_flag,not_ic,2026-09-29,"LIBERTY CABINS: Builds RVIA tiny homes on wheels (RVs), out of scope. Evidence: 'Forever Tiny Homes is a state licensed Dealer and Manufacturer of their RVIA certified travel trailers tiny home style' https://www.forevertinyhomes.com/ (HUD check vs MHI plant list, ruled by owner)"
IC-94500,existence_flag,not_ic,2026-09-29,"LIFEARK SPC: Monrovia is an office/business address; production is elsewhere. Evidence: 'LifeArk SPC manufactures its components at a partner facility in Madera, CA (P3), not at the Monrovia address' (HUD check vs MHI plant list, ruled by owner)"
IC-94514,existence_flag,not_ic,2026-09-29,"Pacific Mobile Structures, Inc.: Sales/leasing branch office; Pacific Mobile's HQ/plant is in Chehalis WA. No manufacturing shown at Menifee. Evidence: 'Riverside, CA (Menifee) - The facility at 26414 Murrieta Rd. Menifee, CA 92585 is a Riverside branch office' https://pacificmobile.com/locations/ (HUD check vs MHI plant list, ruled by owner)"
IC-94541,capability_leaf,"Wood Structural Components (Trusses, etc.)",2026-09-29,"True House Inc. - Crescent City: not a HUD-code plant; makes Wood Structural Components (Trusses, etc.). Truss plant at 105 Denver Rd Crescent City FL; not HUD homes. Website field (trulia) is wrong. Evidence: 'True House is a designer and manufacturer of roof and floor trusses in Jacksonville, Crescent City' https://truehouse.com/about-us/ (HUD check vs MHI plant list, ruled by owner)"
IC-94541,capability_group,Other,2026-09-29,"True House Inc. - Crescent City: not a HUD-code plant; makes Wood Structural Components (Trusses, etc.). Truss plant at 105 Denver Rd Crescent City FL; not HUD homes. Website field (trulia) is wrong. Evidence: 'True House is a designer and manufacturer of roof and floor trusses in Jacksonville, Crescent City' https://truehouse.com/about-us/ (HUD check vs MHI plant list, ruled by owner)"
IC-94578,capability_leaf,Wood Volumetric Modular,2026-09-29,"Apex Homes of PA, LLC: not a HUD-code plant; makes Wood Volumetric Modular. Operating modular home plant, not HUD-code. Evidence: 'describes itself as a wholesale manufacturer of custom modular homes at 7172 Route 522, Middleburg' https://apexhomesofpa.com (HUD check vs MHI plant list, ruled by owner)"
IC-94578,capability_group,Modular,2026-09-29,"Apex Homes of PA, LLC: not a HUD-code plant; makes Wood Volumetric Modular. Operating modular home plant, not HUD-code. Evidence: 'describes itself as a wholesale manufacturer of custom modular homes at 7172 Route 522, Middleburg' https://apexhomesofpa.com (HUD check vs MHI plant list, ruled by owner)"
IC-94580,existence_flag,closed,2026-09-29,"ProBuilt Homes, Inc.: ProBuilt Homes closed in 2013. Evidence: 'Passage P2 explicitly states 'Pro-Built Homes CLOSED' and Passage P7 contains a review stating 'they closed in June 2013'' (HUD check vs MHI plant list, ruled by owner)"
IC-94581,capability_leaf,Wood Volumetric Modular,2026-09-29,"Muncy Homes, Inc.: not a HUD-code plant; makes Wood Volumetric Modular. Operating modular plant, not HUD-code. Evidence: 'Muncy Homes manufactures modular housing at the address 1567 Route 442 Highway, Muncy, PA 17756' https://muncyhomes.com (HUD check vs MHI plant list, ruled by owner)"
IC-94581,capability_group,Modular,2026-09-29,"Muncy Homes, Inc.: not a HUD-code plant; makes Wood Volumetric Modular. Operating modular plant, not HUD-code. Evidence: 'Muncy Homes manufactures modular housing at the address 1567 Route 442 Highway, Muncy, PA 17756' https://muncyhomes.com (HUD check vs MHI plant list, ruled by owner)"
IC-94595,existence_flag,closed,2026-09-29,"Mod-U-Kraf Homes, Inc.: Factory closed in 2016. Evidence: 'Mod-U-Kraf Homes, Inc. closed their Rocky Mount factory in 2016 and are no longer in business.' http://mod-u-kraf.com (HUD check vs MHI plant list, ruled by owner)"
IC-94666,existence_flag,not_ic,2026-09-29,"OAKWOOD MOBILE HOMES: Retail sales centre, not a plant. Evidence: 'identify the facility at 11160 Washington Hwy as a retailer or home center for manufactured and modular homes (Oakwood Homes of Glen Allen), not a manufacturing plant' (HUD check vs MHI plant list, ruled by owner)"
IC-94698,existence_flag,not_ic,2026-09-29,"Aztec Building Systems: Control houses/e-houses are excluded; otherwise a design-build contractor office. Evidence: 'The plant manufactures control houses' https://aztecbuildingsystems.com (HUD check vs MHI plant list, ruled by owner)"
IC-94699,existence_flag,closed,2026-09-29,"Benchmark Industries: Explicit closure statement for this plant. Evidence: 'Benchmark Industries at this address is 'CLOSED (Purchased by Phoenix Building Systems)'' (HUD check vs MHI plant list, ruled by owner)"
IC-94700,capability_leaf,Steel Volumetric Modular,2026-09-29,"Biologics Modular, LLC: not a HUD-code plant; makes Steel Volumetric Modular. Cleanroom modules are in scope; container-based steel volumetric units. Evidence: 'a design and manufacturing site for 'modular biorepositories' and 'cGMP modular clean room facilities' based on intermodal containers' https://biologicsmodular.com (HUD check vs MHI plant list, ruled by owner)"
IC-94700,capability_group,Modular,2026-09-29,"Biologics Modular, LLC: not a HUD-code plant; makes Steel Volumetric Modular. Cleanroom modules are in scope; container-based steel volumetric units. Evidence: 'a design and manufacturing site for 'modular biorepositories' and 'cGMP modular clean room facilities' based on intermodal containers' https://biologicsmodular.com (HUD check vs MHI plant list, ruled by owner)"
IC-94703,existence_flag,not_ic,2026-09-29,"Branchville Correctional Facility: State prison; its correctional industries are pallets and sawmill, not IC. Evidence: 'Pallet Repair (Joint Venture); Saw Mill (Joint Venture)' https://www.in.gov/idoc/indianacorrectionalindustries/locations/branchville-correctional-facility/ (HUD check vs MHI plant list, ruled by owner)"
IC-94707,existence_flag,not_ic,2026-09-29,"CARLIN MFG / LILLY: Office of a mobile-kitchen maker; not IC. Evidence: 'the facility at 131 W Jefferson Avenue as a business office for 'Kitchens To Go' and Carlin Manufacturing, which manufactures mobile commercial kitchens.' https://kitchenstogo.com (HUD check vs MHI plant list, ruled by owner)"
IC-94708,existence_flag,not_ic,2026-09-29,"Carlos Pedrazza: Individual surveyor, not a plant. Evidence: 'The passages identify Carlos Pedrazza as a Professional Surveyor, not an industrial facility' (HUD check vs MHI plant list, ruled by owner)"
IC-94709,existence_flag,closed,2026-09-29,"Carlynn Enterprises/Shamrock Homes: Positive closure statement for Shamrock Homes, Plymouth IN. Evidence: 'Passage P5 explicitly states 'Shamrock Homes CLOSED' and Passage P8 confirms 'Shamrock Homes closed in 2011'' (HUD check vs MHI plant list, ruled by owner)"
IC-94714,existence_flag,not_ic,2026-09-29,"Champion Home Builders Inc: Champion corporate HQ in Troy, not a plant. Evidence: 'describe it as a corporate headquarters or administrative office' https://www.championhomes.com (HUD check vs MHI plant list, ruled by owner)"
IC-94716,existence_flag,not_ic,2026-09-29,"Clayton Homes: Clayton Homes corporate headquarters, not a plant. Evidence: '5000 Clayton Road, Maryville, TN 37804' https://claytonhomes.com (HUD check vs MHI plant list, ruled by owner)"
IC-94722,capability_leaf,Wood Volumetric Modular,2026-09-29,"Contempri Industries, Inc Corporate Offices: not a HUD-code plant; makes Wood Volumetric Modular. Modular home plant, not HUD-code. Evidence: 'Contempri Homes Industries, Inc. manufactures modular homes (pre-engineered building components) at the address 1000 W. Water Street in Pinckneyville, IL.' (HUD check vs MHI plant list, ruled by owner)"
IC-94722,capability_group,Modular,2026-09-29,"Contempri Industries, Inc Corporate Offices: not a HUD-code plant; makes Wood Volumetric Modular. Modular home plant, not HUD-code. Evidence: 'Contempri Homes Industries, Inc. manufactures modular homes (pre-engineered building components) at the address 1000 W. Water Street in Pinckneyville, IL.' (HUD check vs MHI plant list, ruled by owner)"
IC-94736,capability_leaf,Wood Volumetric Modular,2026-09-29,"Durabuilt Homes, LLC: not a HUD-code plant; makes Wood Volumetric Modular. Durabilt/MSI modular plant at 1910 North Old Trail; no HUD evidence. Evidence: 'Passages confirm this location manufactures modular homes.' (HUD check vs MHI plant list, ruled by owner)"
IC-94736,capability_group,Modular,2026-09-29,"Durabuilt Homes, LLC: not a HUD-code plant; makes Wood Volumetric Modular. Durabilt/MSI modular plant at 1910 North Old Trail; no HUD evidence. Evidence: 'Passages confirm this location manufactures modular homes.' (HUD check vs MHI plant list, ruled by owner)"
IC-94739,existence_flag,not_ic,2026-09-29,"Eko Solutions: Decatur shop makes tiny homes, park models and hunting blinds; not HUD homes or in-scope IC. Evidence: 'They manufacture tiny homes, campsite and park models, hunting blinds, and more' https://www.ekosolutionsllc.com/eko-residential (HUD check vs MHI plant list, ruled by owner)"
IC-94748,existence_flag,not_ic,2026-09-29,"Excellerate, A Division of Faith Technologies Incorporated: Corporate headquarters, not a plant; Excellerate prefab facilities are elsewhere. Evidence: 'The passages identify 201 Main Street, Menasha, WI as the FTI Headquarters' https://faithtechinc.com (HUD check vs MHI plant list, ruled by owner)"
IC-94761,capability_leaf,Wood Volumetric Modular,2026-09-29,"General Housing Corporation: not a HUD-code plant; makes Wood Volumetric Modular. Modular (not HUD) home plant. Evidence: 'General Housing Corporation builds modular homes at its Bay City, Michigan plant located at 4650 E. Wilder Road.' (HUD check vs MHI plant list, ruled by owner)"
IC-94761,capability_group,Modular,2026-09-29,"General Housing Corporation: not a HUD-code plant; makes Wood Volumetric Modular. Modular (not HUD) home plant. Evidence: 'General Housing Corporation builds modular homes at its Bay City, Michigan plant located at 4650 E. Wilder Road.' (HUD check vs MHI plant list, ruled by owner)"
IC-94783,existence_flag,closed,2026-09-29,"Liberty Homes Corporate: Positive closure statement for this address. Evidence: 'Passage P5 explicitly states 'Liberty Homes CLOSED' at the address 1101 Eisenhower Dr. N. Goshen, IN 46527' (HUD check vs MHI plant list, ruled by owner)"
IC-94815,existence_flag,not_ic,2026-09-29,"Palm Harbor Homes Corporate: Palm Harbor corporate office suite in Addison, not a plant. Evidence: 'identify the facility ... as a corporate headquarters, office, or sales center, not a manufacturing plant' http://www.palmharbor.com (HUD check vs MHI plant list, ruled by owner)"
IC-94816,existence_flag,closed,2026-09-29,"Patriot Homes Inc Corporate: Patriot Homes closed after 2008-2010 bankruptcy; also only a corporate office. Evidence: 'Passage P7 explicitly states 'Patriot Homes CLOSED' at the address 307 S. Main St. Elkhart, IN 46516' https://www.modulartoday.com/Patriot-Homes.html (HUD check vs MHI plant list, ruled by owner)"
IC-94822,capability_leaf,Bathroom Pods,2026-09-29,"Poynter Prefabrication Solutions: not a HUD-code plant; makes Bathroom Pods. Bathroom pod plant, not HUD-code. Evidence: 'Poynter Prefabrication Solutions operates a manufacturing facility at 775 Commerce Parkway West Drive in Greenwood, IN, producing prefabricated bathrooms (Bathroom Pods).' https://poynterinc.com (HUD check vs MHI plant list, ruled by owner)"
IC-94822,capability_group,Pods,2026-09-29,"Poynter Prefabrication Solutions: not a HUD-code plant; makes Bathroom Pods. Bathroom pod plant, not HUD-code. Evidence: 'Poynter Prefabrication Solutions operates a manufacturing facility at 775 Commerce Parkway West Drive in Greenwood, IN, producing prefabricated bathrooms (Bathroom Pods).' https://poynterinc.com (HUD check vs MHI plant list, ruled by owner)"
IC-94833,existence_flag,not_ic,2026-09-29,"RedGuard, LLC: Corporate office; production centre is at 401 W 47th St S. Evidence: 'The location at 4340 S West St serves as the corporate office of RedGuard' https://find-open.com/wichita/redguard-8202722 (HUD check vs MHI plant list, ruled by owner)"
IC-94837,existence_flag,not_ic,2026-09-29,"Romary Associates Inc: Commercial contractor; modular manufacturing discontinued. Evidence: 'Romary Associates is a commercial construction and space planning firm ... P10 explicitly states the manufacturing warehouse was no longer needed' https://romary.com (HUD check vs MHI plant list, ruled by owner)"
IC-94844,capability_leaf,SIP / ICF (Other Composite Panel),2026-09-29,"Samson Homes - Fischer Corporation: not a HUD-code plant; makes SIP / ICF (Other Composite Panel). Same phone as FischerSIPS, SIP maker across the street (1844 vs 1843); not HUD. Evidence: '1844 Northwestern Parkway Louisville, KY 40203 ... (502) 778-5577' https://fischersips.com/contact/ (HUD check vs MHI plant list, ruled by owner)"
IC-94844,capability_group,Panel,2026-09-29,"Samson Homes - Fischer Corporation: not a HUD-code plant; makes SIP / ICF (Other Composite Panel). Same phone as FischerSIPS, SIP maker across the street (1844 vs 1843); not HUD. Evidence: '1844 Northwestern Parkway Louisville, KY 40203 ... (502) 778-5577' https://fischersips.com/contact/ (HUD check vs MHI plant list, ruled by owner)"
IC-94848,existence_flag,not_ic,2026-09-29,"Shawn Huddleston Construction, Inc: Construction contractor; no evidence of factory production. Evidence: 'P4 and P5 classify the business as 'Building Contractors' rather than a manufacturer.' (HUD check vs MHI plant list, ruled by owner)"
IC-94849,existence_flag,not_ic,2026-09-29,"Skyline Corporation: Former Skyline corporate offices (listed as corporate-office property), not a plant. Evidence: 'Skyline Corporation's headquarters is located at 2520 By-Pass Road, Elkhart' https://www.crexi.com/properties/191681/indiana-skyline-corporate-offices (HUD check vs MHI plant list, ruled by owner)"
IC-94927,capability_leaf,Wood Volumetric Modular,2026-09-29,"MODMAX: not a HUD-code plant; makes Wood Volumetric Modular. Modular multifamily housing plant (MODMAX), not HUD-code. Evidence: 'BuildEx Modular-Tennessee is investing $23.3 million to establish modular manufacturing operations in Fayetteville' https://www.tn.gov/ecd/news/2025/8/6/buildex-modular-tennessee-to-establish-manufacturing-and-distribution-presence-in-lincoln-county.html (HUD check vs MHI plant list, ruled by owner)"
IC-94927,capability_group,Modular,2026-09-29,"MODMAX: not a HUD-code plant; makes Wood Volumetric Modular. Modular multifamily housing plant (MODMAX), not HUD-code. Evidence: 'BuildEx Modular-Tennessee is investing $23.3 million to establish modular manufacturing operations in Fayetteville' https://www.tn.gov/ecd/news/2025/8/6/buildex-modular-tennessee-to-establish-manufacturing-and-distribution-presence-in-lincoln-county.html (HUD check vs MHI plant list, ruled by owner)"
IC-95091,existence_flag,not_ic,2026-09-29,"New Baxley Operations, LLC DBA Impact Housing: Atlanta office; the plant is in Baxley (IC-23661). Evidence: 'The record address (3424 Peachtree Road Northeast Suite 700, Atlanta) is an office location.' (HUD check vs MHI plant list, ruled by owner)"
IC-95119,capability_leaf,Wood Volumetric Modular,2026-09-29,"Southern Heritage Homes, Inc.: not a HUD-code plant; makes Wood Volumetric Modular. Modular home plant, not HUD-code. Evidence: 'Southern Heritage Homes, Inc. is located at 275 Corporate Drive in Rocky Mount, VA, and manufactures prefabricated wooden modular homes.' https://southernheritagehomes.com (HUD check vs MHI plant list, ruled by owner)"
IC-95119,capability_group,Modular,2026-09-29,"Southern Heritage Homes, Inc.: not a HUD-code plant; makes Wood Volumetric Modular. Modular home plant, not HUD-code. Evidence: 'Southern Heritage Homes, Inc. is located at 275 Corporate Drive in Rocky Mount, VA, and manufactures prefabricated wooden modular homes.' https://southernheritagehomes.com (HUD check vs MHI plant list, ruled by owner)"
IC-95163,capability_leaf,Wood Volumetric Modular,2026-09-29,"Pleasant Valley Homes, Inc.: not a HUD-code plant; makes Wood Volumetric Modular. Operating modular plant at 100 Hammersmith Dr. Evidence: 'Pleasant Valley confirms it operates a modular home manufacturing facility in Pine Grove' https://www.modularhomes.com/manufacturer/2919/pleasant-valley-homes/pine-grove/ (HUD check vs MHI plant list, ruled by owner)"
IC-95163,capability_group,Modular,2026-09-29,"Pleasant Valley Homes, Inc.: not a HUD-code plant; makes Wood Volumetric Modular. Operating modular plant at 100 Hammersmith Dr. Evidence: 'Pleasant Valley confirms it operates a modular home manufacturing facility in Pine Grove' https://www.modularhomes.com/manufacturer/2919/pleasant-valley-homes/pine-grove/ (HUD check vs MHI plant list, ruled by owner)"
IC-95346,existence_flag,not_ic,2026-09-29,"MASONITE MOBILE: Masonite is a door manufacturer; doors are out of scope. Evidence: 'Masonite International Corp has a facility located at 1869 3rd St, Mobile, AL ... door manufacturing' https://www.macraesbluebook.com/search/company.cfm?company=683472 (HUD check vs MHI plant list, ruled by owner)"
IC-95358,existence_flag,not_ic,2026-09-29,"NAGEL MANUFACTURING AND SUPPLY COMPA: Maxwell site made wooden clothes hangers; corporation no longer active. Evidence: 'wood hangers for garment, retail stores, and hotel-motel industries in Maxwell, Texas' http://www.usa.com/frs/nagel-manufacturing-and-supply-compa.html (HUD check vs MHI plant list, ruled by owner)"
IC-95430,existence_flag,not_ic,2026-09-29,"Luxcon Mobile, LLC: Office-suite importer/seller of Chinese container houses, not a US plant. Evidence: 'Import records show they have received semi-circular container houses from Suzhouwuniuintegratedhousingco in Shanghai, China.' https://importkey.com/i/luxcon-mobile-llc (HUD check vs MHI plant list, ruled by owner)"
IC-95443,existence_flag,closed,2026-09-29,"Elliott Manufactured Homes Inc.: The outlet (a sales site, not a plant) closed in March 2023. Evidence: 'Passage P28 explicitly states the 'Outlet Closed Date' as 2023-03-31 for the Elliott Manufactured Homes, Inc. outlet at 16461 Fm 170, Presidio, TX.' (HUD check vs MHI plant list, ruled by owner)"
IC-95534,capability_leaf,Wood Volumetric Modular,2026-09-29,"Beracah Homes, Inc.: not a HUD-code plant; makes Wood Volumetric Modular. Modular (not HUD) home factory at 9590 Nanticoke Business Park Dr, Greenwood DE. Evidence: 'Every project is built just as you would a traditional 'site-built' home ... except a Beracah Home is built inside our factory here in Greenwood.' https://www.beracahhomes.com (HUD check vs MHI plant list, ruled by owner)"
IC-95534,capability_group,Modular,2026-09-29,"Beracah Homes, Inc.: not a HUD-code plant; makes Wood Volumetric Modular. Modular (not HUD) home factory at 9590 Nanticoke Business Park Dr, Greenwood DE. Evidence: 'Every project is built just as you would a traditional 'site-built' home ... except a Beracah Home is built inside our factory here in Greenwood.' https://www.beracahhomes.com (HUD check vs MHI plant list, ruled by owner)"
IC-95538,capability_leaf,Wood Volumetric Modular,2026-09-29,"Champion Modular, Inc.: not a HUD-code plant; makes Wood Volumetric Modular. Operating Champion New Era modular plant. Evidence: 'New Era was founded in 1992 and quickly became a leader known for quality and custom modular homes.' https://www.championhomes.com/brands/new-era-building-systems (HUD check vs MHI plant list, ruled by owner)"
IC-95538,capability_group,Modular,2026-09-29,"Champion Modular, Inc.: not a HUD-code plant; makes Wood Volumetric Modular. Operating Champion New Era modular plant. Evidence: 'New Era was founded in 1992 and quickly became a leader known for quality and custom modular homes.' https://www.championhomes.com/brands/new-era-building-systems (HUD check vs MHI plant list, ruled by owner)"
IC-95557,capability_leaf,Wood Volumetric Modular,2026-09-29,"Ritz-Craft Custom Homes: not a HUD-code plant; makes Wood Volumetric Modular. Modular home plant, not HUD-code. Evidence: ''15 Industrial Park Road' as the address for the Northeast Division of Ritz-Craft Custom Homes ... a manufacturer of modular homes.' https://ritz-craft.com (HUD check vs MHI plant list, ruled by owner)"
IC-95557,capability_group,Modular,2026-09-29,"Ritz-Craft Custom Homes: not a HUD-code plant; makes Wood Volumetric Modular. Modular home plant, not HUD-code. Evidence: ''15 Industrial Park Road' as the address for the Northeast Division of Ritz-Craft Custom Homes ... a manufacturer of modular homes.' https://ritz-craft.com (HUD check vs MHI plant list, ruled by owner)"
IC-95571,capability_leaf,Wood Volumetric Modular,2026-09-29,"Irontown Modular: not a HUD-code plant; makes Wood Volumetric Modular. Irontown builds code-built modular homes, apartments and ADUs, not HUD-code homes; keep this record as the survivor. Evidence: 'modular is a different delivery method — not a different standard' https://irontownmodular.com (HUD check vs MHI plant list, ruled by owner)"
IC-95571,capability_group,Modular,2026-09-29,"Irontown Modular: not a HUD-code plant; makes Wood Volumetric Modular. Irontown builds code-built modular homes, apartments and ADUs, not HUD-code homes; keep this record as the survivor. Evidence: 'modular is a different delivery method — not a different standard' https://irontownmodular.com (HUD check vs MHI plant list, ruled by owner)"
IC-95584,capability_leaf,Precast Concrete Panel,2026-09-29,"Walker Industries Ltd.: not a HUD-code plant; makes Precast Concrete Panel. Precast concrete producer, not HUD-code. Evidence: 'the plant at 1111 Kamaaina Rd in Kahului is a 'Kahului Location' for Walker Industries, which manufactures precast concrete products.' https://walkerprecast.com (HUD check vs MHI plant list, ruled by owner)"
IC-95584,capability_group,Panel,2026-09-29,"Walker Industries Ltd.: not a HUD-code plant; makes Precast Concrete Panel. Precast concrete producer, not HUD-code. Evidence: 'the plant at 1111 Kamaaina Rd in Kahului is a 'Kahului Location' for Walker Industries, which manufactures precast concrete products.' https://walkerprecast.com (HUD check vs MHI plant list, ruled by owner)"
IC-95621,existence_flag,not_ic,2026-09-29,"E.C. Babbert, Inc.: Makes precast utility/wastewater structures, not precast building products or panels. Evidence: 'Manholes, catch basins, curb inlets, headwalls, lift stations ... Septic tanks, holding tanks, cisterns, water meter pits, valve vaults' https://ecbabbert.com (HUD check vs MHI plant list, ruled by owner)"
IC-95658,capability_leaf,Wood Volumetric Modular,2026-09-29,"Lake City Manufactured Housing, Inc.: not a HUD-code plant; makes Wood Volumetric Modular. Custom modular home factory; no HUD-code evidence. Evidence: 'Lake City Homes builds customizable homes in a climate-controlled facility in Lake City, PA.' https://www.lakecityhomes.com/ (HUD check vs MHI plant list, ruled by owner)"
IC-95658,capability_group,Modular,2026-09-29,"Lake City Manufactured Housing, Inc.: not a HUD-code plant; makes Wood Volumetric Modular. Custom modular home factory; no HUD-code evidence. Evidence: 'Lake City Homes builds customizable homes in a climate-controlled facility in Lake City, PA.' https://www.lakecityhomes.com/ (HUD check vs MHI plant list, ruled by owner)"
IC-95763,existence_flag,closed,2026-09-29,"INDIEDWELL, PUBLIC BENEFIT CORPORATION: indieDwell shut the Caldwell factory and moved manufacturing out of Idaho. Evidence: 'The company's Caldwell factory, at 3520 Arthur St., closed in 2021.' https://boisedev.com/news/2021/10/01/indiedwell-lands-new-investors-moves-manufacturing-elsewhere/ (HUD check vs MHI plant list, ruled by owner)"
IC-95812,existence_flag,not_ic,2026-09-29,"PALM HARBOR VILLAGE OF AUSTIN ON BASTROP HWY: Retail model home centre (TRLR 26 on Bastrop Hwy); homes built by Cavco Austin plant. Evidence: 'identify the location at 810 Bastrop Hwy as a 'Model Home Center' and 'Retailer' (Palm Harbor Village of Austin), not a manufacturing plant' https://palmharborhomes.com (HUD check vs MHI plant list, ruled by owner)"
IC-95947,capability_leaf,"Wood Structural Components (Trusses, etc.)",2026-09-29,"MITSUI HOME AMERICA, LLC: not a HUD-code plant; makes Wood Structural Components (Trusses, etc.). Wood panel and truss plant, not HUD homes. Evidence: 'this facility manufactures prefabricated building components such as wall panels, floor panels, and roof trusses' https://www.mitsuihomeamerica.com (HUD check vs MHI plant list, ruled by owner)"
IC-95947,capability_group,Other,2026-09-29,"MITSUI HOME AMERICA, LLC: not a HUD-code plant; makes Wood Structural Components (Trusses, etc.). Wood panel and truss plant, not HUD homes. Evidence: 'this facility manufactures prefabricated building components such as wall panels, floor panels, and roof trusses' https://www.mitsuihomeamerica.com (HUD check vs MHI plant list, ruled by owner)"
IC-95952,existence_flag,not_ic,2026-09-29,"KING FOREST HOMES LLC: Small log-home design/sales office (about 2 staff) in a unit; no plant. Evidence: 'King Forest Homes, LLC is located at 31 Route 25, Unit #4, Plymouth, NH ... Design with us today and start building your log home tomorrow!' http://www.kingforesthomes.com/contents.htm (HUD check vs MHI plant list, ruled by owner)"
IC-95977,capability_leaf,Wood Volumetric Modular,2026-09-29,"WA317988332 - SEATTLE TINY HOMES INC: not a HUD-code plant; makes Wood Volumetric Modular. Builds state-certified modular DADUs at this factory besides out-of-scope trailers and park models. Evidence: 'Modular Homes - Factory prefab options for DADUs and tiny houses as permanent structures ... 24015 State Route 410, Buckley, WA 98321' https://seattletinyhomes.com (HUD check vs MHI plant list, ruled by owner)"
IC-95977,capability_group,Modular,2026-09-29,"WA317988332 - SEATTLE TINY HOMES INC: not a HUD-code plant; makes Wood Volumetric Modular. Builds state-certified modular DADUs at this factory besides out-of-scope trailers and park models. Evidence: 'Modular Homes - Factory prefab options for DADUs and tiny houses as permanent structures ... 24015 State Route 410, Buckley, WA 98321' https://seattletinyhomes.com (HUD check vs MHI plant list, ruled by owner)"
IC-95999,existence_flag,not_ic,2026-09-29,"SO CAL MANUFACTURED HOUSING: Installation/site-prep contractor (based in Perris); Desert Rose Dr is a residential street. Evidence: 'So Cal Manufactured Housing Construction specializes in completing turnkey manufactured housing projects for dealers and mobile home park owners' https://www.localmovers.com/mobile-home-mover/so-cal-manufactured-housing-construction (HUD check vs MHI plant list, ruled by owner)"
IC-96000,existence_flag,not_ic,2026-09-29,"CRAFTSMAN HOMES: Craftsman Homes is a manufactured-home retailer with sales lots; the record's NAICS is retail. Evidence: 'Manufactured and Modular Homes For Sale In Nevada | Craftsman Homes' https://www.forahouse.com/ (HUD check vs MHI plant list, ruled by owner)"
IC-96027,capability_leaf,Steel Volumetric Modular,2026-09-29,"LAB 9 MODULAR LLC: not a HUD-code plant; makes Steel Volumetric Modular. Littleton factory builds steel/concrete volumetric modules, not HUD homes. Evidence: 'Lab 9 Modular is fabricating units designed for a new steel and concrete modular high-rise construction method' https://clarendonhill.org/wp-content/uploads/2024/02/Clarendon-Hill-Resident-Newsletter-Winter-2024-FINAL.pdf (HUD check vs MHI plant list, ruled by owner)"
IC-96027,capability_group,Modular,2026-09-29,"LAB 9 MODULAR LLC: not a HUD-code plant; makes Steel Volumetric Modular. Littleton factory builds steel/concrete volumetric modules, not HUD homes. Evidence: 'Lab 9 Modular is fabricating units designed for a new steel and concrete modular high-rise construction method' https://clarendonhill.org/wp-content/uploads/2024/02/Clarendon-Hill-Resident-Newsletter-Winter-2024-FINAL.pdf (HUD check vs MHI plant list, ruled by owner)"
IC-96044,capability_leaf,Wood Volumetric Modular,2026-09-29,"Wind River Built: not a HUD-code plant; makes Wood Volumetric Modular. Makes modular homes/ADUs plus park models; not HUD-code. Evidence: 'The South Cleveland facility has enabled Wind River to bolster its production capability and expand into the modular home sector.' https://www.greaterchatt.com/cleveland-tn-welcomes-wind-rivers-15-million-tiny-home-factory-expansion/ (HUD check vs MHI plant list, ruled by owner)"
IC-96044,capability_group,Modular,2026-09-29,"Wind River Built: not a HUD-code plant; makes Wood Volumetric Modular. Makes modular homes/ADUs plus park models; not HUD-code. Evidence: 'The South Cleveland facility has enabled Wind River to bolster its production capability and expand into the modular home sector.' https://www.greaterchatt.com/cleveland-tn-welcomes-wind-rivers-15-million-tiny-home-factory-expansion/ (HUD check vs MHI plant list, ruled by owner)"
IC-96063,capability_leaf,Closed Wood Panel,2026-09-29,"WAUSAU HOMES INC: not a HUD-code plant; makes Closed Wood Panel. Rothschild main office & plant builds closed-wall panels, floor and roof components, not HUD-code homes. Evidence: 'Each panel arrives at the site with framing, insulation, windows, and sheathing already installed.' https://en.wikipedia.org/wiki/Wausau_Homes (HUD check vs MHI plant list, ruled by owner)"
IC-96063,capability_group,Panel,2026-09-29,"WAUSAU HOMES INC: not a HUD-code plant; makes Closed Wood Panel. Rothschild main office & plant builds closed-wall panels, floor and roof components, not HUD-code homes. Evidence: 'Each panel arrives at the site with framing, insulation, windows, and sheathing already installed.' https://en.wikipedia.org/wiki/Wausau_Homes (HUD check vs MHI plant list, ruled by owner)"
IC-96151,capability_leaf,"Wood Structural Components (Trusses, etc.)",2026-09-29,"MEADOWLARK LOG HOMES INC.: not a HUD-code plant; makes Wood Structural Components (Trusses, etc.). Log/timber home yard, not HUD; keeps existing structural-components cap. Evidence: 'Meadowlark Log Homes manufactures log and timber homes at the address 50 Meadowlark Lane, Libby, MT.' http://www.meadowlarkloghomes.com (HUD check vs MHI plant list, ruled by owner)"
IC-96151,capability_group,Other,2026-09-29,"MEADOWLARK LOG HOMES INC.: not a HUD-code plant; makes Wood Structural Components (Trusses, etc.). Log/timber home yard, not HUD; keeps existing structural-components cap. Evidence: 'Meadowlark Log Homes manufactures log and timber homes at the address 50 Meadowlark Lane, Libby, MT.' http://www.meadowlarkloghomes.com (HUD check vs MHI plant list, ruled by owner)"
IC-96159,existence_flag,not_ic,2026-09-29,"AMWOOD HOMES, INC.: Deer Creek Lane is a residential street; OSHA record is likely an Amwood jobsite, not a plant. Evidence: 'They have two component manufacturing facilities—one located in Madison, Wisconsin, and the other in Montezuma, Iowa.' https://www.amwoodhomes.com/about/our-facilities/ (HUD check vs MHI plant list, ruled by owner)"
IC-96186,existence_flag,not_ic,2026-09-29,"Twin City Quality Buildings, Inc.: Shed/storage-building and carport maker; out of scope. Evidence: 'Twin City Quality Buildings offers custom storage buildings, lofted barns, carports, greenhouses, pumphouses, and playhouses.' https://www.facebook.com/TwinCityQualityBuildings/ (HUD check vs MHI plant list, ruled by owner)"
IC-96187,existence_flag,not_ic,2026-09-29,"GUERRA FRAMING, LLC: Framing subcontractor working on job sites, not a factory. Evidence: 'NAICS Code: 238130 (Framing Contractors)' https://www.osha.gov/ords/imis/establishment.inspection_detail?id=1878628.015 (HUD check vs MHI plant list, ruled by owner)"
IC-96189,existence_flag,not_ic,2026-09-29,"VBC TRACY, LLC: Mountain View address is an office; the plant is in Tracy. Evidence: 'VBC TRACY, LLC manufactures modular homes at its facility in Tracy, CA (2302 E. Paradise Rd), not at the Mountain View address' (HUD check vs MHI plant list, ruled by owner)"
IC-96224,existence_flag,not_ic,2026-09-29,"MOD-TECH HOMES: Builder/dealer office suite, not a factory. Evidence: 'a turn-key builder of modular homes & additions ... 99 Derby St Ste 306' https://www.yelp.com/biz/mod-tech-homes-hingham (HUD check vs MHI plant list, ruled by owner)"
IC-96272,existence_flag,not_ic,2026-09-29,"QXO: QXO is a building-products distributor; its branches are not manufacturing plants. Evidence: 'QXO locations in Riverview, Fort Myers, and Palmetto, which are sales/distribution centers' https://locations.qxo.com (HUD check vs MHI plant list, ruled by owner)"
IC-96273,existence_flag,not_ic,2026-09-29,"CLAYTON HOMES OF EAST PALATKA: Retail sales centre, not a plant. Evidence: ''Clayton Homes of East Palatka', which is explicitly described as a 'Manufactured Home Retailer' and 'Home Center' for sales and service' https://claytonhomes.com (HUD check vs MHI plant list, ruled by owner)"
IC-48635,existence_flag,not_ic,2026-09-29,"CARIBOU CREEK LOG HOMES, INC (BONNERS FERRY, ID): log/log-and-timber home maker; log-home kits and packages are not industrialized construction (owner scope ruling 2026-09-29, ruled by owner)"
IC-57886,existence_flag,not_ic,2026-09-29,"MOOSEHEAD CEDAR LOG HOMES (GREENVILLE, ME): log/log-and-timber home maker; log-home kits and packages are not industrialized construction (owner scope ruling 2026-09-29, ruled by owner)"
IC-60802,existence_flag,not_ic,2026-09-29,"NORTHWOODS LOG HOMES (LAKEPORT TOWNSHIP, MN): log/log-and-timber home maker; log-home kits and packages are not industrialized construction (owner scope ruling 2026-09-29, ruled by owner)"
IC-61161,existence_flag,not_ic,2026-09-29,"Voyageur Log Homes (ORR, MN): log/log-and-timber home maker; log-home kits and packages are not industrialized construction (owner scope ruling 2026-09-29, ruled by owner)"
IC-65742,existence_flag,not_ic,2026-09-29,"LOG CABIN HOMES LIMITED (WESLEYAN COLLEGE, NC): log/log-and-timber home maker; log-home kits and packages are not industrialized construction (owner scope ruling 2026-09-29, ruled by owner)"
IC-75099,existence_flag,not_ic,2026-09-29,"317714599 - HOMESTEAD LOG HOMES INCORPORATED (MEDFORD, OR): log/log-and-timber home maker; log-home kits and packages are not industrialized construction (owner scope ruling 2026-09-29, ruled by owner)"
IC-75182,existence_flag,not_ic,2026-09-29,"HOMESTEAD LOG HOMES INCORPORATED (CENTRAL POINT, OR): log/log-and-timber home maker; log-home kits and packages are not industrialized construction (owner scope ruling 2026-09-29, ruled by owner)"
IC-75357,existence_flag,not_ic,2026-09-29,"HOMESTEAD LOG HOMES INCORPORATED (CENTRAL POINT, OR): log/log-and-timber home maker; log-home kits and packages are not industrialized construction (owner scope ruling 2026-09-29, ruled by owner)"
IC-83113,existence_flag,not_ic,2026-09-29,"JIM BARNA LOG & TIMBER HOMES (ONEIDA, TN): log/log-and-timber home maker; log-home kits and packages are not industrialized construction (owner scope ruling 2026-09-29, ruled by owner)"
IC-83636,existence_flag,not_ic,2026-09-29,"HONEST ABE LOG HOMES, INC. (MOSS, TN): log/log-and-timber home maker; log-home kits and packages are not industrialized construction (owner scope ruling 2026-09-29, ruled by owner)"
IC-87797,existence_flag,not_ic,2026-09-29,"CARIBOU LOG HOMES INC. (MOUNT PLEASANT, UT): log/log-and-timber home maker; log-home kits and packages are not industrialized construction (owner scope ruling 2026-09-29, ruled by owner)"
IC-88107,existence_flag,not_ic,2026-09-29,"CUSTOM LOG HOMES INC (GATE CITY, VA): log/log-and-timber home maker; log-home kits and packages are not industrialized construction (owner scope ruling 2026-09-29, ruled by owner)"
IC-88373,existence_flag,not_ic,2026-09-29,"OLD VIRGINIA HAND HEWN LOG HOMES INC (PENNINGTON GAP, VA): log/log-and-timber home maker; log-home kits and packages are not industrialized construction (owner scope ruling 2026-09-29, ruled by owner)"
IC-88517,existence_flag,not_ic,2026-09-29,"BURKS FORK LOG HOMES (HILLSVILLE, VA): log/log-and-timber home maker; log-home kits and packages are not industrialized construction (owner scope ruling 2026-09-29, ruled by owner)"
IC-91998,existence_flag,not_ic,2026-09-29,"APPALACHIAN LOG STRUCTURES (PRINCETON, WV): log/log-and-timber home maker; log-home kits and packages are not industrialized construction (owner scope ruling 2026-09-29, ruled by owner)"
IC-92113,existence_flag,not_ic,2026-09-29,"TAMARACK LOG & TIMBER HOMES INC. (JANE LEW, WV): log/log-and-timber home maker; log-home kits and packages are not industrialized construction (owner scope ruling 2026-09-29, ruled by owner)"
IC-93477,existence_flag,not_ic,2026-09-29,"Blue Ridge Log Cabins, LLC (Campobello, SC): log/log-and-timber home maker; log-home kits and packages are not industrialized construction (owner scope ruling 2026-09-29, ruled by owner)"
IC-93539,existence_flag,not_ic,2026-09-29,"Kozy Log Cabins, LLC (Decatur, TN): log/log-and-timber home maker; log-home kits and packages are not industrialized construction (owner scope ruling 2026-09-29, ruled by owner)"
IC-94599,existence_flag,not_ic,2026-09-29,"Original Log Cabin Homes LTD (Sanford, FL): log/log-and-timber home maker; log-home kits and packages are not industrialized construction (owner scope ruling 2026-09-29, ruled by owner)"
IC-94611,existence_flag,not_ic,2026-09-29,"Georgia North Log Homes (Jefferson, GA): log/log-and-timber home maker; log-home kits and packages are not industrialized construction (owner scope ruling 2026-09-29, ruled by owner)"
IC-94613,existence_flag,not_ic,2026-09-29,"Boatwright, Alex Log Homes (Rayle, GA): log/log-and-timber home maker; log-home kits and packages are not industrialized construction (owner scope ruling 2026-09-29, ruled by owner)"
IC-94649,existence_flag,not_ic,2026-09-29,"Log Cabin Homes Ltd. (Rocky Mount, NC): log/log-and-timber home maker; log-home kits and packages are not industrialized construction (owner scope ruling 2026-09-29, ruled by owner)"
IC-94657,existence_flag,not_ic,2026-09-29,"Barna Log Homes LLC (Oneida, TN): log/log-and-timber home maker; log-home kits and packages are not industrialized construction (owner scope ruling 2026-09-29, ruled by owner)"
IC-94659,existence_flag,not_ic,2026-09-29,"Satterwhite Log Homes (Longview, TX): log/log-and-timber home maker; log-home kits and packages are not industrialized construction (owner scope ruling 2026-09-29, ruled by owner)"
IC-94662,existence_flag,not_ic,2026-09-29,"DEEP CREEK LOG HOMES (FOREST, VA): log/log-and-timber home maker; log-home kits and packages are not industrialized construction (owner scope ruling 2026-09-29, ruled by owner)"
IC-94665,existence_flag,not_ic,2026-09-29,"FULL QUIVER LOG HOMES OF AMER (SCOTTSVILLE, VA): log/log-and-timber home maker; log-home kits and packages are not industrialized construction (owner scope ruling 2026-09-29, ruled by owner)"
IC-94668,existence_flag,not_ic,2026-09-29,"SOUTHLAND LOG HOMES INC (CHRISTIANSBURG, VA): log/log-and-timber home maker; log-home kits and packages are not industrialized construction (owner scope ruling 2026-09-29, ruled by owner)"
IC-95077,existence_flag,not_ic,2026-09-29,"Kozy Log Cabins, LLC (Athens, TN): log/log-and-timber home maker; log-home kits and packages are not industrialized construction (owner scope ruling 2026-09-29, ruled by owner)"
IC-95360,existence_flag,not_ic,2026-09-29,"Thrift Log Homes, Inc. (Macclenny, FL): log/log-and-timber home maker; log-home kits and packages are not industrialized construction (owner scope ruling 2026-09-29, ruled by owner)"
IC-95361,existence_flag,not_ic,2026-09-29,"B K Cypress Log Homes (Bronson, FL): log/log-and-timber home maker; log-home kits and packages are not industrialized construction (owner scope ruling 2026-09-29, ruled by owner)"
IC-95363,existence_flag,not_ic,2026-09-29,"Antique Log Cabins (Chatsworth, GA): log/log-and-timber home maker; log-home kits and packages are not industrialized construction (owner scope ruling 2026-09-29, ruled by owner)"
IC-95365,existence_flag,not_ic,2026-09-29,"M & S Log Homes (Pine Ridge, KY): log/log-and-timber home maker; log-home kits and packages are not industrialized construction (owner scope ruling 2026-09-29, ruled by owner)"
IC-95368,existence_flag,not_ic,2026-09-29,"Gable Log Homes (Sumter, SC): log/log-and-timber home maker; log-home kits and packages are not industrialized construction (owner scope ruling 2026-09-29, ruled by owner)"
IC-95369,existence_flag,not_ic,2026-09-29,"Newton Log Homes (Newton, TX): log/log-and-timber home maker; log-home kits and packages are not industrialized construction (owner scope ruling 2026-09-29, ruled by owner)"
IC-95371,existence_flag,not_ic,2026-09-29,"HONEST ABE LOG HOME (MARTINSVILLE, VA): log/log-and-timber home maker; log-home kits and packages are not industrialized construction (owner scope ruling 2026-09-29, ruled by owner)"
IC-95577,existence_flag,not_ic,2026-09-29,"MONTANA SPECIALTY LOG CONSTRUCTION (HERON, MT): log/log-and-timber home maker; log-home kits and packages are not industrialized construction (owner scope ruling 2026-09-29, ruled by owner)"
IC-95800,existence_flag,not_ic,2026-09-29,"SOUTHLAND LOG HOMES LLC (LAKE CITY, FL): log/log-and-timber home maker; log-home kits and packages are not industrialized construction (owner scope ruling 2026-09-29, ruled by owner)"
IC-95907,existence_flag,not_ic,2026-09-29,"ALMANOR LOG HOMES (WEEPING WATER, NE): log/log-and-timber home maker; log-home kits and packages are not industrialized construction (owner scope ruling 2026-09-29, ruled by owner)"
IC-95922,existence_flag,not_ic,2026-09-29,"WA317978052 - SING SQUARE LOG HOMES INC (MCCLEARY, WA): log/log-and-timber home maker; log-home kits and packages are not industrialized construction (owner scope ruling 2026-09-29, ruled by owner)"
IC-95995,existence_flag,not_ic,2026-09-29,"REAL LOG HOMES (SOUTHAMPTON, MA): log/log-and-timber home maker; log-home kits and packages are not industrialized construction (owner scope ruling 2026-09-29, ruled by owner)"
IC-96122,existence_flag,not_ic,2026-09-29,"THE ORIGINAL LOG CABIN HOMES (SAINT AUGUSTINE, FL): log/log-and-timber home maker; log-home kits and packages are not industrialized construction (owner scope ruling 2026-09-29, ruled by owner)"
IC-96128,existence_flag,not_ic,2026-09-29,"TIMBERHAVEN LOG & TIMBER HOMES, LLC. (MIDDLEBURG, PA): log/log-and-timber home maker; log-home kits and packages are not industrialized construction (owner scope ruling 2026-09-29, ruled by owner)"
IC-96132,existence_flag,not_ic,2026-09-29,"ADIRONDACK TALL TIMBERS LOG (OLD FORGE, NY): log/log-and-timber home maker; log-home kits and packages are not industrialized construction (owner scope ruling 2026-09-29, ruled by owner)"
IC-96138,existence_flag,not_ic,2026-09-29,"HIAWATHA LOG HOMES INC (WETMORE, MI): log/log-and-timber home maker; log-home kits and packages are not industrialized construction (owner scope ruling 2026-09-29, ruled by owner)"
IC-96146,existence_flag,not_ic,2026-09-29,"TAUGANNOCK HANDCRAFTED LOG & TIMBERLINE (NEWFIELD, NY): log/log-and-timber home maker; log-home kits and packages are not industrialized construction (owner scope ruling 2026-09-29, ruled by owner)"
IC-96188,existence_flag,not_ic,2026-09-29,"CONESTOGA LOG CABINS AND HOMES (LEBANON, PA): log/log-and-timber home maker; log-home kits and packages are not industrialized construction (owner scope ruling 2026-09-29, ruled by owner)"
IC-96195,existence_flag,not_ic,2026-09-29,"GREAT LAKES LOG HOME BUILDERS (PHELPS, NY): log/log-and-timber home maker; log-home kits and packages are not industrialized construction (owner scope ruling 2026-09-29, ruled by owner)"
IC-96199,existence_flag,not_ic,2026-09-29,"KSM LOG HOMES CO. (MIFFLINTOWN, PA): log/log-and-timber home maker; log-home kits and packages are not industrialized construction (owner scope ruling 2026-09-29, ruled by owner)"
IC-96231,existence_flag,not_ic,2026-09-29,"BEAVER MOUNTAIN LOG HOMES, INC. (DEPOSIT, NY): log/log-and-timber home maker; log-home kits and packages are not industrialized construction (owner scope ruling 2026-09-29, ruled by owner)"
IC-96251,existence_flag,not_ic,2026-09-29,"APPALACHIAN LOG STRUCTURES, INC. (PRINCETON, WV): log/log-and-timber home maker; log-home kits and packages are not industrialized construction (owner scope ruling 2026-09-29, ruled by owner)"
IC-96263,existence_flag,not_ic,2026-09-29,"OLD TIMERS LOG HOMES & SUPPLY INC. (MOUNT JULIET, TN): log/log-and-timber home maker; log-home kits and packages are not industrialized construction (owner scope ruling 2026-09-29, ruled by owner)"
IC-12208,existence_flag,not_ic,2026-09-29,"Sierra Log & Timber (CHICO, CA): log/log-and-timber home maker; log-home kits and packages are not industrialized construction (owner scope ruling 2026-09-29, ruled by owner)"
IC-57851,existence_flag,not_ic,2026-09-29,"Northeastern Log Homes (Kenduskeag, ME): log/log-and-timber home maker; log-home kits and packages are not industrialized construction (owner scope ruling 2026-09-29, ruled by owner)"
IC-57943,existence_flag,not_ic,2026-09-29,"Ward Cedar Log Homes (Houlton, ME): log/log-and-timber home maker; log-home kits and packages are not industrialized construction (owner scope ruling 2026-09-29, ruled by owner)"
IC-64624,existence_flag,not_ic,2026-09-29,"PIONEER LOG HOMES DBA TECHWOOD IND (VICTOR, MT): log/log-and-timber home maker; log-home kits and packages are not industrialized construction (owner scope ruling 2026-09-29, ruled by owner)"
IC-64805,existence_flag,not_ic,2026-09-29,"MONTANA SUNDOWN DBA ROCKY MOUNTAIN LOG HOMES, LLC. (HAMILTON, MT): log/log-and-timber home maker; log-home kits and packages are not industrialized construction (owner scope ruling 2026-09-29, ruled by owner)"
IC-80981,existence_flag,not_ic,2026-09-29,"SOUTHLAND LOG HOMES INCORPORATED (SALUDA, SC): log/log-and-timber home maker; log-home kits and packages are not industrialized construction (owner scope ruling 2026-09-29, ruled by owner)"
IC-96151,existence_flag,not_ic,2026-09-29,"MEADOWLARK LOG HOMES INC. (LIBBY, MT): log/log-and-timber home maker; log-home kits and packages are not industrialized construction (owner scope ruling 2026-09-29, ruled by owner)"
IC-74434,existence_flag,not_ic,2026-09-29,"Frey-Moss Structures, Inc.: Frey-Moss Silverton OR is a licensing/satellite address, not a factory; the plant is Conyers GA (owner audit workbook SVM_DB_Audit_2026-09-28.xlsx, reviewed 2026-09-29, ruled by owner)"
IC-70768,existence_flag,not_ic,2026-09-29,"RAPID SPACE LLC: Rapid Space (Quick Space, now United Rentals) rents portable offices and restrooms; does not manufacture (owner audit workbook SVM_DB_Audit_2026-09-28.xlsx, reviewed 2026-09-29, ruled by owner)"
IC-96242,existence_flag,not_ic,2026-09-29,"PROMOD MANUFACTURING: ProMod record's location is a job site (TECO Big Bend Power Station), not a plant; the plant is IC-37647 (owner audit workbook SVM_DB_Audit_2026-09-28.xlsx, reviewed 2026-09-29, ruled by owner)"
IC-24556,existence_flag,not_ic,2026-09-29,"Trachte Southeast, LLC: Trachte Southeast (nVent TRACHTE) builds steel e-houses/substation control buildings; e-houses are out of scope (owner audit workbook SVM_DB_Audit_2026-09-28.xlsx, reviewed 2026-09-29, ruled by owner)"
IC-91558,existence_flag,not_ic,2026-09-29,"TRACHTE, LLC - BRAUN: Trachte Oregon WI (nVent TRACHTE) builds e-houses; out of scope (owner audit workbook SVM_DB_Audit_2026-09-28.xlsx, reviewed 2026-09-29, ruled by owner)"
IC-91573,existence_flag,not_ic,2026-09-29,"TRACHTE, INC.: Trachte, Inc., Oregon WI: same nVent TRACHTE e-house business; out of scope (owner audit workbook SVM_DB_Audit_2026-09-28.xlsx, reviewed 2026-09-29, ruled by owner)"
IC-94059,existence_flag,not_ic,2026-09-29,"Trachte, LLC: Trachte, LLC: same Trachte e-house plant; out of scope (owner audit workbook SVM_DB_Audit_2026-09-28.xlsx, reviewed 2026-09-29, ruled by owner)"
IC-95563,existence_flag,not_ic,2026-09-29,"Trachte Southeast: Trachte Southeast: same Trachte e-house plant; out of scope (owner audit workbook SVM_DB_Audit_2026-09-28.xlsx, reviewed 2026-09-29, ruled by owner)"
IC-81077,existence_flag,not_ic,2026-09-29,"VERTIV CORPORATION: Vertiv / BMarko Structures: steel equipment housings for prefab data centers; equipment enclosures are out of scope (owner audit workbook SVM_DB_Audit_2026-09-28.xlsx, reviewed 2026-09-29, ruled by owner)"
IC-93457,existence_flag,not_ic,2026-09-29,"A1 SHEET METAL INC: A1 Sheet Metal: HVAC fabrication plus MCC buildings and skid shelters; e-houses/shelters are out of scope (owner audit workbook SVM_DB_Audit_2026-09-28.xlsx, reviewed 2026-09-29, ruled by owner)"
IC-55224,existence_flag,not_ic,2026-09-29,"Module X Solutions: Module X Solutions: telecom shelters, e-houses and power skids; out of scope (owner audit workbook SVM_DB_Audit_2026-09-28.xlsx, reviewed 2026-09-29, ruled by owner)"
IC-92988,existence_flag,not_ic,2026-09-29,"Magnum Shelters, LLC: Magnum Shelters (acquired by Module X 2018): concrete telecom shelters; out of scope (owner audit workbook SVM_DB_Audit_2026-09-28.xlsx, reviewed 2026-09-29, ruled by owner)"
IC-55242,existence_flag,not_ic,2026-09-29,"Fibrebond LLC.: Fibrebond (Eaton): concrete/steel power enclosures; out of scope (owner audit workbook SVM_DB_Audit_2026-09-28.xlsx, reviewed 2026-09-29, ruled by owner)"
IC-66454,existence_flag,not_ic,2026-09-29,"U S CHEMICAL STORAGE LLC: U S Chemical Storage: welded steel hazmat/lithium storage buildings; hazmat storage is out of scope (owner audit workbook SVM_DB_Audit_2026-09-28.xlsx, reviewed 2026-09-29, ruled by owner)"
IC-14680,existence_flag,not_ic,2026-09-29,"MODOTECH DESIGN: Modotech Design: trade-show exhibits, retail fixtures, cabinetry; not a modular builder (owner audit workbook wood_volumetric_verification.xlsx, reviewed 2026-09-29, ruled by owner)"
IC-59309,existence_flag,not_ic,2026-09-29,"HARMONY HAVEN HOME INC: Harmony Haven Home, Evart MI: an assisted-living facility, not a factory (owner audit workbook wood_volumetric_verification.xlsx, reviewed 2026-09-29, ruled by owner)"
IC-59865,existence_flag,not_ic,2026-09-29,"GATEWAY BUILDING SYSTEMS INC: Gateway Building Systems: commercial/agricultural design-build contractor; site states no factory modular manufacturing (owner audit workbook wood_volumetric_verification.xlsx, reviewed 2026-09-29, ruled by owner)"
IC-66538,existence_flag,not_ic,2026-09-29,"132735 - JOHNSON BROTHERS MANUFACTURING, LLC: Johnson Brothers Mfg: builds portable storage buildings/sheds for Graceland; sheds are out of scope (owner audit workbook wood_volumetric_verification.xlsx, reviewed 2026-09-29, ruled by owner)"
IC-72048,existence_flag,not_ic,2026-09-29,"INTERSTATE HOMES, INC.: Interstate Homes: dealer/retailer of manufactured and modular homes, not a manufacturer (owner audit workbook wood_volumetric_verification.xlsx, reviewed 2026-09-29, ruled by owner)"
IC-92723,existence_flag,not_ic,2026-09-29,"Creative cottages Inc: Creative Cottages: licensed general contractor that builds on site (owner audit workbook wood_volumetric_verification.xlsx, reviewed 2026-09-29, ruled by owner)"
IC-92736,existence_flag,not_ic,2026-09-29,"Custom Site Solutions LLC: Custom Site Solutions: UL-142 fuel tanks, generator enclosures, platforms; out of scope (owner audit workbook wood_volumetric_verification.xlsx, reviewed 2026-09-29, ruled by owner)"
IC-92854,existence_flag,not_ic,2026-09-29,"Gulf Atlantic Cottages: Gulf Atlantic Cottages: park model RVs; out of scope (owner audit workbook wood_volumetric_verification.xlsx, reviewed 2026-09-29, ruled by owner)"
IC-93179,existence_flag,not_ic,2026-09-29,"ProBuilt, Inc.: ProBuilt, Inc.: sells steel buildings, sheds, carports; out of scope (owner audit workbook wood_volumetric_verification.xlsx, reviewed 2026-09-29, ruled by owner)"
IC-93537,existence_flag,not_ic,2026-09-29,"Keystone Structures Inc: Keystone Structures: guardhouses, security booths, shelters, fuel enclosures; out of scope (owner audit workbook wood_volumetric_verification.xlsx, reviewed 2026-09-29, ruled by owner)"
IC-93542,existence_flag,not_ic,2026-09-29,"Little Buildings, Inc.: Little Buildings: welded steel guard/security booths; out of scope (owner audit workbook wood_volumetric_verification.xlsx, reviewed 2026-09-29, ruled by owner)"
IC-93618,existence_flag,not_ic,2026-09-29,"StarFlite Systems: StarFlite Systems: crane cabs, control rooms, electric houses; out of scope (owner audit workbook wood_volumetric_verification.xlsx, reviewed 2026-09-29, ruled by owner)"
IC-94131,existence_flag,not_ic,2026-09-29,"LAYCO INC: Layco: enclosed electrical control buildings, switch racks; e-houses are out of scope (owner audit workbook wood_volumetric_verification.xlsx, reviewed 2026-09-29, ruled by owner)"
IC-94239,existence_flag,not_ic,2026-09-29,"SADDLE BROOKE DREAM BUILDERS LLC: Saddle Brooke Dream Builders: tiny homes/cabins through a shed storefront; listed as a dealer (owner audit workbook wood_volumetric_verification.xlsx, reviewed 2026-09-29, ruled by owner)"
IC-94898,existence_flag,not_ic,2026-09-29,"ALPHA Modified Systems: ALPHA Modified Systems: oil & gas skids, training facilities, response vehicles; out of scope (owner audit workbook wood_volumetric_verification.xlsx, reviewed 2026-09-29, ruled by owner)"
IC-95056,existence_flag,not_ic,2026-09-29,"Fitts Company, Inc., The: The Fitts Company: bank branch/ATM kiosks and signage; kiosks are out of scope (owner audit workbook wood_volumetric_verification.xlsx, reviewed 2026-09-29, ruled by owner)"
IC-94693,existence_flag,not_ic,2026-09-29,"Alternative Construction Technologies Inc: Alternative Construction Technologies: Marco Island address is not a plant; the ACTech panel business is long gone (owner audit workbook wood_volumetric_verification.xlsx, reviewed 2026-09-29, ruled by owner)"
IC-76335,existence_flag,closed,2026-09-29,"ModSpace Corporation: ModSpace Elizabethtown: acquired by WillScot 2018; the 60 Industrial Rd building is listed for lease (CBRE) (owner audit workbook SVM_DB_Audit_2026-09-28.xlsx, reviewed 2026-09-29, ruled by owner)"
IC-11538,existence_flag,closed,2026-09-29,"AURORA MODULAR INDUSTRIES: Aurora Modular Industries: bankruptcy August 2004 (6:04-bk-19357); builder of modular schools closed (owner audit workbook wood_volumetric_verification.xlsx, reviewed 2026-09-29, ruled by owner)"
IC-94556,existence_flag,closed,2026-09-29,"ALL AMERICAN HOMES OF IOWA LLC: All American Homes of Iowa, Dyersville: plant closed May 2016 when parent IBS filed Chapter 7 (Telegraph Herald) (owner audit workbook wood_volumetric_verification.xlsx, reviewed 2026-09-29, ruled by owner)"
IC-94793,existence_flag,closed,2026-09-29,"Mark Line Industries Inc.: Mark Line Industries, Bristol IN: plant closed abruptly, all operations ceased (Elkhart Truth) (owner audit workbook wood_volumetric_verification.xlsx, reviewed 2026-09-29, ruled by owner)"
IC-95029,existence_flag,closed,2026-09-29,"All American Space Solutions: All American Space Solutions, Baxley GA: company left its building, leased to ModSpace in 2018 (JD Ledger) (owner audit workbook wood_volumetric_verification.xlsx, reviewed 2026-09-29, ruled by owner)"
IC-94692,existence_flag,closed,2026-09-29,"All American Homes of Indiana: All American Homes of Indiana, Decatur: plant closed 2015; Champion later reopened the property under its own brand (owner audit workbook wood_volumetric_verification.xlsx, reviewed 2026-09-29, ruled by owner)"
IC-93053,existence_flag,closed,2026-09-29,"ModTech: ModTech Plant City: Modtech filed Chapter 11 in 2008 and is defunct; the site now lists Modus Manufacturing (owner audit workbook wood_volumetric_verification.xlsx, reviewed 2026-09-29, ruled by owner)"
IC-14917,existence_flag,closed,2026-09-29,"FACTORY OS LLC: Factory OS / Harbinger Production, Vallejo: plant closure and layoff of all ~280 employees announced Feb 2026 (owner audit workbook wood_volumetric_verification.xlsx, reviewed 2026-09-29, ruled by owner)"
IC-94792,existence_flag,closed,2026-09-29,"Manufactured Structures Corporation: Manufactured Structures Corp, Rochester IN: listed CLOSED; the address is now Whitley Manufacturing's Rochester plant (IC-93428) (owner audit workbook wood_volumetric_verification.xlsx, reviewed 2026-09-29, ruled by owner)"
IC-65341,existence_flag,closed,2026-09-29,"All American Homes of North Carolina: All American Homes of North Carolina: listed CLOSED; parent Innovative Building Systems bankrupt 2016 (owner audit workbook wood_volumetric_verification.xlsx, reviewed 2026-09-29, ruled by owner)"
IC-94825,existence_flag,review,2026-09-29,"Precision Steel Works, LLC: Precision Steel Works, Aston PA: no web presence at the address; could not verify (owner audit workbook SVM_DB_Audit_2026-09-28.xlsx, reviewed 2026-09-29, ruled by owner)"
IC-93011,existence_flag,review,2026-09-29,"Metal Building Company, LLC: Metal Building Company, Purvis MS: address appears residential; no web or registry presence (owner audit workbook SVM_DB_Audit_2026-09-28.xlsx, reviewed 2026-09-29, ruled by owner)"
IC-71358,existence_flag,review,2026-09-29,"United Structures Inc.: United Structures, Kirkwood NY: no manufacturer found at 5 Pine Camp Dr (owner audit workbook SVM_DB_Audit_2026-09-28.xlsx, reviewed 2026-09-29, ruled by owner)"
IC-78051,capability_leaf,Steel Volumetric Modular,2026-09-29,"MODULAR STEEL SYSTEMS INC: Modular Steel Systems: steel modular for hotels/multifamily (owner audit workbook SVM_DB_Audit_2026-09-28.xlsx, reviewed 2026-09-29, ruled by owner)"
IC-78051,capability_group,Modular,2026-09-29,"MODULAR STEEL SYSTEMS INC: Modular Steel Systems: steel modular for hotels/multifamily (owner audit workbook SVM_DB_Audit_2026-09-28.xlsx, reviewed 2026-09-29, ruled by owner)"
IC-30836,capability_leaf,Steel Volumetric Modular,2026-09-29,"Frey-Moss Structures, Inc.: Frey-Moss Conyers GA builds steel modular buildings (site: 'Steel engineering VS Wood') (owner audit workbook SVM_DB_Audit_2026-09-28.xlsx, reviewed 2026-09-29, ruled by owner)"
IC-30836,capability_group,Modular,2026-09-29,"Frey-Moss Structures, Inc.: Frey-Moss Conyers GA builds steel modular buildings (site: 'Steel engineering VS Wood') (owner audit workbook SVM_DB_Audit_2026-09-28.xlsx, reviewed 2026-09-29, ruled by owner)"
IC-94939,capability_leaf,Steel Volumetric Modular,2026-09-29,"Ramtech Building Systems: Ramtech: steel-framed modular and container retrofits, Type II construction (owner audit workbook SVM_DB_Audit_2026-09-28.xlsx, reviewed 2026-09-29, ruled by owner)"
IC-94939,capability_group,Modular,2026-09-29,"Ramtech Building Systems: Ramtech: steel-framed modular and container retrofits, Type II construction (owner audit workbook SVM_DB_Audit_2026-09-28.xlsx, reviewed 2026-09-29, ruled by owner)"
IC-94235,capability_leaf,Pre-Engineered Metal Building,2026-09-29,"RedGuard Diversified Structures: RedGuard Thomasville: storm shelters and PEMB kits (ex-SteelCorp/Matador) (owner audit workbook SVM_DB_Audit_2026-09-28.xlsx, reviewed 2026-09-29, ruled by owner)"
IC-94235,capability_group,Other,2026-09-29,"RedGuard Diversified Structures: RedGuard Thomasville: storm shelters and PEMB kits (ex-SteelCorp/Matador) (owner audit workbook SVM_DB_Audit_2026-09-28.xlsx, reviewed 2026-09-29, ruled by owner)"
IC-30667,capability_leaf,Pre-Engineered Metal Building,2026-09-29,"RedGuard Diversified Structures: RedGuard Thomasville HQ: same operation, PEMB kits (owner audit workbook SVM_DB_Audit_2026-09-28.xlsx, reviewed 2026-09-29, ruled by owner)"
IC-30667,capability_group,Other,2026-09-29,"RedGuard Diversified Structures: RedGuard Thomasville HQ: same operation, PEMB kits (owner audit workbook SVM_DB_Audit_2026-09-28.xlsx, reviewed 2026-09-29, ruled by owner)"
IC-93913,capability_leaf,Wood Volumetric Modular,2026-09-29,"NORTHWEST BUILDING SYSTEMS: Northwest Building Systems (Sunbelt): NAICS 321992 prefabricated wood buildings (owner audit workbook SVM_DB_Audit_2026-09-28.xlsx, reviewed 2026-09-29, ruled by owner)"
IC-93913,capability_group,Modular,2026-09-29,"NORTHWEST BUILDING SYSTEMS: Northwest Building Systems (Sunbelt): NAICS 321992 prefabricated wood buildings (owner audit workbook SVM_DB_Audit_2026-09-28.xlsx, reviewed 2026-09-29, ruled by owner)"
IC-94058,capability_leaf,Relocatable Modular,2026-09-29,"T & R Custom, Inc.: T & R Custom: prefab commercial/mobile offices (owner audit workbook SVM_DB_Audit_2026-09-28.xlsx, reviewed 2026-09-29, ruled by owner)"
IC-94058,capability_group,Modular,2026-09-29,"T & R Custom, Inc.: T & R Custom: prefab commercial/mobile offices (owner audit workbook SVM_DB_Audit_2026-09-28.xlsx, reviewed 2026-09-29, ruled by owner)"
IC-85849,capability_leaf,Relocatable Modular,2026-09-29,"WACO MODULAR MANUFACTURING LLC: Waco Modular Manufacturing: mobile offices, portable classrooms, workforce quarters (owner audit workbook SVM_DB_Audit_2026-09-28.xlsx, reviewed 2026-09-29, ruled by owner)"
IC-85849,capability_group,Modular,2026-09-29,"WACO MODULAR MANUFACTURING LLC: Waco Modular Manufacturing: mobile offices, portable classrooms, workforce quarters (owner audit workbook SVM_DB_Audit_2026-09-28.xlsx, reviewed 2026-09-29, ruled by owner)"
IC-92762,capability_leaf,Steel Volumetric Modular,2026-09-29,"Dwellinz, LLC.: Dwellinz builds metal (steel) modular housing (owner audit workbook wood_volumetric_verification.xlsx, reviewed 2026-09-29, ruled by owner)"
IC-92762,capability_group,Modular,2026-09-29,"Dwellinz, LLC.: Dwellinz builds metal (steel) modular housing (owner audit workbook wood_volumetric_verification.xlsx, reviewed 2026-09-29, ruled by owner)"
IC-92879,capability_leaf,Light Gauge Steel Structural Components,2026-09-29,"Hexaport Building Systems of Florida, LLC: Hexaport makes light-gauge steel framing systems (owner audit workbook wood_volumetric_verification.xlsx, reviewed 2026-09-29, ruled by owner)"
IC-92879,capability_group,Other,2026-09-29,"Hexaport Building Systems of Florida, LLC: Hexaport makes light-gauge steel framing systems (owner audit workbook wood_volumetric_verification.xlsx, reviewed 2026-09-29, ruled by owner)"
IC-93552,capability_leaf,Steel Volumetric Modular,2026-09-29,"Modular Resources, Inc.: Modular Resources: steel-framed modular healthcare buildings (owner audit workbook wood_volumetric_verification.xlsx, reviewed 2026-09-29, ruled by owner)"
IC-93552,capability_group,Modular,2026-09-29,"Modular Resources, Inc.: Modular Resources: steel-framed modular healthcare buildings (owner audit workbook wood_volumetric_verification.xlsx, reviewed 2026-09-29, ruled by owner)"
IC-93769,capability_leaf,HUD Modular,2026-09-29,"ScotBilt Homes, Inc.: ScotBilt Homes: primarily HUD-code manufactured homes (owner audit workbook wood_volumetric_verification.xlsx, reviewed 2026-09-29, ruled by owner)"
IC-93769,capability_group,Modular,2026-09-29,"ScotBilt Homes, Inc.: ScotBilt Homes: primarily HUD-code manufactured homes (owner audit workbook wood_volumetric_verification.xlsx, reviewed 2026-09-29, ruled by owner)"
IC-93856,capability_leaf,Steel Volumetric Modular,2026-09-29,"Atelier7 Group LLC - Plant 1: Atelier7: shipping-container homes (owner audit workbook wood_volumetric_verification.xlsx, reviewed 2026-09-29, ruled by owner)"
IC-93856,capability_group,Modular,2026-09-29,"Atelier7 Group LLC - Plant 1: Atelier7: shipping-container homes (owner audit workbook wood_volumetric_verification.xlsx, reviewed 2026-09-29, ruled by owner)"
IC-93865,capability_leaf,Steel Volumetric Modular,2026-09-29,"Atelier7 Group LLC - Plant 2: Atelier7: shipping-container homes (owner audit workbook wood_volumetric_verification.xlsx, reviewed 2026-09-29, ruled by owner)"
IC-93865,capability_group,Modular,2026-09-29,"Atelier7 Group LLC - Plant 2: Atelier7: shipping-container homes (owner audit workbook wood_volumetric_verification.xlsx, reviewed 2026-09-29, ruled by owner)"
IC-93866,capability_leaf,Light Gauge Steel Structural Components,2026-09-29,"Immersive Structural Technologies: Immersive Structural: panelized cold-formed metal framing (walls, floors, facades) (owner audit workbook wood_volumetric_verification.xlsx, reviewed 2026-09-29, ruled by owner)"
IC-93866,capability_group,Other,2026-09-29,"Immersive Structural Technologies: Immersive Structural: panelized cold-formed metal framing (walls, floors, facades) (owner audit workbook wood_volumetric_verification.xlsx, reviewed 2026-09-29, ruled by owner)"
IC-94098,capability_leaf,HUD Modular,2026-09-29,"CHAMPION HOME BUILDERS INC: Champion Homes of Tennessee, Dresden: HUD-code manufactured homes (owner audit workbook wood_volumetric_verification.xlsx, reviewed 2026-09-29, ruled by owner)"
IC-94098,capability_group,Modular,2026-09-29,"CHAMPION HOME BUILDERS INC: Champion Homes of Tennessee, Dresden: HUD-code manufactured homes (owner audit workbook wood_volumetric_verification.xlsx, reviewed 2026-09-29, ruled by owner)"
IC-94492,capability_leaf,Steel Volumetric Modular,2026-09-29,"INTEGRATED MODULAR SOLUTIONS LLC: Integrated Modular Solutions: custom modular buildings from shipping containers (owner audit workbook wood_volumetric_verification.xlsx, reviewed 2026-09-29, ruled by owner)"
IC-94492,capability_group,Modular,2026-09-29,"INTEGRATED MODULAR SOLUTIONS LLC: Integrated Modular Solutions: custom modular buildings from shipping containers (owner audit workbook wood_volumetric_verification.xlsx, reviewed 2026-09-29, ruled by owner)"
IC-94524,capability_leaf,Steel Volumetric Modular,2026-09-29,"URBAN BLOC, INC.: Urban Bloc: modular structures from shipping containers (owner audit workbook wood_volumetric_verification.xlsx, reviewed 2026-09-29, ruled by owner)"
IC-94524,capability_group,Modular,2026-09-29,"URBAN BLOC, INC.: Urban Bloc: modular structures from shipping containers (owner audit workbook wood_volumetric_verification.xlsx, reviewed 2026-09-29, ruled by owner)"
IC-94869,capability_leaf,Steel Volumetric Modular,2026-09-29,"Unek Homes, LLC: Unek Homes: apartments, hotels, homes from shipping containers (owner audit workbook wood_volumetric_verification.xlsx, reviewed 2026-09-29, ruled by owner)"
IC-94869,capability_group,Modular,2026-09-29,"Unek Homes, LLC: Unek Homes: apartments, hotels, homes from shipping containers (owner audit workbook wood_volumetric_verification.xlsx, reviewed 2026-09-29, ruled by owner)"
IC-94894,capability_leaf,"Wood Structural Components (Trusses, etc.)",2026-09-29,"Affordable Luxury Homes: ALH Building Systems: floor/roof trusses and wall panels (owner audit workbook wood_volumetric_verification.xlsx, reviewed 2026-09-29, ruled by owner)"
IC-94894,capability_group,Other,2026-09-29,"Affordable Luxury Homes: ALH Building Systems: floor/roof trusses and wall panels (owner audit workbook wood_volumetric_verification.xlsx, reviewed 2026-09-29, ruled by owner)"
IC-94906,capability_leaf,Steel Volumetric Modular,2026-09-29,"BRIX Modular: BRIX Modular: hurricane-rated steel frame construction (owner audit workbook wood_volumetric_verification.xlsx, reviewed 2026-09-29, ruled by owner)"
IC-94906,capability_group,Modular,2026-09-29,"BRIX Modular: BRIX Modular: hurricane-rated steel frame construction (owner audit workbook wood_volumetric_verification.xlsx, reviewed 2026-09-29, ruled by owner)"
IC-94914,capability_leaf,Steel Volumetric Modular,2026-09-29,"Eureka Modular Inc.: Eureka Modular: light-gauge steel modular manufacturer (owner audit workbook wood_volumetric_verification.xlsx, reviewed 2026-09-29, ruled by owner)"
IC-94914,capability_group,Modular,2026-09-29,"Eureka Modular Inc.: Eureka Modular: light-gauge steel modular manufacturer (owner audit workbook wood_volumetric_verification.xlsx, reviewed 2026-09-29, ruled by owner)"
IC-94928,capability_leaf,Bathroom Pods,2026-09-29,"ModPod: ModPod: pre-engineered MEP cores / bathroom pods (owner audit workbook wood_volumetric_verification.xlsx, reviewed 2026-09-29, ruled by owner)"
IC-94928,capability_group,Pods,2026-09-29,"ModPod: ModPod: pre-engineered MEP cores / bathroom pods (owner audit workbook wood_volumetric_verification.xlsx, reviewed 2026-09-29, ruled by owner)"
IC-95045,capability_leaf,Steel Volumetric Modular,2026-09-29,"Craftspace, Inc.: Craftspace: modular shipping-container homes and cabins (owner audit workbook wood_volumetric_verification.xlsx, reviewed 2026-09-29, ruled by owner)"
IC-95045,capability_group,Modular,2026-09-29,"Craftspace, Inc.: Craftspace: modular shipping-container homes and cabins (owner audit workbook wood_volumetric_verification.xlsx, reviewed 2026-09-29, ruled by owner)"
IC-94940,capability_leaf,Steel Volumetric Modular,2026-09-29,"ReMo Homes: ReMo Homes builds steel modular homes (factory Gardena CA) (owner audit workbook wood_volumetric_verification.xlsx, reviewed 2026-09-29, ruled by owner)"
IC-94940,capability_group,Modular,2026-09-29,"ReMo Homes: ReMo Homes builds steel modular homes (factory Gardena CA) (owner audit workbook wood_volumetric_verification.xlsx, reviewed 2026-09-29, ruled by owner)"
IC-94669,capability_leaf,Relocatable Modular,2026-09-29,"SPECIALIZED STRUCTURES, INC.: Specialized Structures: mobile offices, modular classrooms/commercial (owner audit workbook wood_volumetric_verification.xlsx, reviewed 2026-09-29, ruled by owner)"
IC-94669,capability_group,Modular,2026-09-29,"SPECIALIZED STRUCTURES, INC.: Specialized Structures: mobile offices, modular classrooms/commercial (owner audit workbook wood_volumetric_verification.xlsx, reviewed 2026-09-29, ruled by owner)"
IC-95036,capability_leaf,HUD Modular,2026-09-29,"Cavalier Homes, Inc. dba Clayton Tiny Homes: Cavalier Homes / Clayton Tiny Homes: manufactured homes (and park models) (owner audit workbook wood_volumetric_verification.xlsx, reviewed 2026-09-29, ruled by owner)"
IC-95036,capability_group,Modular,2026-09-29,"Cavalier Homes, Inc. dba Clayton Tiny Homes: Cavalier Homes / Clayton Tiny Homes: manufactured homes (and park models) (owner audit workbook wood_volumetric_verification.xlsx, reviewed 2026-09-29, ruled by owner)"
IC-52384,name,"Advanced Systems Homes, Inc.",2026-09-29,"ADVANCED SYS HOMES INC -> Advanced Systems Homes, Inc.: BBB lists Advanced Systems Homes, Inc., Chanute KS (owner audit workbook wood_volumetric_verification.xlsx, reviewed 2026-09-29, ruled by owner)"
IC-93205,name,"Real Homes, LLC",2026-09-29,"Real Homes, LLC08 -> Real Homes, LLC: stray '08' data-entry suffix (owner audit workbook wood_volumetric_verification.xlsx, reviewed 2026-09-29, ruled by owner)"
IC-93427,name,"Whitley Manufacturing Co., Inc.",2026-09-29,"Whitley Manufacturing Co., Incc -> Whitley Manufacturing Co., Inc.: typo 'Incc' (owner audit workbook wood_volumetric_verification.xlsx, reviewed 2026-09-29, ruled by owner)"
IC-95827,name,BRAVE QUEST CORP.,2026-09-29,"150911 - BRAVE QUEST CORP. -> BRAVE QUEST CORP.: case-number prefix in name (owner audit workbook wood_volumetric_verification.xlsx, reviewed 2026-09-29, ruled by owner)"
IC-93475,name,Blazer Modular Construction,2026-09-29,"BLAZER INDUSTRIES INC -> Blazer Modular Construction: operates as Blazer Modular Construction (blazermodular.com) (owner audit workbook wood_volumetric_verification.xlsx, reviewed 2026-09-29, ruled by owner)"
IC-94670,name,Affinity Modular,2026-09-29,"Affinity Building Systems -> Affinity Modular: now branded Affinity Modular, a Vantem company (owner audit workbook wood_volumetric_verification.xlsx, reviewed 2026-09-29, ruled by owner)"
IC-95031,name,Vantem Clio,2026-09-29,"Arris Manufacturing -> Vantem Clio: Arris Manufacturing acquired by Vantem Jan 2025; plant rebranded Vantem Clio (owner audit workbook wood_volumetric_verification.xlsx, reviewed 2026-09-29, ruled by owner)"
IC-75870,name,iBUILT (Deluxe Building Systems),2026-09-29,"Deluxe Building Systems, Inc. -> iBUILT (Deluxe Building Systems): Deluxe Modular rebranded iBUILT (owner audit workbook wood_volumetric_verification.xlsx, reviewed 2026-09-29, ruled by owner)"
IC-10675,name,"Silver Creek Modular, LLC",2026-09-29,"Modtech Holdings -> Silver Creek Modular, LLC: Modtech defunct 2008; the Perris plant is Silver Creek Modular (owner audit workbook SVM_DB_Audit_2026-09-28.xlsx, reviewed 2026-09-29, ruled by owner)"
IC-86276,name,Amtex Acquisition Corp,2026-09-29,"Amtex Corporation -> Amtex Acquisition Corp: operating entity per Sunbelt Modular / TX TDLR IHM-40 (owner audit workbook SVM_DB_Audit_2026-09-28.xlsx, reviewed 2026-09-29, ruled by owner)"
IC-94050,name,"Specialized Structures, Inc.",2026-09-29,"Specialized Structures -> Specialized Structures, Inc.: Sunbelt Modular company (owner audit workbook SVM_DB_Audit_2026-09-28.xlsx, reviewed 2026-09-29, ruled by owner)"
IC-54036,existence_flag,not_ic,2026-09-29,"ARMAG Corporation, Bardstown KY: steel transportable secure buildings (ammunition magazines, armories, SCIFs); owner ruled not IC (SVM audit, ruled by owner)"
IC-94210,existence_flag,not_ic,2026-09-29,"GROWTECH INDUSTRIES LLC (GTI Fabrication), Buffalo NY: ISO-container enclosures, ballistic, military training, shower/medical modules; owner ruled not IC (SVM audit, ruled by owner)"
IC-93569,existence_flag,not_ic,2026-09-29,"Parkline Delaney Rd Inc, Hitchcock TX (ex-Bebco, now nVent TRACHTE): heavy-gauge steel portable / blast-resistant buildings for industrial sites; owner ruled Parkline not IC (SVM audit, ruled by owner)"
IC-93570,existence_flag,not_ic,2026-09-29,"Parkline, Inc., Eleanor WV: portable / blast-resistant steel buildings; owner ruled Parkline not IC (ruled by owner)"
IC-95096,existence_flag,not_ic,2026-09-29,"Parkline Inc. (WV), Winfield WV: portable / blast-resistant steel buildings; owner ruled Parkline not IC (ruled by owner)"
IC-93959,existence_flag,not_ic,2026-09-29,"PARKLINE INC, Winfield WV: portable / blast-resistant steel buildings; owner ruled Parkline not IC (ruled by owner)"
IC-92234,existence_flag,not_ic,2026-09-29,"PARKLINE INCORPORATED, Eleanor WV: portable / blast-resistant steel buildings; owner ruled Parkline not IC (ruled by owner)"
IC-68309,existence_flag,not_ic,2026-10-01,"Structural Component Systems: 1255 Front St, Fremont NE is the Corporate Office per scstruss.com/contact; plant address not published (duplicate web check 2026-10-01, ruled by owner)"
IC-51573,existence_flag,not_ic,2026-10-01,"The Commodore Corporation: 1423 Lincolnway East, Goshen IN is the office; the Goshen plant is 1902 Century Dr (KCMA) (duplicate web check 2026-10-01, ruled by owner)"
IC-96584,existence_flag,not_ic,2026-10-01,"Midwest Manufacturing: 5311 Kane Rd, Eau Claire WI is HQ / non-truss lines; the truss plant is 5231 Kane Rd (midwestmanufacturing.com/cpu) (duplicate web check 2026-10-01, ruled by owner)"
IC-95036,existence_flag,not_ic,2026-10-01,"Cavalier Homes: 32 Wilson Blvd, Addison AL is the Clayton/Cavalier admin office; production is on County Rd 41 (MHI CVLR09; cavalieralabama.com/about) (duplicate web check 2026-10-01, ruled by owner)"
IC-94530,existence_flag,closed,2026-10-01,"Builders FirstSource Hurst TX Components: location page removed (redirects to the finder); phone matches Fort Worth Truss (bldr.com) (duplicate web check 2026-10-01, ruled by owner)"
IC-22920,existence_flag,closed,2026-10-01,"Fleetwood Homes of Georgia, Alma GA: plant shut Aug 7 after no buyer surfaced (LancasterOnline 2013-09-11) (duplicate web check 2026-10-01, ruled by owner)"
IC-92810,existence_flag,closed,2026-10-01,"Fleetwood Homes of Georgia, Alma GA: plant shut Aug 7 after no buyer surfaced (LancasterOnline 2013-09-11) (duplicate web check 2026-10-01, ruled by owner)"
IC-22939,existence_flag,review,2026-10-01,"Grand Manor, Thomasville GA: likely closed; only trace an old Manta listing; not on MHI Oct 2024 plant list (low confidence) (duplicate web check 2026-10-01, ruled by owner)"
IC-92679,existence_flag,review,2026-10-01,"Citadel Building Products, Thomasville GA: likely closed; not on MHI Oct 2024 plant list (low confidence) (duplicate web check 2026-10-01, ruled by owner)"
IC-92755,existence_flag,review,2026-10-01,"Destiny Industries Plant III, Moultrie GA: water system for Destiny Plant #3 is Inactive; MHI 2024 lists one Destiny plant; liveness check (duplicate web check 2026-10-01, ruled by owner)"
IC-22917,existence_flag,review,2026-10-01,"General Manufactured Housing Plant 4, Waycross GA: separate air facility from Plant 2, but company not on MHI Oct 2024 plant list; liveness check (duplicate web check 2026-10-01, ruled by owner)"
IC-22918,existence_flag,review,2026-10-01,"General Manufactured Housing Plant 2, Waycross GA: separate air facility from Plant 4, but company not on MHI Oct 2024 plant list; liveness check (duplicate web check 2026-10-01, ruled by owner)"
IC-94828,existence_flag,review,2026-10-01,"Record named ProMod carries ProBox's address (1619 GA-26); Sunbelt lists ProMod at 603 S Broad St and ProBox at 1619 GA-26: re-point or merge into IC-94893 (duplicate web check 2026-10-01, ruled by owner)"
IC-94333,address,4750 J P Hall Blvd,2026-10-01,"Innovative Construction Group plant, Green Cove Springs FL (icgbuilds.com/contact); acquired by Builders FirstSource Aug 2026 (duplicate web check 2026-10-01, ruled by owner)"
IC-96490,address,15887 US-101,2026-10-01,"Harbor Truss and Supply, Brookings OR (harbortruss.com; FMCSA SAFER) (duplicate web check 2026-10-01, ruled by owner)"
IC-94039,lat_lon,"32.249771,-84.304830",2026-10-01,"ProMod Manufacturing: 603 S Broad St interpolated into woods; plant roof ~400 m N on S Broad St (steel volumetric category review 2026-10-01: satellite pin check at z16.5, ruled by owner)"
IC-94050,lat_lon,"31.508484,-82.888876",2026-10-01,"Specialized Structures: pin was on an outbuilding; moved onto the 114k sf plant roof (Douglas GA address is sales) (steel volumetric category review 2026-10-01: satellite pin check at z16.5, ruled by owner)"
IC-20108,lat_lon,"28.826090,-81.905408",2026-10-01,"Southeast Modular: pin was on the front office; moved onto the ~130k sf plant roof (steel volumetric category review 2026-10-01: satellite pin check at z16.5, ruled by owner)"
IC-93620,lat_lon,"40.239683,-75.640630",2026-10-01,"Steel River Building Systems: pin was on an outbuilding; moved onto the plant roof (steel volumetric category review 2026-10-01: satellite pin check at z16.5, ruled by owner)"
IC-94579,lat_lon,"40.089289,-76.123803",2026-10-01,"NRB / MODLOGIQ New Holland: moved onto the 60k sf plant roof (steel volumetric category review 2026-10-01: satellite pin check at z16.5, ruled by owner)"
IC-95007,lat_lon,"32.760559,-111.585888",2026-10-01,"Integrated Modular Solutions Eloy: moved onto the plant (office is Scottsdale) (steel volumetric category review 2026-10-01: satellite pin check at z16.5, ruled by owner)"
IC-92527,lat_lon,"28.034583,-82.003755",2026-10-01,"ADM Manufacturing / Integrated Metal Products Lakeland: moved onto the plant roof (medium confidence) (steel volumetric category review 2026-10-01: satellite pin check at z16.5, ruled by owner)"
IC-13875,lat_lon,"33.853608,-118.207250",2026-10-01,"IPME Compton: moved onto the plant roof (medium confidence) (steel volumetric category review 2026-10-01: satellite pin check at z16.5, ruled by owner)"
IC-94700,lat_lon,"39.836187,-86.370051",2026-10-01,"Biologics Modular Brownsburg: company-site coordinate, plant suite 1000; old pin ~1.6 km off in a subdivision (steel volumetric category review 2026-10-01: satellite pin check at z16.5, ruled by owner)"
IC-95045,lat_lon,"34.237861,-77.937621",2026-10-01,"Craftspace Wilmington: listed address is coworking; shop is Bottle Works Bldg, 921 Princess St (medium confidence) (steel volumetric category review 2026-10-01: satellite pin check at z16.5, ruled by owner)"
IC-83848,existence_flag,not_ic,2026-10-01,"Bay Ltd Aransas Pass: oil/gas/power process modules and offshore topsides, not building modules (steel volumetric category review 2026-10-01: satellite pin check at z16.5, ruled by owner)"
IC-94825,existence_flag,not_ic,2026-10-01,"Precision Steel Works Aston PA: address is Topp Construction / Topp Portable Air; no module plant found (steel volumetric category review 2026-10-01: satellite pin check at z16.5, ruled by owner)"
IC-93011,existence_flag,not_ic,2026-10-01,"Metal Building Company Purvis MS: no trace of the firm; address is residential, lot full of portable sheds (steel volumetric category review 2026-10-01: satellite pin check at z16.5, ruled by owner)"
IC-94579,name,MODLOGIQ,2026-10-01,"NRB Inc. New Holland PA now operates as MODLOGIQ (same location as NRB USA) (steel volumetric category review 2026-10-01: satellite pin check at z16.5, ruled by owner)"
IC-17709,lat_lon,"33.935931,-117.295251",2026-10-01,"NEXTMOD, INC.: rooftop measured on satellite, 67 m from the old pin; Current NextMod official site confirms the 6361 Box Springs Boulevard, Riverside facility, manufacturing, and former SKC Company identity. (wood modular facility review 2026-10-01, ruled by owner)"
IC-94523,lat_lon,"33.770214,-116.967749",2026-10-01,"SCHOOLHOUSE MANUFACTURING LLC: rooftop measured on satellite, 84 m from the old pin; California Secretary of State filing confirms Schoolhouse Manufacturing at 1651 Juanita Street, San Jacinto; company-issued Class Leasing press release describe. (wood modular facility review 2026-10-01, ruled by owner)"
IC-94118,lat_lon,"38.823118,-106.132716",2026-10-01,"Fading West: rooftop measured on satellite, 48 m from the old pin; Fading West official contact lists 1950 McCormick Place, Buena Vista; current site describes a 110,000 sf climate-controlled volumetric housing factory. (wood modular facility review 2026-10-01, ruled by owner)"
IC-93914,lat_lon,"43.666841,-116.709562",2026-10-01,"KIT Custom Homebuilders: rooftop measured on satellite, 84 m from the old pin; Company confirms Caldwell factory, matching 1000 Garber Street, and explicitly offers manufactured and modular construction. (wood modular facility review 2026-10-01, ruled by owner)"
IC-60471,lat_lon,"46.820074,-95.837029",2026-10-01,"Dynamic Homes: rooftop measured on satellite, 66 m from the old pin; Official Dynamic Homes site matches 525 Roosevelt Avenue and describes over 110,000 sqft climate-controlled modular-home production, with factory tours. (wood modular facility review 2026-10-01, ruled by owner)"
IC-65721,lat_lon,"35.431421,-79.563517",2026-10-01,"Holmes Building Systems: rooftop measured on satellite, 61 m from the old pin; Official Holmes homepage identifies modular-home manufacturing and contact page gives physical 2863 Plank Rd, Robbins. (wood modular facility review 2026-10-01, ruled by owner)"
IC-93853,lat_lon,"34.567497,-79.539433",2026-10-01,"Vantem Clio: rooftop measured on satellite, 65 m from the old pin; Arris official page gives 2660 Highway 9 East, Clio and describes flagship plant. (wood modular facility review 2026-10-01, ruled by owner)"
IC-94110,lat_lon,"31.825436,-94.321973",2026-10-01,"ELITE MODULAR HOUSING LLC: rooftop measured on satellite, 58 m from the old pin; Current Elite Modular site offers custom factory-style modular structures and gives 8041 TX-87, Timpson. (wood modular facility review 2026-10-01, ruled by owner)"
IC-94258,lat_lon,"30.484708,-98.201785",2026-10-01,"VERTICAL WORKS, INC.: rooftop measured on satellite, 35 m from the old pin; Vertical Works official gallery and build-process pages explicitly label 109 Parr Ave as Texas Factory and describe indoor modular home construction. (wood modular facility review 2026-10-01, ruled by owner)"
IC-93502,lat_lon,"43.058647,-91.139421",2026-10-01,"DESIGN HOMES, INC.: rooftop measured on satellite, 57 m from the old pin; Official location page explicitly calls Prairie du Chien the headquarters and factory and gives 600 N. (wood modular facility review 2026-10-01, ruled by owner)"
IC-93621,lat_lon,"44.797433,-90.077030",2026-10-01,"STRATFORD HOMES LIMITED PARTNERSHIP: rooftop measured on satellite, 65 m from the old pin; Current Michigan approved-manufacturer list gives Stratford Homes Ltd Partnership at 212501 Hwy 97. (wood modular facility review 2026-10-01, ruled by owner)"
IC-79268,lat_lon,"40.637678,-76.947603",2026-10-01,"Excel Homes Group, LLC: rooftop measured on satellite, 104 m from the old pin; Excel's current careers page identifies Champion's Liverpool home-building facility at 10642 South Susquehanna Trail, matching inventory. (wood modular facility review 2026-10-01, ruled by owner)"
IC-94581,lat_lon,"41.204607,-76.734479",2026-10-01,"Muncy Homes, Inc.: rooftop measured on satellite, 102 m from the old pin; Current IIBC registry specifically lists Muncy Homes Plant 3 at 1567 Route 442 Hwy, matching inventory; company describes factory modular stages. (wood modular facility review 2026-10-01, ruled by owner)"
IC-96044,lat_lon,"35.123299,-84.902455",2026-10-01,"Wind River Built: rooftop measured on satellite, 122 m from the old pin; Wind River Custom Homes is tied to the exact Cleveland site by an OSHA manufacturing inspection; current official company material describes a manufacturing fac. (wood modular facility review 2026-10-01, ruled by owner)"
IC-94083,lat_lon,"31.199542,-94.775455",2026-10-01,"ATCO STRUCTURES & LOGISTICS (USA) INC: rooftop measured on satellite, 188 m from the old pin; Exact Diboll address is a prefabricated wood building manufacturing site in a 2023 OSHA inspection and an industrialized-building manufacturer in Louisiana cert. (wood modular facility review 2026-10-01, ruled by owner)"
IC-88029,lat_lon,"36.670979,-79.862729",2026-10-01,"Cavco Manufacturing, LLC /Cavco Martinsville-Inactive: rooftop measured on satellite, 136 m from the old pin; Current official Cavco-Martinsville page states modular-home manufacture. (wood modular facility review 2026-10-01, ruled by owner)"
IC-91167,lat_lon,"44.687347,-90.167773",2026-10-01,"Wisconsin Homes Inc: rooftop measured on satellite, 270 m from the old pin; Wisconsin Homes current official site gives 425 West McMillan Street and describes its climate-controlled factory. (wood modular facility review 2026-10-01, ruled by owner)"
IC-70811,lat_lon,"39.025857,-119.751716",2026-10-01,"Public Restroom Company Minden: pin moved onto the plant roof (satellite pin check; relocatable modular category review 2026-10-01, ruled by owner)"
IC-94984,lat_lon,"34.223004,-87.179684",2026-10-01,"Clayton Addison: pin was on the parking lot; plant NW (satellite pin check; HUD modular category review 2026-10-01, ruled by owner)"
IC-00931,lat_lon,"34.457278,-87.755499",2026-10-01,"Franklin Homes Russellville: pin was on the road; plant W (satellite pin check; HUD modular category review 2026-10-01, ruled by owner)"
IC-03339,lat_lon,"34.129802,-87.993524",2026-10-01,"Hamilton Home Builders Hamilton: pin was on a gravel lot; long building E (satellite pin check; HUD modular category review 2026-10-01, ruled by owner)"
IC-01208,lat_lon,"34.038758,-87.546143",2026-10-01,"Hamilton Home Builders Lynn: main plant N of old pin (satellite pin check; HUD modular category review 2026-10-01, ruled by owner)"
IC-04252,lat_lon,"34.224905,-86.184956",2026-10-01,"Kabco Builders Boaz: pin was on a small building shared with Palm Harbor; plant S (satellite pin check; HUD modular category review 2026-10-01, ruled by owner)"
IC-20490,lat_lon,"29.196502,-82.182919",2026-10-01,"Cavco Ocala (ex-Chariot Eagle): pin was on the road verge; plant E (satellite pin check; HUD modular category review 2026-10-01, ruled by owner)"
IC-20090,lat_lon,"30.171027,-82.579100",2026-10-01,"Homes of Merit / Champion Lake City SR100: geocode on plant roof (satellite pin check; HUD modular category review 2026-10-01, ruled by owner)"
IC-21920,lat_lon,"29.181078,-82.183369",2026-10-01,"Nobility Homes Ocala: pin was on road/lot; nudged onto roof (satellite pin check; HUD modular category review 2026-10-01, ruled by owner)"
IC-22923,lat_lon,"31.486511,-82.876601",2026-10-01,"Cavco Douglas: pin was on the parking lot; plant W (satellite pin check; HUD modular category review 2026-10-01, ruled by owner)"
IC-47043,lat_lon,"31.246339,-82.406200",2026-10-01,"Champion Plant 50 Waycross (ScotBilt #050, 2888 Fulford Rd): plant W of old pin (satellite pin check; HUD modular category review 2026-10-01, ruled by owner)"
IC-93745,lat_lon,"31.343326,-83.060123",2026-10-01,"Live Oak Homes #3 Willacoochee: pin was on a lot between buildings; building S (satellite pin check; HUD modular category review 2026-10-01, ruled by owner)"
IC-95875,lat_lon,"31.625158,-82.905696",2026-10-01,"WMT Housing / Live Oak #2 Broxton: pin was on the road; plant SE (satellite pin check; HUD modular category review 2026-10-01, ruled by owner)"
IC-48290,lat_lon,"44.216452,-116.944749",2026-10-01,"Champion #17 Weiser: pin was on a lot N of plant (satellite pin check; HUD modular category review 2026-10-01, ruled by owner)"
IC-93774,lat_lon,"37.098744,-97.043275",2026-10-01,"Skyline Arkansas City: pin was on a small building; plant S (satellite pin check; HUD modular category review 2026-10-01, ruled by owner)"
IC-53519,lat_lon,"36.825433,-88.376855",2026-10-01,"Champion #20 Benton KY: pin was on a small building beside plant; plant W (satellite pin check; HUD modular category review 2026-10-01, ruled by owner)"
IC-66615,lat_lon,"34.666586,-79.492988",2026-10-01,"Champion Laurinburg #070: pin was on a small building; plant S (satellite pin check; HUD modular category review 2026-10-01, ruled by owner)"
IC-95057,lat_lon,"34.678423,-79.180560",2026-10-01,"Champion #42 Pembroke (ex-Fleetwood #41): plant E of old pin (satellite pin check; HUD modular category review 2026-10-01, ruled by owner)"
IC-68618,lat_lon,"40.875031,-98.022891",2026-10-01,"BonnaVilla Aurora: pin was on the office beside the plant; plant NW (satellite pin check; HUD modular category review 2026-10-01, ruled by owner)"
IC-72295,lat_lon,"40.522670,-81.649070",2026-10-01,"Skyline Sugarcreek (Champion): Google listing coordinate, plant NW of old pin (satellite pin check; HUD modular category review 2026-10-01, ruled by owner)"
IC-73257,lat_lon,"41.440322,-84.645667",2026-10-01,"Manufactured Housing Enterprises Bryan: pin was on the parking lot; plant S (satellite pin check; HUD modular category review 2026-10-01, ruled by owner)"
IC-74622,lat_lon,"45.850781,-119.292627",2026-10-01,"Clayton Hermiston #955: pin was on the parking lot; plant NE (satellite pin check; HUD modular category review 2026-10-01, ruled by owner)"
IC-96235,lat_lon,"36.342110,-83.266435",2026-10-01,"Clayton Bean Station: geocode lands on plant roof (satellite pin check; HUD modular category review 2026-10-01, ruled by owner)"
IC-82809,lat_lon,"36.209726,-83.883944",2026-10-01,"Clayton Maynardville #922: pin at plant corner; plant NW (satellite pin check; HUD modular category review 2026-10-01, ruled by owner)"
IC-86827,lat_lon,"32.597459,-96.820439",2026-10-01,"Cavco Lancaster: pin at roof edge; plant S (satellite pin check; HUD modular category review 2026-10-01, ruled by owner)"
IC-86805,lat_lon,"32.692348,-97.236713",2026-10-01,"Cavco Lake Arlington: pin on yard building; geocode lands on plant roof (satellite pin check; HUD modular category review 2026-10-01, ruled by owner)"
IC-94982,lat_lon,"30.365879,-96.082673",2026-10-01,"Champion Navasota: pin in module yard; plant E (satellite pin check; HUD modular category review 2026-10-01, ruled by owner)"
IC-83741,lat_lon,"33.570273,-96.194516",2026-10-01,"Clayton Bonham #935: pin just off roof; plant E (satellite pin check; HUD modular category review 2026-10-01, ruled by owner)"
IC-84892,lat_lon,"32.765820,-98.890791",2026-10-01,"Marathon Homes Breckenridge: pin was on the road; plant SE (satellite pin check; HUD modular category review 2026-10-01, ruled by owner)"
IC-94710,lat_lon,"45.004982,-90.327309",2026-10-01,"Cavco Dorchester: pin was on a lot beside plant; plant SW (satellite pin check; HUD modular category review 2026-10-01, ruled by owner)"
IC-93432,existence_flag,not_ic,2026-10-01,"Williams Scotsman / WillScot / ModSpace rental branch, not a manufacturing plant (relocatable modular category review 2026-10-01, ruled by owner)"
IC-93434,existence_flag,not_ic,2026-10-01,"Williams Scotsman / WillScot / ModSpace rental branch, not a manufacturing plant (relocatable modular category review 2026-10-01, ruled by owner)"
IC-93435,existence_flag,not_ic,2026-10-01,"Williams Scotsman / WillScot / ModSpace rental branch, not a manufacturing plant (relocatable modular category review 2026-10-01, ruled by owner)"
IC-93439,existence_flag,not_ic,2026-10-01,"Williams Scotsman / WillScot / ModSpace rental branch, not a manufacturing plant (relocatable modular category review 2026-10-01, ruled by owner)"
IC-93441,existence_flag,not_ic,2026-10-01,"Williams Scotsman / WillScot / ModSpace rental branch, not a manufacturing plant (relocatable modular category review 2026-10-01, ruled by owner)"
IC-93442,existence_flag,not_ic,2026-10-01,"Williams Scotsman / WillScot / ModSpace rental branch, not a manufacturing plant (relocatable modular category review 2026-10-01, ruled by owner)"
IC-11407,existence_flag,not_ic,2026-10-01,"Williams Scotsman / WillScot / ModSpace rental branch, not a manufacturing plant (relocatable modular category review 2026-10-01, ruled by owner)"
IC-93644,existence_flag,not_ic,2026-10-01,"Williams Scotsman / WillScot / ModSpace rental branch, not a manufacturing plant (relocatable modular category review 2026-10-01, ruled by owner)"
IC-94804,existence_flag,not_ic,2026-10-01,"Williams Scotsman / WillScot / ModSpace rental branch, not a manufacturing plant (relocatable modular category review 2026-10-01, ruled by owner)"
IC-94877,existence_flag,not_ic,2026-10-01,"Williams Scotsman / WillScot / ModSpace rental branch, not a manufacturing plant (relocatable modular category review 2026-10-01, ruled by owner)"
IC-94805,existence_flag,not_ic,2026-10-01,"Williams Scotsman / WillScot / ModSpace rental branch, not a manufacturing plant (relocatable modular category review 2026-10-01, ruled by owner)"
IC-95023,existence_flag,not_ic,2026-10-01,"Williams Scotsman / WillScot / ModSpace rental branch, not a manufacturing plant (relocatable modular category review 2026-10-01, ruled by owner)"
IC-94803,existence_flag,not_ic,2026-10-01,"Williams Scotsman / WillScot / ModSpace rental branch, not a manufacturing plant (relocatable modular category review 2026-10-01, ruled by owner)"
IC-94878,existence_flag,not_ic,2026-10-01,"WillScot Baltimore: corporate HQ office, not a plant (relocatable modular category review 2026-10-01, ruled by owner)"
IC-92538,existence_flag,not_ic,2026-10-01,"Affordable Structures Tavares: modular building dealer (MBI Dealer/Fleet), not a plant (relocatable modular category review 2026-10-01, ruled by owner)"
IC-92549,existence_flag,not_ic,2026-10-01,"All Modular Service Mascotte: install/repair/setup contractor, not a plant (relocatable modular category review 2026-10-01, ruled by owner)"
IC-82450,existence_flag,not_ic,2026-10-01,"Space Makers Nashville: shed dealer/mover; listed address is an auto body shop (relocatable modular category review 2026-10-01, ruled by owner)"
IC-88056,existence_flag,not_ic,2026-10-01,"Vico Construction Chesapeake: site/utility contractor (false positive) (relocatable modular category review 2026-10-01, ruled by owner)"
IC-94669,existence_flag,not_ic,2026-10-01,"Specialized Structures Douglas GA: sales office of the Willacoochee plant IC-94050 (relocatable modular category review 2026-10-01, ruled by owner)"
IC-92695,existence_flag,not_ic,2026-10-01,"Coastal Sheds Starke: portable storage sheds; sheds are not industrialized construction (ADL precedent) (relocatable modular category review 2026-10-01, ruled by owner)"
IC-92977,existence_flag,not_ic,2026-10-01,"Lifetime Storage Solutions Adel: portable storage sheds; sheds are not industrialized construction (ADL precedent) (relocatable modular category review 2026-10-01, ruled by owner)"
IC-68934,existence_flag,not_ic,2026-10-01,"Reeds Ferry Small Buildings Hudson: portable storage sheds; sheds are not industrialized construction (ADL precedent) (relocatable modular category review 2026-10-01, ruled by owner)"
IC-55925,existence_flag,not_ic,2026-10-01,"Interstate Portable Buildings Alexandria: portable storage sheds; sheds are not industrialized construction (ADL precedent) (relocatable modular category review 2026-10-01, ruled by owner)"
IC-96226,existence_flag,not_ic,2026-10-01,"Thrifty Portable Buildings Tallassee: portable storage sheds; sheds are not industrialized construction (ADL precedent) (relocatable modular category review 2026-10-01, ruled by owner)"
IC-95966,existence_flag,review,2026-10-01,"EZ Portable Buildings Nashville GA: sheds and tiny homes (HQ/main plant Paducah KY); shed rule pending (relocatable modular category review 2026-10-01, ruled by owner)"
IC-00526,existence_flag,closed,2026-10-01,"Brilliant Homes Brilliant AL (defunct): no plant at the record; closed (HUD modular category review 2026-10-01, ruled by owner)"
IC-00441,existence_flag,closed,2026-10-01,"Buccaneer Homes Plant 2 Winfield AL: no plant at the record; closed (HUD modular category review 2026-10-01, ruled by owner)"
IC-00492,existence_flag,closed,2026-10-01,"Cavalier Riverchase Haleyville AL: no plant at the record; closed (HUD modular category review 2026-10-01, ruled by owner)"
IC-01352,existence_flag,closed,2026-10-01,"North River Homes Hamilton AL: no plant at the record; closed (HUD modular category review 2026-10-01, ruled by owner)"
IC-01121,existence_flag,closed,2026-10-01,"Palm Harbor Boaz AL (no Palm Harbor AL plant on MHI list): no plant at the record; closed (HUD modular category review 2026-10-01, ruled by owner)"
IC-08052,existence_flag,closed,2026-10-01,"Guerdon Industries Cabot AR (pre-1994 brand): no plant at the record; closed (HUD modular category review 2026-10-01, ruled by owner)"
IC-21197,existence_flag,closed,2026-10-01,"Homes of Merit Plant #3 Lake City FL (Airport Cir): no plant at the record; closed (HUD modular category review 2026-10-01, ruled by owner)"
IC-21412,existence_flag,closed,2026-10-01,"Nobility Homes Belleview FL (closed FY2013-FY2025): no plant at the record; closed (HUD modular category review 2026-10-01, ruled by owner)"
IC-21124,existence_flag,closed,2026-10-01,"Wausau Homes Lake Wales FL: no plant at the record; closed (HUD modular category review 2026-10-01, ruled by owner)"
IC-24194,existence_flag,closed,2026-10-01,"All American Homes Ashburn GA: no plant at the record; closed (HUD modular category review 2026-10-01, ruled by owner)"
IC-24108,existence_flag,closed,2026-10-01,"Arabi Homes GA: no plant at the record; closed (HUD modular category review 2026-10-01, ruled by owner)"
IC-24183,existence_flag,closed,2026-10-01,"Champion Ellaville GA: no plant at the record; closed (HUD modular category review 2026-10-01, ruled by owner)"
IC-23471,existence_flag,closed,2026-10-01,"Champion Plains GA: no plant at the record; closed (HUD modular category review 2026-10-01, ruled by owner)"
IC-23476,existence_flag,closed,2026-10-01,"Fleetwood #34 Pearson GA: no plant at the record; closed (HUD modular category review 2026-10-01, ruled by owner)"
IC-22979,existence_flag,closed,2026-10-01,"Fleetwood #35-1 Broxton GA: no plant at the record; closed (HUD modular category review 2026-10-01, ruled by owner)"
IC-22976,existence_flag,closed,2026-10-01,"Fleetwood 35-2 Pearson GA: no plant at the record; closed (HUD modular category review 2026-10-01, ruled by owner)"
IC-24162,existence_flag,closed,2026-10-01,"Kaufman & Broad Moultrie GA (defunct brand): no plant at the record; closed (HUD modular category review 2026-10-01, ruled by owner)"
IC-23410,existence_flag,closed,2026-10-01,"Redman Richland GA: no plant at the record; closed (HUD modular category review 2026-10-01, ruled by owner)"
IC-24203,existence_flag,closed,2026-10-01,"Redman Americus GA: no plant at the record; closed (HUD modular category review 2026-10-01, ruled by owner)"
IC-51302,existence_flag,closed,2026-10-01,"Champion Ridgeville IN: no plant at the record; closed (HUD modular category review 2026-10-01, ruled by owner)"
IC-52098,existence_flag,closed,2026-10-01,"Crystal Valley Homes Middlebury IN: no plant at the record; closed (HUD modular category review 2026-10-01, ruled by owner)"
IC-51320,existence_flag,closed,2026-10-01,"Skyline Plant 112 Goshen IN: no plant at the record; closed (HUD modular category review 2026-10-01, ruled by owner)"
IC-94560,existence_flag,closed,2026-10-01,"Skyline Halstead KS (last signal 2005): no plant at the record; closed (HUD modular category review 2026-10-01, ruled by owner)"
IC-61695,existence_flag,closed,2026-10-01,"Fuqua Homes Boonville MO (2011): no plant at the record; closed (HUD modular category review 2026-10-01, ruled by owner)"
IC-66193,existence_flag,closed,2026-10-01,"Homes by Oakwood Plant #3 Pinebluff NC (record says INACTIVE): no plant at the record; closed (HUD modular category review 2026-10-01, ruled by owner)"
IC-64928,existence_flag,closed,2026-10-01,"Redman Maxton NC: no plant at the record; closed (HUD modular category review 2026-10-01, ruled by owner)"
IC-64942,existence_flag,closed,2026-10-01,"Redman Sanford NC: no plant at the record; closed (HUD modular category review 2026-10-01, ruled by owner)"
IC-82736,existence_flag,closed,2026-10-01,"APECO Selmer TN: no plant at the record; closed (HUD modular category review 2026-10-01, ruled by owner)"
IC-82713,existence_flag,closed,2026-10-01,"Challenger Homes Columbia TN: no plant at the record; closed (HUD modular category review 2026-10-01, ruled by owner)"
IC-83140,existence_flag,closed,2026-10-01,"Fleetwood TN Gallatin: no plant at the record; closed (HUD modular category review 2026-10-01, ruled by owner)"
IC-82696,existence_flag,closed,2026-10-01,"Glenbrook Homes Westmoreland TN: no plant at the record; closed (HUD modular category review 2026-10-01, ruled by owner)"
IC-82836,existence_flag,closed,2026-10-01,"Jones Homes Hendersonville TN: no plant at the record; closed (HUD modular category review 2026-10-01, ruled by owner)"
IC-82663,existence_flag,closed,2026-10-01,"KAJN Homes Ramer TN: no plant at the record; closed (HUD modular category review 2026-10-01, ruled by owner)"
IC-82848,existence_flag,closed,2026-10-01,"Redman Industries Dyersburg TN: no plant at the record; closed (HUD modular category review 2026-10-01, ruled by owner)"
IC-82754,existence_flag,closed,2026-10-01,"Skyline Lexington TN: no plant at the record; closed (HUD modular category review 2026-10-01, ruled by owner)"
IC-83757,existence_flag,closed,2026-10-01,"Cavalier Town & Country Plant 2 Mineral Wells TX: no plant at the record; closed (HUD modular category review 2026-10-01, ruled by owner)"
IC-76128,existence_flag,review,2026-10-01,"Princess Homes Selinsgrove PA: likely closed (review verdict CLOSED, marked likely); confirm (HUD modular category review 2026-10-01, ruled by owner)"
IC-83773,existence_flag,review,2026-10-01,"Homes by Oakwood Hillsboro TX: likely closed (review verdict CLOSED, marked likely); confirm (HUD modular category review 2026-10-01, ruled by owner)"
IC-83820,existence_flag,review,2026-10-01,"Homes by Oakwood Ennis TX: likely closed (review verdict CLOSED, marked likely); confirm (HUD modular category review 2026-10-01, ruled by owner)"
IC-00055,existence_flag,not_ic,2026-10-01,"Builders Choice Eagle River AK: contractor at a residential address; no HUD plants in AK (HUD modular category review 2026-10-01, ruled by owner)"
IC-09120,existence_flag,not_ic,2026-10-01,"'Scott Stewart' Mountain View AR: a person's name at a rural address, not a plant (HUD modular category review 2026-10-01, ruled by owner)"
IC-20063,existence_flag,not_ic,2026-10-01,"Palm Harbor Village of Plant City: model/sales center, not a plant (HUD modular category review 2026-10-01, ruled by owner)"
IC-51291,existence_flag,not_ic,2026-10-01,"Dutch Housing LaGrange IN: corporate office; brand built at Champion Topeka (HUD modular category review 2026-10-01, ruled by owner)"
IC-96060,existence_flag,not_ic,2026-10-01,"JEM Custom Builders Amherst MA: custom home builder at a residence (HUD modular category review 2026-10-01, ruled by owner)"
IC-96230,existence_flag,not_ic,2026-10-01,"'Michael Woodford' Rexford NY: a person at a residence, not a plant (HUD modular category review 2026-10-01, ruled by owner)"
IC-95959,existence_flag,not_ic,2026-10-01,"Modern Building Systems White City OR: pin on a school job site; MBS plant is Aumsville (IC-74967) (HUD modular category review 2026-10-01, ruled by owner)"
IC-82670,existence_flag,not_ic,2026-10-01,"'Blocker R Neal' Columbia TN: a person's name, not a plant (HUD modular category review 2026-10-01, ruled by owner)"
IC-91604,existence_flag,not_ic,2026-10-01,"Manternach Development Milwaukee: developer at a residential address (HUD modular category review 2026-10-01, ruled by owner)"
IC-96491,capability_leaf,"Wood Structural Components (Trusses, etc.)",2026-10-01,"Hawk Materials Lakeside CA: truss supplier (SBCA), not HUD homes (HUD modular category review 2026-10-01, ruled by owner)"
IC-96491,capability_group,Other,2026-10-01,"Hawk Materials Lakeside CA: truss supplier (SBCA), not HUD homes (HUD modular category review 2026-10-01, ruled by owner)"
IC-92560,capability_leaf,"Wood Structural Components (Trusses, etc.)",2026-10-01,"American Truss Company Winter Haven FL: trusses, not HUD homes (HUD modular category review 2026-10-01, ruled by owner)"
IC-92560,capability_group,Other,2026-10-01,"American Truss Company Winter Haven FL: trusses, not HUD homes (HUD modular category review 2026-10-01, ruled by owner)"
IC-20818,capability_leaf,"Wood Structural Components (Trusses, etc.)",2026-10-01,"Builders FirstSource Plant City (Industrial Park Dr): trusses/panels, not HUD homes (HUD modular category review 2026-10-01, ruled by owner)"
IC-20818,capability_group,Other,2026-10-01,"Builders FirstSource Plant City (Industrial Park Dr): trusses/panels, not HUD homes (HUD modular category review 2026-10-01, ruled by owner)"
IC-10675,lat_lon,"33.823811,-117.231567",2026-10-01,"Silver Creek Modular: rooftop confirmed on satellite review; current pin (geocode:geocodio) sits on the plant building (steel_volumetric satellite pin review 2026-10-01, Claude; proposed for owner review in PR)"
IC-94925,lat_lon,"33.955480,-118.196350",2026-10-01,"Mid-Rise Modular: rooftop confirmed on satellite review; current pin (overture:place) sits on the plant building (steel_volumetric satellite pin review 2026-10-01, Claude; proposed for owner review in PR)"
IC-93395,lat_lon,"29.296642,-81.120885",2026-10-01,"Valiant Diner's, LLC (now Valiant Modular): pin moved onto the plant roof (medium confidence) - Plant 15 Tower Circle W, Ormond Beach. DB has no address/state; current pin is shared with IC-94855 Starlite Diners (adjacent bldg) - confirm which roof is which (relocatable_modular satellite pin review 2026-10-01, Claude; proposed for owner review in PR)"
IC-18060,lat_lon,"33.935972,-117.294015",2026-10-01,"NextMod Inc: pin moved onto the plant roof (medium confidence) - Perris = lease yard. Plant 6361 Box Springs Blvd, Riverside (geocoded, roof picked off satellite) (relocatable_modular satellite pin review 2026-10-01, Claude; proposed for owner review in PR)"
IC-02967,lat_lon,"34.147848,-87.958193",2026-10-01,"BUCCANEER HOMES: rooftop confirmed on satellite review; current pin (geocode:geocodio) sits on the plant building (hud_modular satellite pin review 2026-10-01, Claude; proposed for owner review in PR)"
IC-00506,lat_lon,"33.932668,-87.838188",2026-10-01,"CAVALIER MFG. BUCCANEER HOMES PLANT 3 DIV.: rooftop confirmed on satellite review; current pin (geocode:geocodio) sits on the plant building (hud_modular satellite pin review 2026-10-01, Claude; proposed for owner review in PR)"
IC-00516,lat_lon,"34.236153,-87.658056",2026-10-01,"CAVALIER MFG., CAVALIER HOMES OF ALABAMA, PLANT 3 DIV.: rooftop confirmed on satellite review; current pin (epa_frs) sits on the plant building (hud_modular satellite pin review 2026-10-01, Claude; proposed for owner review in PR)"
IC-94109,lat_lon,"33.984569,-87.921554",2026-10-01,"DEER VALLEY HOMEBUILDERS INC: rooftop confirmed on satellite review; current pin (geocode:geocodio) sits on the plant building (hud_modular satellite pin review 2026-10-01, Claude; proposed for owner review in PR)"
IC-00535,lat_lon,"34.263562,-87.834394",2026-10-01,"TRU RIVERBIRCH: rooftop confirmed on satellite review; current pin (geocode:geocodio) sits on the plant building (hud_modular satellite pin review 2026-10-01, Claude; proposed for owner review in PR)"
IC-09695,lat_lon,"35.068003,-92.493461",2026-10-01,"CAVALIER HOMES, INC. - CLAYTON HOMES: rooftop confirmed on satellite review; current pin (epa_frs) sits on the plant building (hud_modular satellite pin review 2026-10-01, Claude; proposed for owner review in PR)"
IC-08118,lat_lon,"35.068287,-92.493304",2026-10-01,"Clayton: rooftop confirmed on satellite review; current pin (geocode:geocodio) sits on the plant building (hud_modular satellite pin review 2026-10-01, Claude; proposed for owner review in PR)"
IC-10296,lat_lon,"33.380968,-112.571368",2026-10-01,"Clayton Buckeye: rooftop confirmed on satellite review; current pin (geocode:geocodio) sits on the plant building (hud_modular satellite pin review 2026-10-01, Claude; proposed for owner review in PR)"
IC-09962,lat_lon,"33.557252,-112.326753",2026-10-01,"CLAYTON HOMES-EL MIRAGE: rooftop confirmed on satellite review; current pin (geocode:geocodio) sits on the plant building (hud_modular satellite pin review 2026-10-01, Claude; proposed for owner review in PR)"
IC-94483,lat_lon,"33.404573,-112.131004",2026-10-01,"DRL CONSTRUCTION LLC: rooftop confirmed on satellite review; current pin (geocode:geocodio) sits on the plant building (hud_modular satellite pin review 2026-10-01, Claude; proposed for owner review in PR)"
IC-10289,lat_lon,"33.445383,-112.175140",2026-10-01,"Phoenix Modular: rooftop confirmed on satellite review; current pin (geocode:geocodio) sits on the plant building (hud_modular satellite pin review 2026-10-01, Claude; proposed for owner review in PR)"
IC-09875,lat_lon,"33.288714,-111.949143",2026-10-01,"REDMAN HOMES INC (DBA CHAMPION HOME BUILDERS): rooftop confirmed on satellite review; current pin (geocode:geocodio) sits on the plant building (hud_modular satellite pin review 2026-10-01, Claude; proposed for owner review in PR)"
IC-10105,lat_lon,"33.432173,-112.360321",2026-10-01,"RFX2024XEG419X0050 - CAVCO INDUSTRIES, INC. DBA DURANGO HOMES: rooftop confirmed on satellite review; current pin (geocode:geocodio) sits on the plant building (hud_modular satellite pin review 2026-10-01, Claude; proposed for owner review in PR)"
IC-96035,lat_lon,"33.861593,-116.553290",2026-10-01,"CALIFORNIA MODULARS, INC.: rooftop confirmed on satellite review; current pin (geocode:geocodio) sits on the plant building (hud_modular satellite pin review 2026-10-01, Claude; proposed for owner review in PR)"
IC-12201,lat_lon,"33.961420,-117.448054",2026-10-01,"CAVCO MANUFACTURING, LLC: rooftop confirmed on satellite review; current pin (geocode:geocodio) sits on the plant building (hud_modular satellite pin review 2026-10-01, Claude; proposed for owner review in PR)"
IC-10557,lat_lon,"33.888501,-117.590913",2026-10-01,"Champion Home Builders Inc: rooftop confirmed on satellite review; current pin (geocode:geocodio) sits on the plant building (hud_modular satellite pin review 2026-10-01, Claude; proposed for owner review in PR)"
IC-10339,lat_lon,"36.223172,-119.101104",2026-10-01,"CHAMPION HOME BUILDERS INC: rooftop confirmed on satellite review; current pin (geocode:geocodio) sits on the plant building (hud_modular satellite pin review 2026-10-01, Claude; proposed for owner review in PR)"
IC-10333,lat_lon,"33.828741,-117.227957",2026-10-01,"CMH MFG WEST INC, GOLDEN WEST HOMES DBA: rooftop confirmed on satellite review; current pin (geocode:geocodio) sits on the plant building (hud_modular satellite pin review 2026-10-01, Claude; proposed for owner review in PR)"
IC-15522,lat_lon,"37.696905,-122.173432",2026-10-01,"CONEX MODULAR LLC: rooftop confirmed on satellite review; current pin (geocode:geocodio) sits on the plant building (hud_modular satellite pin review 2026-10-01, Claude; proposed for owner review in PR)"
IC-94476,lat_lon,"33.991357,-118.229335",2026-10-01,"CONNEST LLC: rooftop confirmed on satellite review; current pin (geocode:geocodio) sits on the plant building (hud_modular satellite pin review 2026-10-01, Claude; proposed for owner review in PR)"
IC-12725,lat_lon,"34.062730,-117.247756",2026-10-01,"DVELE OMEGA: rooftop confirmed on satellite review; current pin (geocode:geocodio) sits on the plant building (hud_modular satellite pin review 2026-10-01, Claude; proposed for owner review in PR)"
IC-94487,lat_lon,"33.941449,-118.056557",2026-10-01,"HAUS.ME INC.: rooftop confirmed on satellite review; current pin (geocode:geocodio) sits on the plant building (hud_modular satellite pin review 2026-10-01, Claude; proposed for owner review in PR)"
IC-10648,lat_lon,"33.904523,-118.045472",2026-10-01,"PROFILE STRUCTURES INC: rooftop confirmed on satellite review; current pin (geocode:geocodio) sits on the plant building (hud_modular satellite pin review 2026-10-01, Claude; proposed for owner review in PR)"
IC-13046,lat_lon,"33.828209,-117.234254",2026-10-01,"SILVER CREEK INDUSTRIES INC.: rooftop confirmed on satellite review; current pin (geocode:geocodio) sits on the plant building (hud_modular satellite pin review 2026-10-01, Claude; proposed for owner review in PR)"
IC-10334,lat_lon,"33.774171,-116.965804",2026-10-01,"SKYLINE HOMES: rooftop confirmed on satellite review; current pin (geocode:geocodio) sits on the plant building (hud_modular satellite pin review 2026-10-01, Claude; proposed for owner review in PR)"
IC-10368,lat_lon,"38.683420,-121.740624",2026-10-01,"SKYLINE WOODLAND: rooftop confirmed on satellite review; current pin (geocode:geocodio) sits on the plant building (hud_modular satellite pin review 2026-10-01, Claude; proposed for owner review in PR)"
IC-20933,lat_lon,"30.171890,-82.580418",2026-10-01,"CHAMPION ENTERPRISES INC HOMES OF MERIT PLANT 2: rooftop confirmed on satellite review; current pin (geocode:geocodio) sits on the plant building (hud_modular satellite pin review 2026-10-01, Claude; proposed for owner review in PR)"
IC-22771,lat_lon,"27.954600,-81.783556",2026-10-01,"CHAMPION HOME BUILDERS #65: rooftop confirmed on satellite review; current pin (epa_frs) sits on the plant building (hud_modular satellite pin review 2026-10-01, Claude; proposed for owner review in PR)"
IC-21965,lat_lon,"30.171033,-82.579104",2026-10-01,"Champion Home Builders, Inc. - Lake City: rooftop confirmed on satellite review; current pin (geocode:geocodio) sits on the plant building (hud_modular satellite pin review 2026-10-01, Claude; proposed for owner review in PR)"
IC-95941,lat_lon,"28.658117,-82.116159",2026-10-01,"CONSOLIDATED INDUSTRIES LLC: rooftop confirmed on satellite review; current pin (geocode:geocodio) sits on the plant building (hud_modular satellite pin review 2026-10-01, Claude; proposed for owner review in PR)"
IC-20728,lat_lon,"30.177112,-82.586527",2026-10-01,"HOMES OF MERIT LC PLANT 3: rooftop confirmed on satellite review; current pin (geocode:geocodio) sits on the plant building (hud_modular satellite pin review 2026-10-01, Claude; proposed for owner review in PR)"
IC-95788,lat_lon,"27.570235,-81.814644",2026-10-01,"INNOVAR STRUCTURES, LLC: rooftop confirmed on satellite review; current pin (geocode:geocodio) sits on the plant building (hud_modular satellite pin review 2026-10-01, Claude; proposed for owner review in PR)"
IC-95980,lat_lon,"29.081454,-81.994507",2026-10-01,"Southern Structures Inc.: rooftop confirmed on satellite review; current pin (geocode:geocodio) sits on the plant building (hud_modular satellite pin review 2026-10-01, Claude; proposed for owner review in PR)"
IC-20382,lat_lon,"28.755648,-81.734601",2026-10-01,"SPACE MASTER MFG INC: rooftop confirmed on satellite review; current pin (geocode:geocodio) sits on the plant building (hud_modular satellite pin review 2026-10-01, Claude; proposed for owner review in PR)"
IC-93789,lat_lon,"30.170219,-82.583851",2026-10-01,"TownHomes, LLC: rooftop confirmed on satellite review; current pin (geocode:geocodio) sits on the plant building (hud_modular satellite pin review 2026-10-01, Claude; proposed for owner review in PR)"
IC-23806,lat_lon,"31.185117,-83.750398",2026-10-01,"Cavco Manufacturing, LLC/Cavco Moultrie-inactive: rooftop confirmed on satellite review; current pin (geocode:geocodio) sits on the plant building (hud_modular satellite pin review 2026-10-01, Claude; proposed for owner review in PR)"
IC-22975,lat_lon,"31.537612,-82.853899",2026-10-01,"FLEETWOOD HOMES #05-1: rooftop confirmed on satellite review; current pin (epa_frs) sits on the plant building (hud_modular satellite pin review 2026-10-01, Claude; proposed for owner review in PR)"
IC-94553,lat_lon,"31.534895,-82.849966",2026-10-01,"FLEETWOOD HOUSING COMPONENTS # 46: rooftop confirmed on satellite review; current pin (overture:place) sits on the plant building (hud_modular satellite pin review 2026-10-01, Claude; proposed for owner review in PR)"
IC-30705,lat_lon,"33.297414,-83.381201",2026-10-01,"LEGACY HOUSING: rooftop confirmed on satellite review; current pin (geocode:geocodio) sits on the plant building (hud_modular satellite pin review 2026-10-01, Claude; proposed for owner review in PR)"
IC-30785,lat_lon,"31.244796,-82.407926",2026-10-01,"LIVE OAK HOMES: rooftop confirmed on satellite review; current pin (geocode:geocodio) sits on the plant building (hud_modular satellite pin review 2026-10-01, Claude; proposed for owner review in PR)"
IC-93121,lat_lon,"33.011299,-85.051511",2026-10-01,"Palm Harbor Homes-LaGrange: rooftop confirmed on satellite review; current pin (geocode:geocodio) sits on the plant building (hud_modular satellite pin review 2026-10-01, Claude; proposed for owner review in PR)"
IC-48316,lat_lon,"43.593480,-116.538620",2026-10-01,"Cavco Nampa: rooftop confirmed on satellite review; current pin (geocode:geocodio) sits on the plant building (hud_modular satellite pin review 2026-10-01, Claude; proposed for owner review in PR)"
IC-48547,lat_lon,"44.217909,-116.947026",2026-10-01,"GREENSTAR BUILDING SYSTEMS: rooftop confirmed on satellite review; current pin (geocode:geocodio) sits on the plant building (hud_modular satellite pin review 2026-10-01, Claude; proposed for owner review in PR)"
IC-48437,lat_lon,"43.666952,-116.709487",2026-10-01,"KIT HOME BUILDERS WEST: rooftop confirmed on satellite review; current pin (overture:place) sits on the plant building (hud_modular satellite pin review 2026-10-01, Claude; proposed for owner review in PR)"
IC-94826,lat_lon,"41.481102,-87.611598",2026-10-01,"Precision Systems: rooftop confirmed on satellite review; current pin (geocode:geocodio) sits on the plant building (hud_modular satellite pin review 2026-10-01, Claude; proposed for owner review in PR)"
IC-51416,lat_lon,"40.812638,-84.939103",2026-10-01,"CHAMPION HOME BUILDERS INC: rooftop confirmed on satellite review; current pin (geocode:geocodio) sits on the plant building (hud_modular satellite pin review 2026-10-01, Claude; proposed for owner review in PR)"
IC-51451,lat_lon,"41.689752,-85.698886",2026-10-01,"Clayton Middlebury: rooftop confirmed on satellite review; current pin (internal:contact-site-rooftop-crossmatch) sits on the plant building (hud_modular satellite pin review 2026-10-01, Claude; proposed for owner review in PR)"
IC-52028,lat_lon,"41.526162,-85.999443",2026-10-01,"CLAYTON WAKARUSA: rooftop confirmed on satellite review; current pin (geocode:geocodio) sits on the plant building (hud_modular satellite pin review 2026-10-01, Claude; proposed for owner review in PR)"
IC-94737,lat_lon,"41.713030,-85.809253",2026-10-01,"E3 Solutions, Inc: rooftop confirmed on satellite review; current pin (geocode:geocodio) sits on the plant building (hud_modular satellite pin review 2026-10-01, Claude; proposed for owner review in PR)"
IC-51865,lat_lon,"41.438441,-85.984084",2026-10-01,"Fairmont Homes Inc - Friendship 1: rooftop confirmed on satellite review; current pin (geocode:geocodio) sits on the plant building (hud_modular satellite pin review 2026-10-01, Claude; proposed for owner review in PR)"
IC-51342,lat_lon,"41.660305,-86.023919",2026-10-01,"HART HOUSING GROUP INC PLANT 1: rooftop confirmed on satellite review; current pin (geocode:geocodio) sits on the plant building (hud_modular satellite pin review 2026-10-01, Claude; proposed for owner review in PR)"
IC-94768,lat_lon,"41.710416,-85.823550",2026-10-01,"Hi-Tech Housing Inc: rooftop confirmed on satellite review; current pin (geocode:geocodio) sits on the plant building (hud_modular satellite pin review 2026-10-01, Claude; proposed for owner review in PR)"
IC-94769,lat_lon,"41.744964,-85.684186",2026-10-01,"Homes by IBS: rooftop confirmed on satellite review; current pin (geocode:geocodio) sits on the plant building (hud_modular satellite pin review 2026-10-01, Claude; proposed for owner review in PR)"
IC-51326,lat_lon,"41.689167,-85.699722",2026-10-01,"PATRIOT HOMES INC VICTORIAN HOMES DIV: rooftop confirmed on satellite review; current pin (epa_frs) sits on the plant building (hud_modular satellite pin review 2026-10-01, Claude; proposed for owner review in PR)"
IC-51551,lat_lon,"41.536548,-85.554497",2026-10-01,"Skyline/Champion Inc: rooftop confirmed on satellite review; current pin (geocode:geocodio) sits on the plant building (hud_modular satellite pin review 2026-10-01, Claude; proposed for owner review in PR)"
IC-95281,lat_lon,"41.563023,-85.787217",2026-10-01,"THE COMMODORE CORPORATION: rooftop confirmed on satellite review; current pin (geocode:geocodio) sits on the plant building (hud_modular satellite pin review 2026-10-01, Claude; proposed for owner review in PR)"
IC-54965,lat_lon,"38.387026,-83.660180",2026-10-01,"Housing Innovations, LLC: rooftop confirmed on satellite review; current pin (geocode:geocodio) sits on the plant building (hud_modular satellite pin review 2026-10-01, Claude; proposed for owner review in PR)"
IC-56652,lat_lon,"42.320678,-71.797193",2026-10-01,"Pullman Modular Industries, Inc.: rooftop confirmed on satellite review; current pin (geocode:geocodio) sits on the plant building (hud_modular satellite pin review 2026-10-01, Claude; proposed for owner review in PR)"
IC-96046,lat_lon,"39.704541,-77.726381",2026-10-01,"TOMU, INC.: rooftop confirmed on satellite review; current pin (geocode:geocodio) sits on the plant building (hud_modular satellite pin review 2026-10-01, Claude; proposed for owner review in PR)"
IC-94764,lat_lon,"43.192573,-85.266936",2026-10-01,"Great Lakes Commercial Space LLC: rooftop confirmed on satellite review; current pin (geocode:geocodio) sits on the plant building (hud_modular satellite pin review 2026-10-01, Claude; proposed for owner review in PR)"
IC-93815,lat_lon,"42.549135,-83.046154",2026-10-01,"Leisure Health Systems LLC - Little Housing Systems: rooftop confirmed on satellite review; current pin (geocode:geocodio) sits on the plant building (hud_modular satellite pin review 2026-10-01, Claude; proposed for owner review in PR)"
IC-59748,lat_lon,"44.958954,-95.737644",2026-10-01,"CAVCO-MONTEVIDEO: rooftop confirmed on satellite review; current pin (geocode:geocodio) sits on the plant building (hud_modular satellite pin review 2026-10-01, Claude; proposed for owner review in PR)"
IC-60120,lat_lon,"44.544732,-95.092363",2026-10-01,"CMH Manufacturing West Inc: rooftop confirmed on satellite review; current pin (geocode:geocodio) sits on the plant building (hud_modular satellite pin review 2026-10-01, Claude; proposed for owner review in PR)"
IC-60923,lat_lon,"43.635846,-95.611587",2026-10-01,"Highland MFG Champion Div #290: rooftop confirmed on satellite review; current pin (geocode:geocodio) sits on the plant building (hud_modular satellite pin review 2026-10-01, Claude; proposed for owner review in PR)"
IC-64376,lat_lon,"33.107523,-90.034304",2026-10-01,"Safeway Homes of Lexington, LLC: rooftop confirmed on satellite review; current pin (overture:place) sits on the plant building (hud_modular satellite pin review 2026-10-01, Claude; proposed for owner review in PR)"
IC-66902,lat_lon,"35.900000,-80.541000",2026-10-01,"CAMERON HOMES D/B/A SKYLINE CORPORATION: rooftop confirmed on satellite review; current pin (epa_frs) sits on the plant building (hud_modular satellite pin review 2026-10-01, Claude; proposed for owner review in PR)"
IC-66872,lat_lon,"34.857264,-79.705069",2026-10-01,"CAVCO Industries - Hamlet: rooftop confirmed on satellite review; current pin (geocode:geocodio) sits on the plant building (hud_modular satellite pin review 2026-10-01, Claude; proposed for owner review in PR)"
IC-66260,lat_lon,"35.462502,-80.252950",2026-10-01,"Clayton Richfield: rooftop confirmed on satellite review; current pin (geocode:geocodio) sits on the plant building (hud_modular satellite pin review 2026-10-01, Claude; proposed for owner review in PR)"
IC-64948,lat_lon,"34.612011,-79.127054",2026-10-01,"FLEETWOOD HOMES OF NORTH CAROLINA INC #46: rooftop confirmed on satellite review; current pin (geocode:geocodio) sits on the plant building (hud_modular satellite pin review 2026-10-01, Claude; proposed for owner review in PR)"
IC-64916,lat_lon,"35.556495,-80.402117",2026-10-01,"SCHULT HOMES ROCKWELL #957: rooftop confirmed on satellite review; current pin (geocode:geocodio) sits on the plant building (hud_modular satellite pin review 2026-10-01, Claude; proposed for owner review in PR)"
IC-68177,lat_lon,"40.896348,-97.588752",2026-10-01,"CHAMPION HOME BUILDERS, INC: rooftop confirmed on satellite review; current pin (geocode:geocodio) sits on the plant building (hud_modular satellite pin review 2026-10-01, Claude; proposed for owner review in PR)"
IC-70056,lat_lon,"32.266966,-107.701871",2026-10-01,"DEMING MANUFACTURED HOMES: rooftop confirmed on satellite review; current pin (internal:exact-site-rooftop-crossmatch) sits on the plant building (hud_modular satellite pin review 2026-10-01, Claude; proposed for owner review in PR)"
IC-94772,lat_lon,"39.069682,-83.017085",2026-10-01,"Imperial Structures, LLC: rooftop confirmed on satellite review; current pin (geocode:geocodio) sits on the plant building (hud_modular satellite pin review 2026-10-01, Claude; proposed for owner review in PR)"
IC-94989,lat_lon,"34.115911,-96.772302",2026-10-01,"NEW VISION MANUFACTURING LLC: rooftop confirmed on satellite review; current pin (overture:place) sits on the plant building (hud_modular satellite pin review 2026-10-01, Claude; proposed for owner review in PR)"
IC-74064,lat_lon,"44.685392,-123.055662",2026-10-01,"Cavco - Palm Harbor homes: rooftop confirmed on satellite review; current pin (geocode:geocodio) sits on the plant building (hud_modular satellite pin review 2026-10-01, Claude; proposed for owner review in PR)"
IC-74049,lat_lon,"45.158173,-122.834949",2026-10-01,"FLEETWOOD HOMES INC #210: rooftop confirmed on satellite review; current pin (geocode:geocodio) sits on the plant building (hud_modular satellite pin review 2026-10-01, Claude; proposed for owner review in PR)"
IC-74063,lat_lon,"44.619394,-123.110785",2026-10-01,"GOLDEN WEST HOMES ALBANY #972: rooftop confirmed on satellite review; current pin (geocode:geocodio) sits on the plant building (hud_modular satellite pin review 2026-10-01, Claude; proposed for owner review in PR)"
IC-93936,lat_lon,"45.542927,-122.716300",2026-10-01,"LIT HOMES INC: rooftop confirmed on satellite review; current pin (geocode:geocodio) sits on the plant building (hud_modular satellite pin review 2026-10-01, Claude; proposed for owner review in PR)"
IC-74967,lat_lon,"44.823489,-122.863404",2026-10-01,"MODERN BUILDING SYSTEMS LLC: rooftop confirmed on satellite review; current pin (geocode:geocodio) sits on the plant building (hud_modular satellite pin review 2026-10-01, Claude; proposed for owner review in PR)"
IC-74360,lat_lon,"45.614711,-122.770275",2026-10-01,"MODS PDX INC.: rooftop confirmed on satellite review; current pin (geocode:geocodio) sits on the plant building (hud_modular satellite pin review 2026-10-01, Claude; proposed for owner review in PR)"
IC-74053,lat_lon,"45.192371,-123.203423",2026-10-01,"SKYLINE HOMES/HOMETTE: rooftop confirmed on satellite review; current pin (geocode:geocodio) sits on the plant building (hud_modular satellite pin review 2026-10-01, Claude; proposed for owner review in PR)"
IC-75771,lat_lon,"40.081736,-76.188497",2026-10-01,"BECK INS LTD PARTNER/LEOLA PLT: rooftop confirmed on satellite review; current pin (geocode:geocodio) sits on the plant building (hud_modular satellite pin review 2026-10-01, Claude; proposed for owner review in PR)"
IC-75686,lat_lon,"40.204915,-76.157879",2026-10-01,"Champion Home Builders, Inc.: rooftop confirmed on satellite review; current pin (geocode:geocodio) sits on the plant building (hud_modular satellite pin review 2026-10-01, Claude; proposed for owner review in PR)"
IC-76205,lat_lon,"40.083358,-76.190939",2026-10-01,"Champion Home Builders, Inc.: rooftop confirmed on satellite review; current pin (geocode:geocodio) sits on the plant building (hud_modular satellite pin review 2026-10-01, Claude; proposed for owner review in PR)"
IC-76596,lat_lon,"40.284571,-78.460217",2026-10-01,"Champion Home Builders, Inc.: rooftop confirmed on satellite review; current pin (internal:exact-site-rooftop-crossmatch) sits on the plant building (hud_modular satellite pin review 2026-10-01, Claude; proposed for owner review in PR)"
IC-76032,lat_lon,"40.573585,-77.619184",2026-10-01,"CMH Manufacturing, Inc.: rooftop confirmed on satellite review; current pin (geocode:geocodio) sits on the plant building (hud_modular satellite pin review 2026-10-01, Claude; proposed for owner review in PR)"
IC-75705,lat_lon,"41.231571,-79.429857",2026-10-01,"Colony Factory Crafted Homes: rooftop confirmed on satellite review; current pin (geocode:geocodio) sits on the plant building (hud_modular satellite pin review 2026-10-01, Claude; proposed for owner review in PR)"
IC-75600,lat_lon,"41.236956,-79.427306",2026-10-01,"Commodore Homes, LLC: rooftop confirmed on satellite review; current pin (geocode:geocodio) sits on the plant building (hud_modular satellite pin review 2026-10-01, Claude; proposed for owner review in PR)"
IC-93505,lat_lon,"40.089811,-76.135551",2026-10-01,"Eagle River Homes, LLC: rooftop confirmed on satellite review; current pin (geocode:geocodio) sits on the plant building (hud_modular satellite pin review 2026-10-01, Claude; proposed for owner review in PR)"
IC-75892,lat_lon,"40.193922,-76.171976",2026-10-01,"HOMETTE CORP/SKYLINE HOMES EPHRATA: rooftop confirmed on satellite review; current pin (geocode:geocodio) sits on the plant building (hud_modular satellite pin review 2026-10-01, Claude; proposed for owner review in PR)"
IC-94098,lat_lon,"36.260013,-88.661685",2026-10-01,"CHAMPION HOME BUILDERS INC: rooftop confirmed on satellite review; current pin (geocode:geocodio) sits on the plant building (hud_modular satellite pin review 2026-10-01, Claude; proposed for owner review in PR)"
IC-82089,lat_lon,"36.180556,-84.050427",2026-10-01,"Clayton Homes Appalachia: rooftop confirmed on satellite review; current pin (overture:place) sits on the plant building (hud_modular satellite pin review 2026-10-01, Claude; proposed for owner review in PR)"
IC-83356,lat_lon,"36.296840,-83.481508",2026-10-01,"CLAYTON RUTLEDGE: rooftop confirmed on satellite review; current pin (geocode:geocodio) sits on the plant building (hud_modular satellite pin review 2026-10-01, Claude; proposed for owner review in PR)"
IC-95265,lat_lon,"36.068442,-83.929939",2026-10-01,"TRU Halls: rooftop confirmed on satellite review; current pin (geocode:geocodio) sits on the plant building (hud_modular satellite pin review 2026-10-01, Claude; proposed for owner review in PR)"
IC-82932,lat_lon,"36.102458,-83.274757",2026-10-01,"TRU WHITE PINE: rooftop confirmed on satellite review; current pin (geocode:geocodio) sits on the plant building (hud_modular satellite pin review 2026-10-01, Claude; proposed for owner review in PR)"
IC-83766,lat_lon,"32.902678,-97.332761",2026-10-01,"1012007 SE OF TEXAS: rooftop confirmed on satellite review; current pin (geocode:geocodio) sits on the plant building (hud_modular satellite pin review 2026-10-01, Claude; proposed for owner review in PR)"
IC-93790,lat_lon,"31.081857,-97.467785",2026-10-01,"997 Clayton Tru Belton: rooftop confirmed on satellite review; current pin (geocode:geocodio) sits on the plant building (hud_modular satellite pin review 2026-10-01, Claude; proposed for owner review in PR)"
IC-83935,lat_lon,"29.594042,-97.998991",2026-10-01,"CAVCO: rooftop confirmed on satellite review; current pin (geocode:geocodio) sits on the plant building (hud_modular satellite pin review 2026-10-01, Claude; proposed for owner review in PR)"
IC-83775,lat_lon,"31.603375,-97.121311",2026-10-01,"Cavco - Waco: rooftop confirmed on satellite review; current pin (geocode:geocodio) sits on the plant building (hud_modular satellite pin review 2026-10-01, Claude; proposed for owner review in PR)"
IC-84342,lat_lon,"32.861857,-97.418738",2026-10-01,"CAVCO FORT WORTH: rooftop confirmed on satellite review; current pin (geocode:geocodio) sits on the plant building (hud_modular satellite pin review 2026-10-01, Claude; proposed for owner review in PR)"
IC-83745,lat_lon,"32.192757,-95.911818",2026-10-01,"CHAMPION HOME BUILDERS INC: rooftop confirmed on satellite review; current pin (geocode:geocodio) sits on the plant building (hud_modular satellite pin review 2026-10-01, Claude; proposed for owner review in PR)"
IC-83751,lat_lon,"32.534296,-97.310469",2026-10-01,"CHAMPION HOME BUILDERS INC: rooftop confirmed on satellite review; current pin (geocode:geocodio) sits on the plant building (hud_modular satellite pin review 2026-10-01, Claude; proposed for owner review in PR)"
IC-95278,lat_lon,"29.865635,-95.128537",2026-10-01,"CHAMPION INTEGRATED BUILDING SOLUTIONS: rooftop confirmed on satellite review; current pin (geocode:geocodio) sits on the plant building (hud_modular satellite pin review 2026-10-01, Claude; proposed for owner review in PR)"
IC-86448,lat_lon,"32.192186,-95.914835",2026-10-01,"CLAYTON ATHENS: rooftop confirmed on satellite review; current pin (geocode:geocodio) sits on the plant building (hud_modular satellite pin review 2026-10-01, Claude; proposed for owner review in PR)"
IC-83778,lat_lon,"31.500749,-97.188419",2026-10-01,"CLAYTON WACO 1: rooftop confirmed on satellite review; current pin (internal:unique-name-rooftop-crossmatch) sits on the plant building (hud_modular satellite pin review 2026-10-01, Claude; proposed for owner review in PR)"
IC-83779,lat_lon,"31.500940,-97.191992",2026-10-01,"CLAYTON WACO 2: rooftop confirmed on satellite review; current pin (geocode:geocodio) sits on the plant building (hud_modular satellite pin review 2026-10-01, Claude; proposed for owner review in PR)"
IC-83781,lat_lon,"31.503397,-97.180988",2026-10-01,"JESSUP HOUSING PLANT #1: rooftop confirmed on satellite review; current pin (geocode:geocodio) sits on the plant building (hud_modular satellite pin review 2026-10-01, Claude; proposed for owner review in PR)"
IC-83774,lat_lon,"31.498005,-97.189194",2026-10-01,"JESSUP HOUSING PLANT #2: rooftop confirmed on satellite review; current pin (geocode:geocodio) sits on the plant building (hud_modular satellite pin review 2026-10-01, Claude; proposed for owner review in PR)"
IC-86065,lat_lon,"32.829707,-97.322553",2026-10-01,"LEGACY HOUSING CORPORATION: rooftop confirmed on satellite review; current pin (geocode:geocodio) sits on the plant building (hud_modular satellite pin review 2026-10-01, Claude; proposed for owner review in PR)"
IC-86407,lat_lon,"33.255556,-95.884391",2026-10-01,"LEGACY HOUSING CORPORATION - COMMERCE: rooftop confirmed on satellite review; current pin (geocode:geocodio) sits on the plant building (hud_modular satellite pin review 2026-10-01, Claude; proposed for owner review in PR)"
IC-94990,lat_lon,"32.692129,-97.237132",2026-10-01,"OAK CREEK HOMES LLC: rooftop confirmed on satellite review; current pin (overture:place) sits on the plant building (hud_modular satellite pin review 2026-10-01, Claude; proposed for owner review in PR)"
IC-83770,lat_lon,"33.118344,-98.573757",2026-10-01,"TOWN & COUNTRY HOMES PLANT 3- DIV  OF CAVALIER MFG: rooftop confirmed on satellite review; current pin (geocode:geocodio) sits on the plant building (hud_modular satellite pin review 2026-10-01, Claude; proposed for owner review in PR)"
IC-87874,lat_lon,"37.010812,-79.886204",2026-10-01,"Cavco - Rocky Mount: rooftop confirmed on satellite review; current pin (geocode:geocodio) sits on the plant building (hud_modular satellite pin review 2026-10-01, Claude; proposed for owner review in PR)"
IC-89472,lat_lon,"43.576962,-73.265195",2026-10-01,"SKYLINE HOMES: rooftop confirmed on satellite review; current pin (geocode:geocodio) sits on the plant building (hud_modular satellite pin review 2026-10-01, Claude; proposed for owner review in PR)"
IC-90352,lat_lon,"46.310366,-120.016580",2026-10-01,"VALLEY MANUFACTURED HOUSING: rooftop confirmed on satellite review; current pin (geocode:geocodio) sits on the plant building (hud_modular satellite pin review 2026-10-01, Claude; proposed for owner review in PR)"
IC-93808,lat_lon,"42.860460,-90.697910",2026-10-01,"CHAMPION HOME BUILDERS INC: rooftop confirmed on satellite review; current pin (epa_frs) sits on the plant building (hud_modular satellite pin review 2026-10-01, Claude; proposed for owner review in PR)"
IC-92417,lat_lon,"42.892232,-106.493336",2026-10-01,"TETON BUILDINGS LLC: rooftop confirmed on satellite review; current pin (geocode:geocodio) sits on the plant building (hud_modular satellite pin review 2026-10-01, Claude; proposed for owner review in PR)"
IC-00561,existence_flag,not_ic,2026-10-01,"HB & G: makes fiberglass/PVC porch columns and millwork, not off-site construction (components satellite pin review 2026-10-01, Claude; proposed for owner review in PR)"
IC-06124,lat_lon,"31.179383,-85.396911",2026-10-01,"SmartLam - AL: pin moved onto the plant roof (medium confidence) - SmartLam AL Dothan - pin on road/lot; plant not visible | SmartLam East Hub CLT+glulam 370k sf (components satellite pin review 2026-10-01, Claude; proposed for owner review in PR)"
IC-09320,lat_lon,"35.045618,-92.423451",2026-10-01,"Mercer: rooftop confirmed on satellite review; current pin (geocode:geocodio) sits on the plant building (components satellite pin review 2026-10-01, Claude; proposed for owner review in PR)"
IC-50700,lat_lon,"41.616058,-87.636830",2026-10-01,"Sterling Structural: pin moved onto the plant roof (medium confidence) - Sterling Structural Phoenix IL - CLT mats; pin in yard | CLT mostly TerraLam access mats (components satellite pin review 2026-10-01, Claude; proposed for owner review in PR)"
IC-95198,lat_lon,"42.235120,-96.995669",2026-10-01,"Timberlyne: rooftop confirmed on satellite review; current pin (geocode:geocodio) sits on the plant building (components satellite pin review 2026-10-01, Claude; proposed for owner review in PR)"
IC-94890,lat_lon,"45.578154,-122.648894",2026-10-01,"Timberlab: rooftop confirmed on satellite review; current pin (geocode:geocodio) sits on the plant building (components satellite pin review 2026-10-01, Claude; proposed for owner review in PR)"
IC-94891,lat_lon,"34.741082,-82.408128",2026-10-01,"TimberLab: rooftop confirmed on satellite review; current pin (geocode:geocodio) sits on the plant building (components satellite pin review 2026-10-01, Claude; proposed for owner review in PR)"
IC-94885,lat_lon,"47.690451,-117.147662",2026-10-01,"Mercer: rooftop confirmed on satellite review; current pin (geocode:geocodio) sits on the plant building (components satellite pin review 2026-10-01, Claude; proposed for owner review in PR)"
IC-95307,lat_lon,"47.690451,-117.147662",2026-10-01,"Mercer Mass Timber - WA: rooftop confirmed on satellite review; current pin (geocode:geocodio) sits on the plant building (components satellite pin review 2026-10-01, Claude; proposed for owner review in PR)"
IC-95310,lat_lon,"48.554298,-117.922568",2026-10-01,"Vaagen Timbers: rooftop confirmed on satellite review; current pin (geocode:geocodio) sits on the plant building (components satellite pin review 2026-10-01, Claude; proposed for owner review in PR)"
IC-91675,lat_lon,"44.990866,-91.729999",2026-10-01,"TIMBER TECHNOLOGIES, LLC: rooftop confirmed on satellite review; current pin (geocode:geocodio) sits on the plant building (components satellite pin review 2026-10-01, Claude; proposed for owner review in PR)"
IC-94945,lat_lon,"34.045015,-118.027844",2026-10-01,"SALLY PODS USA INC.: rooftop confirmed on satellite review; current pin (overture:place) sits on the plant building (components satellite pin review 2026-10-01, Claude; proposed for owner review in PR)"
IC-94822,lat_lon,"39.606580,-86.064982",2026-10-01,"Poynter Prefabrication Solutions: pin moved onto the plant roof (medium confidence) - Poynter Prefab Greenwood IN - parking lot; plant E | Poynter bathroom pods 154k sf (components satellite pin review 2026-10-01, Claude; proposed for owner review in PR)"
IC-94497,lat_lon,"36.083722,-115.190474",2026-10-01,"KITCHEN PODULAR: rooftop confirmed on satellite review; current pin (geocode:geocodio) sits on the plant building (components satellite pin review 2026-10-01, Claude; proposed for owner review in PR)"
IC-93504,lat_lon,"40.286438,-75.246346",2026-10-01,"Durapods LLC: rooftop confirmed on satellite review; current pin (overture:place) sits on the plant building (components satellite pin review 2026-10-01, Claude; proposed for owner review in PR)"
IC-95312,lat_lon,"40.228492,-75.231337",2026-10-01,"PDM Constructors: rooftop confirmed on satellite review; current pin (overture:place) sits on the plant building (components satellite pin review 2026-10-01, Claude; proposed for owner review in PR)"
IC-95314,lat_lon,"44.071046,-103.174993",2026-10-01,"B&T Manufacturing: rooftop confirmed on satellite review; current pin (geocode:geocodio) sits on the plant building (components satellite pin review 2026-10-01, Claude; proposed for owner review in PR)"
IC-95317,lat_lon,"29.734290,-95.318946",2026-10-01,"Bathsystem USA: rooftop confirmed on satellite review; current pin (geocode:geocodio) sits on the plant building (components satellite pin review 2026-10-01, Claude; proposed for owner review in PR)"
IC-94519,lat_lon,"30.596153,-98.273906",2026-10-01,"Restroom Facilities LTD: pin moved onto the plant roof (medium confidence) - Restroom Facilities Marble Falls - pin by plant | CorWorth prefab restroom buildings (not pods) (components satellite pin review 2026-10-01, Claude; proposed for owner review in PR)"
IC-94527,lat_lon,"33.443904,-112.370025",2026-10-01,"VOLTARIS POWER LLC: rooftop confirmed on satellite review; current pin (geocode:geocodio) sits on the plant building (components satellite pin review 2026-10-01, Claude; proposed for owner review in PR)"
IC-13233,lat_lon,"34.006132,-117.913776",2026-10-01,"COMMERCIAL COOLING: rooftop confirmed on satellite review; current pin (geocode:geocodio) sits on the plant building (components satellite pin review 2026-10-01, Claude; proposed for owner review in PR)"
IC-93828,existence_flag,not_ic,2026-10-01,"SYSTEMS Equipment Corp: makes asphalt-plant controls and equipment, not off-site construction (components satellite pin review 2026-10-01, Claude; proposed for owner review in PR)"
IC-94197,existence_flag,not_ic,2026-10-01,"CORKY WELLS ELECTRIC INC. DBA CW SERVICES: electrical contractor / service company, not a building-component plant (components satellite pin review 2026-10-01, Claude; proposed for owner review in PR)"
IC-94865,lat_lon,"42.885002,-83.627953",2026-10-01,"TMI Custom Air Systems: rooftop confirmed on satellite review; current pin (geocode:geocodio) sits on the plant building (components satellite pin review 2026-10-01, Claude; proposed for owner review in PR)"
IC-93602,lat_lon,"36.172344,-95.972698",2026-10-01,"Ventaire LLC dba Sagebrush Building Systems: rooftop confirmed on satellite review; current pin (geocode:geocodio) sits on the plant building (components satellite pin review 2026-10-01, Claude; proposed for owner review in PR)"
IC-93930,existence_flag,not_ic,2026-10-01,"OLSSON INDUSTRIAL ELECTRIC INC: industrial electrical contractor, not a building-component plant (components satellite pin review 2026-10-01, Claude; proposed for owner review in PR)"
IC-93928,existence_flag,not_ic,2026-10-01,"ORENCO SYSTEMS INC: makes wastewater treatment products, not off-site construction (components satellite pin review 2026-10-01, Claude; proposed for owner review in PR)"
IC-93943,lat_lon,"29.855111,-95.562601",2026-10-01,"Siemens Industry, Inc.: rooftop confirmed on satellite review; current pin (geocode:geocodio) sits on the plant building (components satellite pin review 2026-10-01, Claude; proposed for owner review in PR)"
IC-93945,lat_lon,"39.578780,-110.785880",2026-10-01,"INTERMOUNTAIN ELECTRONICS: pin moved onto the plant roof (medium confidence) - Intermountain Electronics Price UT - pin at roof edge | E-houses/power distribution (components satellite pin review 2026-10-01, Claude; proposed for owner review in PR)"
IC-93588,lat_lon,"40.633256,-112.001362",2026-10-01,"QUALITY ELECTRICAL SYSTEMS, INC.: rooftop confirmed on satellite review; current pin (internal:unique-name-rooftop-crossmatch) sits on the plant building (components satellite pin review 2026-10-01, Claude; proposed for owner review in PR)"
IC-95172,lat_lon,"45.649020,-122.558702",2026-10-01,"MSM SOLUTIONS INC DBA K-4 ELECTRICAL AND CONTROLS SOLUTIONS INC: rooftop confirmed on satellite review; current pin (geocode:geocodio) sits on the plant building (components satellite pin review 2026-10-01, Claude; proposed for owner review in PR)"
IC-95702,lat_lon,"34.517062,-85.649893",2026-10-01,"Vulcraft: pin moved onto the plant roof (medium confidence) - Vulcraft Fort Payne - pin on parking lot; joist plant | Vulcraft joists/deck (components satellite pin review 2026-10-01, Claude; proposed for owner review in PR)"
IC-95424,lat_lon,"32.481770,-111.252671",2026-10-01,"Parsons Steel Builders - Marana Location: pin moved onto the plant roof (medium confidence) - Parsons Steel Builders Marana - pin on lot/field | structural steel fab (components satellite pin review 2026-10-01, Claude; proposed for owner review in PR)"
IC-95415,lat_lon,"41.848884,-72.706349",2026-10-01,"Engineered Building Products, Inc.: rooftop confirmed on satellite review; current pin (geocode:geocodio) sits on the plant building (components satellite pin review 2026-10-01, Claude; proposed for owner review in PR)"
IC-95300,lat_lon,"28.618690,-81.430250",2026-10-01,"Banker Steel Co., South: pin moved onto the plant roof (medium confidence) - Banker Steel South Orlando - steel fab; pin at plant edge | structural steel fab (LoopNet listing - check) (components satellite pin review 2026-10-01, Claude; proposed for owner review in PR)"
IC-95422,lat_lon,"25.814522,-80.255273",2026-10-01,"Paradise Architectural Panels & Steel: rooftop confirmed on satellite review; current pin (geocode:geocodio) sits on the plant building (components satellite pin review 2026-10-01, Claude; proposed for owner review in PR)"
IC-95413,lat_lon,"42.434772,-90.831676",2026-10-01,"Design Build Structures: pin moved onto the plant roof (medium confidence) - Design Build Structures Peosta IA - field; plant SW | structural steel fab (components satellite pin review 2026-10-01, Claude; proposed for owner review in PR)"
IC-95410,lat_lon,"41.752173,-87.680748",2026-10-01,"Arcorp Structures, LLC: rooftop confirmed on satellite review; current pin (geocode:geocodio) sits on the plant building (components satellite pin review 2026-10-01, Claude; proposed for owner review in PR)"
IC-95416,lat_lon,"38.645094,-88.944097",2026-10-01,"ESI Structural Innovations: rooftop confirmed on satellite review; current pin (ic_directories) sits on the plant building (components satellite pin review 2026-10-01, Claude; proposed for owner review in PR)"
IC-95426,lat_lon,"29.970552,-90.142548",2026-10-01,"RNGD PREFAB, LLC: rooftop confirmed on satellite review; current pin (overture:place) sits on the plant building (components satellite pin review 2026-10-01, Claude; proposed for owner review in PR)"
IC-95299,lat_lon,"40.580306,-74.439032",2026-10-01,"Bankersteel - South Plainfield: rooftop confirmed on satellite review; current pin (geocode:geocodio) sits on the plant building (components satellite pin review 2026-10-01, Claude; proposed for owner review in PR)"
IC-95297,lat_lon,"37.391456,-79.162907",2026-10-01,"Bankersteel - Lynchburg (Main plant 1619 Wythe Road): rooftop confirmed on satellite review; current pin (geocode:geocodio) sits on the plant building (components satellite pin review 2026-10-01, Claude; proposed for owner review in PR)"
IC-13745,lat_lon,"33.869280,-118.299770",2026-10-01,"Cover Technologies Inc.: pin moved onto the plant roof (medium confidence) - Cover Technologies Gardena - pin on street | Cover - panelized steel prefab homes/ADUs 80k sf (components satellite pin review 2026-10-01, Claude; proposed for owner review in PR)"
IC-53713,lat_lon,"38.212951,-85.821557",2026-10-01,"MPE Solutions dba Enerpan: rooftop confirmed on satellite review; current pin (geocode:geocodio) sits on the plant building (components satellite pin review 2026-10-01, Claude; proposed for owner review in PR)"
IC-55116,lat_lon,"38.039963,-85.678967",2026-10-01,"Tri-State Cold-Formed Steel Components: rooftop confirmed on satellite review; current pin (geocode:geocodio) sits on the plant building (components satellite pin review 2026-10-01, Claude; proposed for owner review in PR)"
IC-95884,lat_lon,"41.697089,-71.126640",2026-10-01,"BISZKO BUILDING SYSTEMS: rooftop confirmed on satellite review; current pin (geocode:geocodio) sits on the plant building (components satellite pin review 2026-10-01, Claude; proposed for owner review in PR)"
IC-63430,lat_lon,"38.808670,-90.551472",2026-10-01,"EISEN GROUP PANEL SYSTEM: pin moved onto the plant roof (medium confidence) - Eisen Group St Charles MO - pin in truck lot; plant E | CFS wall/floor panels + trusses (components satellite pin review 2026-10-01, Claude; proposed for owner review in PR)"
IC-95177,lat_lon,"40.740208,-82.779807",2026-10-01,"Urban Industries, Inc.: pin moved onto the plant roof (medium confidence) - Urban Industries Galion OH - pin on road; plant E | SIPs, patio covers, bulk bags (marginal) (components satellite pin review 2026-10-01, Claude; proposed for owner review in PR)"
IC-95305,lat_lon,"32.953893,-96.703566",2026-10-01,"Baker Triangle Prefab: rooftop confirmed on satellite review; current pin (geocode:geocodio) sits on the plant building (components satellite pin review 2026-10-01, Claude; proposed for owner review in PR)"
IC-87692,lat_lon,"40.581012,-112.024346",2026-10-01,"ENGINEERED WALL SYSTEMS LLC: rooftop confirmed on satellite review; current pin (geocode:geocodio) sits on the plant building (components satellite pin review 2026-10-01, Claude; proposed for owner review in PR)"
IC-94925,lat_lon,"33.955480,-118.196350",2026-10-01,"Mid-Rise Modular: rooftop confirmed on satellite review; current pin (overture:place) sits on the plant building (components satellite pin review 2026-10-01, Claude; proposed for owner review in PR)"
IC-10675,lat_lon,"33.823811,-117.231567",2026-10-01,"Silver Creek Modular, LLC: rooftop confirmed on satellite review; current pin (geocode:geocodio) sits on the plant building (components satellite pin review 2026-10-01, Claude; proposed for owner review in PR)"
IC-95220,lat_lon,"33.980050,-84.168635",2026-10-01,"Forge CFS Components: rooftop confirmed on satellite review; current pin (geocode:geocodio) sits on the plant building (components satellite pin review 2026-10-01, Claude; proposed for owner review in PR)"
IC-76241,existence_flag,not_ic,2026-10-01,"TATE ACCESS FLOORS, INC.: makes raised access floors, not off-site construction (components satellite pin review 2026-10-01, Claude; proposed for owner review in PR)"
IC-93563,lat_lon,"44.892429,-97.148765",2026-10-01,"NORTHSTAR SYSTEMBUILT: rooftop confirmed on satellite review; current pin (geocode:geocodio) sits on the plant building (components satellite pin review 2026-10-01, Claude; proposed for owner review in PR)"
IC-95470,lat_lon,"31.812517,-86.645271",2026-10-01,"Steelfast Framing Systems: rooftop confirmed on satellite review; current pin (geocode:geocodio) sits on the plant building (components satellite pin review 2026-10-01, Claude; proposed for owner review in PR)"
IC-94211,existence_flag,not_ic,2026-10-01,"GTI ENERGY LLC: makes battery-storage (BESS) steel enclosures, not buildings (components satellite pin review 2026-10-01, Claude; proposed for owner review in PR)"
IC-95490,lat_lon,"34.411323,-118.506922",2026-10-01,"E.D. Hansen Structures, Inc.: rooftop confirmed on satellite review; current pin (geocode:geocodio) sits on the plant building (components satellite pin review 2026-10-01, Claude; proposed for owner review in PR)"
IC-10411,lat_lon,"34.002495,-117.342992",2026-10-01,"Frametek Steel Products: rooftop confirmed on satellite review; current pin (geocode:geocodio) sits on the plant building (components satellite pin review 2026-10-01, Claude; proposed for owner review in PR)"
IC-15130,lat_lon,"34.041763,-117.730411",2026-10-01,"Trussworks International: rooftop confirmed on satellite review; current pin (geocode:geocodio) sits on the plant building (components satellite pin review 2026-10-01, Claude; proposed for owner review in PR)"
IC-96033,lat_lon,"30.752858,-87.041736",2026-10-01,"BLACKWATER TRUSS SYSTEM LLC.: rooftop confirmed on satellite review; current pin (geocode:geocodio) sits on the plant building (components satellite pin review 2026-10-01, Claude; proposed for owner review in PR)"
IC-96621,lat_lon,"28.807345,-81.310992",2026-10-01,"Orlando Steel Framing Company LLC: rooftop confirmed on satellite review; current pin (geocode:geocodio) sits on the plant building (components satellite pin review 2026-10-01, Claude; proposed for owner review in PR)"
IC-22946,existence_flag,not_ic,2026-10-01,"CATERPILLAR (NEWBERRY) LLC: Caterpillar machinery plant, not off-site construction (components satellite pin review 2026-10-01, Claude; proposed for owner review in PR)"
IC-95219,lat_lon,"33.617530,-83.845509",2026-10-01,"Contract Building Components: rooftop confirmed on satellite review; current pin (geocode:geocodio) sits on the plant building (components satellite pin review 2026-10-01, Claude; proposed for owner review in PR)"
IC-95222,lat_lon,"30.862803,-84.236313",2026-10-01,"United Structures of Georgia: rooftop confirmed on satellite review; current pin (geocode:geocodio) sits on the plant building (components satellite pin review 2026-10-01, Claude; proposed for owner review in PR)"
IC-51408,lat_lon,"41.606801,-87.314024",2026-10-01,"MRI Steel Framing, LLC: rooftop confirmed on satellite review; current pin (geocode:geocodio) sits on the plant building (components satellite pin review 2026-10-01, Claude; proposed for owner review in PR)"
IC-95494,existence_flag,not_ic,2026-10-01,"Grid Structures: makes utility poles, not building components (components satellite pin review 2026-10-01, Claude; proposed for owner review in PR)"
IC-94562,existence_flag,not_ic,2026-10-01,"AAR MOBILITY SYSTEMS (N6420): makes military shelters/containers and pallets for AAR Mobility Systems, not buildings (components satellite pin review 2026-10-01, Claude; proposed for owner review in PR)"
IC-93866,lat_lon,"43.022117,-85.770068",2026-10-01,"Immersive Structural Technologies: rooftop confirmed on satellite review; current pin (geocode:geocodio) sits on the plant building (components satellite pin review 2026-10-01, Claude; proposed for owner review in PR)"
IC-61153,lat_lon,"45.828266,-94.294994",2026-10-01,"93072 - SBC BUILDING SYSTEMS LLC: rooftop confirmed on satellite review; current pin (geocode:geocodio) sits on the plant building (components satellite pin review 2026-10-01, Claude; proposed for owner review in PR)"
IC-63518,lat_lon,"38.831443,-91.033608",2026-10-01,"ENGINEERED STEEL PRODUCTS, LLC: pin moved onto the plant roof (medium confidence) - Engineered Steel Products Wright City MO - pin in yard | CFS roof trusses (components satellite pin review 2026-10-01, Claude; proposed for owner review in PR)"
IC-64232,lat_lon,"32.360977,-88.741742",2026-10-01,"Clearspan Components: rooftop confirmed on satellite review; current pin (geocode:geocodio) sits on the plant building (components satellite pin review 2026-10-01, Claude; proposed for owner review in PR)"
IC-96129,lat_lon,"31.264774,-89.261037",2026-10-01,"SUPER STUD SOUTH BUILDING PRODUCTS: rooftop confirmed on satellite review; current pin (geocode:geocodio) sits on the plant building (components satellite pin review 2026-10-01, Claude; proposed for owner review in PR)"
IC-95460,lat_lon,"36.016975,-76.561398",2026-10-01,"Aegis Metal Framing, a division of MiTek USA, Inc.: rooftop confirmed on satellite review; current pin (geocode:geocodio) sits on the plant building (components satellite pin review 2026-10-01, Claude; proposed for owner review in PR)"
IC-95230,lat_lon,"35.749170,-80.792359",2026-10-01,"Contract Building Components: rooftop confirmed on satellite review; current pin (geocode:geocodio) sits on the plant building (components satellite pin review 2026-10-01, Claude; proposed for owner review in PR)"
IC-69679,lat_lon,"40.515646,-74.350957",2026-10-01,"Steel Building Components, LLC: rooftop confirmed on satellite review; current pin (geocode:geocodio) sits on the plant building (components satellite pin review 2026-10-01, Claude; proposed for owner review in PR)"
IC-72056,lat_lon,"43.232778,-77.391864",2026-10-01,"DURAFRAME SOLUTIONS LLC: rooftop confirmed on satellite review; current pin (geocode:geocodio) sits on the plant building (components satellite pin review 2026-10-01, Claude; proposed for owner review in PR)"
IC-73417,lat_lon,"41.406391,-81.625806",2026-10-01,"METAL FRAMING INDUSTRIES LLC: rooftop confirmed on satellite review; current pin (geocode:geocodio) sits on the plant building (components satellite pin review 2026-10-01, Claude; proposed for owner review in PR)"
IC-94134,lat_lon,"30.434831,-95.459182",2026-10-01,"M & M Coastal Manufacturing Inc - Plant 2: rooftop confirmed on satellite review; current pin (geocode:geocodio) sits on the plant building (components satellite pin review 2026-10-01, Claude; proposed for owner review in PR)"
IC-84912,existence_flag,not_ic,2026-10-01,"SPITZER INDUSTRIES INC.: makes process equipment (vessels/tanks), not building components (components satellite pin review 2026-10-01, Claude; proposed for owner review in PR)"
IC-87607,lat_lon,"41.728169,-112.180679",2026-10-01,"T & M MANUFACTURING, INC.: rooftop confirmed on satellite review; current pin (geocode:geocodio) sits on the plant building (components satellite pin review 2026-10-01, Claude; proposed for owner review in PR)"
IC-93458,existence_flag,not_ic,2026-10-01,"ACOUSTICAL SHEETMETAL CO.: HVAC and architectural sheet metal shop, not off-site construction (components satellite pin review 2026-10-01, Claude; proposed for owner review in PR)"
IC-91088,lat_lon,"44.269901,-88.495617",2026-10-01,"ABEL, LLC: rooftop confirmed on satellite review; current pin (geocode:geocodio) sits on the plant building (components satellite pin review 2026-10-01, Claude; proposed for owner review in PR)"
IC-91139,existence_flag,not_ic,2026-10-01,"GLOBAL POWER COMPONENTS - BURNHAM: makes power-generation components, not building components (components satellite pin review 2026-10-01, Claude; proposed for owner review in PR)"
IC-91157,lat_lon,"43.617550,-88.725540",2026-10-01,"KING MANUFACTURING CORPORATION: rooftop confirmed on satellite review; current pin (geocode:geocodio) sits on the plant building (components satellite pin review 2026-10-01, Claude; proposed for owner review in PR)"
IC-91353,lat_lon,"45.572800,-92.017000",2026-10-01,"Lakeland Company: rooftop confirmed on satellite review; current pin (epa_frs) sits on the plant building (components satellite pin review 2026-10-01, Claude; proposed for owner review in PR)"
IC-91317,existence_flag,not_ic,2026-10-01,"STEEL-CRAFT CORP. OF HARTFORD: contract metal job shop, not off-site construction (components satellite pin review 2026-10-01, Claude; proposed for owner review in PR)"
IC-91116,lat_lon,"44.528198,-88.097458",2026-10-01,"STRUCTURAL COMPONENTS CORPORATION: rooftop confirmed on satellite review; current pin (geocode:geocodio) sits on the plant building (components satellite pin review 2026-10-01, Claude; proposed for owner review in PR)"
IC-94903,existence_flag,not_ic,2026-10-01,"Blox, LLC: Birmingham Suite 100 is BLOX's office; BLOX says its manufacturing facility is in Bessemer (IC-93476). Sources: https://www.bloxbuilt.com/about; https://members.modular.org/manufacturerdirect/Details/blox-llc-1960695?rendermode=print (wood modular facility review 2026-10-01, satellite + identity research; proposed for owner review in PR)"
IC-94950,existence_flag,not_ic,2026-10-01,"Sunbelt Modular, Inc.: 3033 N Central Ave Third Floor, Phoenix is Sunbelt Modular's corporate office (office tower); plants are separate records. Sources: https://sunbeltmodular.com/wp-content/uploads/2026/03/Privacy-Policy-Sunbelt.pdf (wood modular facility review 2026-10-01, satellite + identity research; proposed for owner review in PR)"
IC-94946,existence_flag,not_ic,2026-10-01,"Sankyo Frontier USA Inc.: 100 Spectrum Centre Dr #900, Irvine is Sankyo Frontier's US sales office; manufacturing is overseas. Sources: https://sankyofrontier-global.com/contact-us/ (wood modular facility review 2026-10-01, satellite + identity research; proposed for owner review in PR)"
IC-94697,existence_flag,not_ic,2026-10-01,"Avon Modular LLC: 1074 S Florida Ave Suite 102, Lakeland is Avon Modular's contact office suite, not a plant. Sources: https://avonmodular.com/contact-us/ (wood modular facility review 2026-10-01, satellite + identity research; proposed for owner review in PR)"
IC-94872,existence_flag,not_ic,2026-10-01,"VESTA Modular: 1000 Town Center Suite 975, Southfield is VESTA's headquarters suite (VESTA now part of Mobile Modular), not a plant. Sources: https://www.linkedin.com/company/vesta-housing-solutions (wood modular facility review 2026-10-01, satellite + identity research; proposed for owner review in PR)"
IC-94941,existence_flag,not_ic,2026-10-01,"RISE Modular: 605 Hwy 169 N Suite 1025, Minneapolis is RISE's headquarters; RISE lists its manufacturing facility separately in Owatonna (IC-93593). Sources: https://risemodular.com/contact/ (wood modular facility review 2026-10-01, satellite + identity research; proposed for owner review in PR)"
IC-94954,existence_flag,not_ic,2026-10-01,"Volumetric Building Companies: 6128 Ridge Ave, Philadelphia is listed by VBC under office locations; its factories (Tracy, Berwick) are separate records. Sources: https://www.vbc.co/contact (wood modular facility review 2026-10-01, satellite + identity research; proposed for owner review in PR)"
IC-93952,existence_flag,not_ic,2026-10-01,"Method Homes: 95 Yesler Way Suite 300, Seattle is Method Homes' mail contact; Method says its manufacturing facility is in Ferndale (IC-94504). Sources: https://www.methodhomes.net/get-started; https://www.methodhomes.net/faq (wood modular facility review 2026-10-01, satellite + identity research; proposed for owner review in PR)"
IC-94249,existence_flag,not_ic,2026-10-01,"TATUMTEK MODULAR SYSTEMS: 8080 N Central Expy Suite 1700, Dallas is TatumTek's office per its own contact page. Sources: https://www.tatumtek.com/contact (wood modular facility review 2026-10-01, satellite + identity research; proposed for owner review in PR)"
IC-94935,existence_flag,not_ic,2026-10-01,"Palm Dreamscapes QOZB LLC dba Assembly OSM: 40 Exchange Place Suite 1110, NYC is Assembly OSM's corporate address (USPTO filing); Wall St high-rise, not a plant. Sources: https://tmng-al.uspto.gov/resting2/api/casedoc/cms/case/98926983/office-action/OfficeAction7516613.pdf (wood modular facility review 2026-10-01, satellite + identity research; proposed for owner review in PR)"
IC-94924,existence_flag,not_ic,2026-10-01,"Marengo Structures LLC: 873 Broadway Suite 502, Manhattan is Marengo Structures' office; it builds with shipping containers elsewhere. Sources: https://www.marengostructures.com/ (wood modular facility review 2026-10-01, satellite + identity research; proposed for owner review in PR)"
IC-94952,existence_flag,not_ic,2026-10-01,"URBA Enterprises, LLC: Wall Street high-rise is URBA's corporate address; URBA is a European precast-concrete prefabricator with no US plant shown here. Sources: https://www.urba.com/ (wood modular facility review 2026-10-01, satellite + identity research; proposed for owner review in PR)"
IC-94725,existence_flag,not_ic,2026-10-01,"Creative Modular Construction, LLC: 319 N Main Ave Suite 200, Springfield is Creative Modular Construction's contact office; its plant records are separate (IC-96155 et al.). Sources: https://www.cmcmod.com/products (wood modular facility review 2026-10-01, satellite + identity research; proposed for owner review in PR)"
IC-94781,existence_flag,not_ic,2026-10-01,"Lab Pro Inc.: Residential Centerville address; the IIBC registry places Lab-Pro's plant at 845 N Main St, Miamisburg (IC-93541). Sources: https://interstateibc.org/manufacturers/ (wood modular facility review 2026-10-01, satellite + identity research; proposed for owner review in PR)"
IC-94896,existence_flag,not_ic,2026-10-01,"Advanced Volumetric Alliance: Otsego office/storage address; AVA's construction facility is 6757 Karmen Ave NE, Albertville (IC-93460). Sources: https://build-at-ava.life/contact (wood modular facility review 2026-10-01, satellite + identity research; proposed for owner review in PR)"
IC-94947,existence_flag,not_ic,2026-10-01,"SI Container Builds: 1385 Green Bay Rd, Highland Park is a residential business address for SI Container Builds (SEC filing); not a plant. Sources: https://www.sec.gov/Archives/edgar/data/1855338/000185533826000002/form_car.pdf (wood modular facility review 2026-10-01, satellite + identity research; proposed for owner review in PR)"
IC-19407,existence_flag,not_ic,2026-10-01,"ROCKY MOUNTAIN WETZONE INC.: 51 Crystal Lane, Durango is a home-based Colorado sales representative for Polar Life Haus, whose factory is in Finland. Sources: https://www.polarlifehaus.com/contact/ (wood modular facility review 2026-10-01, satellite + identity research; proposed for owner review in PR)"
IC-93935,existence_flag,not_ic,2026-10-01,"LORENTZ BRUUN CO: Lorentz Bruun is a general contractor (design/build, construction management); Suite 300 office, no factory. Sources: https://www.bruunconstruction.com/ (wood modular facility review 2026-10-01, satellite + identity research; proposed for owner review in PR)"
IC-94138,existence_flag,not_ic,2026-10-01,"MMR CONSTRUCTORS INC: 15961 Airline Hwy, Baton Rouge is MMR Group headquarters; MMR is an electrical/instrumentation contractor. Sources: https://mmrgrp.com/locations (wood modular facility review 2026-10-01, satellite + identity research; proposed for owner review in PR)"
IC-94777,existence_flag,not_ic,2026-10-01,"Kiewit Western Co: 5000 Marsh Dr, Concord is a Kiewit Pacific correspondence address (CPUC service list); Kiewit is a general contractor. Sources: https://docs.cpuc.ca.gov/PublishedDocs/WORD_PDF/FINAL_DECISION/144161.PDF (wood modular facility review 2026-10-01, satellite + identity research; proposed for owner review in PR)"
IC-94225,existence_flag,not_ic,2026-10-01,"Mobile Modular Management Corp: Mobile Modular Pasadena TX is a leasing/sales branch with a unit-storage yard; no production shown. Sources: https://www.mobilemodular.com/location (wood modular facility review 2026-10-01, satellite + identity research; proposed for owner review in PR)"
IC-93049,existence_flag,not_ic,2026-10-01,"ModSpace-Orlando: ModSpace Orlando (Zell Dr) was a modular-space leasing branch (GE Modular Space -> ModSpace -> WillScot); depot, not a plant. Sources: https://investors.willscot.com/management/ben-taylor (wood modular facility review 2026-10-01, satellite + identity research; proposed for owner review in PR)"
IC-92829,existence_flag,not_ic,2026-10-01,"G. E. Capital Modular Space/J'ville: GE Capital Modular Space Jacksonville was a leasing branch (GE -> ModSpace -> WillScot); same address and pin as IC-93047. Sources: https://investors.willscot.com/management/ben-taylor (wood modular facility review 2026-10-01, satellite + identity research; proposed for owner review in PR)"
IC-93047,existence_flag,not_ic,2026-10-01,"ModSpace-Jax: ModSpace-Jax was a leasing branch (GE -> ModSpace -> WillScot); same address and pin as IC-92829. Sources: https://investors.willscot.com/management/ben-taylor (wood modular facility review 2026-10-01, satellite + identity research; proposed for owner review in PR)"
IC-92830,existence_flag,not_ic,2026-10-01,"G. E. Capital Modular Space/Lakeland: GE Capital Modular Space Tampa was a leasing branch; the yard at 7001 E Adamo is now A American Container's sales/rental yard. Sources: https://investors.willscot.com/management/ben-taylor (wood modular facility review 2026-10-01, satellite + identity research; proposed for owner review in PR)"
IC-95802,existence_flag,not_ic,2026-10-01,"Factory Direct Fort Worth: Factory Direct Fort Worth is a Palm Harbor retail home center (display models), not a plant. Sources: https://fortworth.palmharborhomes.com/ (wood modular facility review 2026-10-01, satellite + identity research; proposed for owner review in PR)"
IC-47618,existence_flag,not_ic,2026-10-01,"Gencor Bituma: Gencor Bituma makes asphalt equipment and hot-mix storage silos, not buildings. Sources: https://www.gencor.com/companies/; https://facilityexplorer.iowadnr.gov/FacilityExplorer/SiteList.aspx?AndOr=or&Name=bit&NameType=StartsWith (wood modular facility review 2026-10-01, satellite + identity research; proposed for owner review in PR)"
IC-95072,existence_flag,not_ic,2026-10-01,"Ice House America: Jacksonville is Ice House America's office; it makes ice and water vending kiosks, and its plant is in Moultrie GA. Sources: https://dca.georgia.gov/document/fact-sheets/approved-industrialized-building-manufacturers/download; https://ihapartsdirect.com/ecommerce/catalogcontactus.aspx (wood modular facility review 2026-10-01, satellite + identity research; proposed for owner review in PR)"
IC-78993,existence_flag,not_ic,2026-10-01,"Mast Mini Barns, Greenville PA: builds sheds, mini-barns and garages. Out of scope under ADL's ruling that sheds are not IC (owner scope ruling 2026-10-01; registry/taxonomy.yaml). Source: https://www.valleymarketplace.org/mast-mini-barns-sheds-and-outdoor-structures/"
IC-79237,existence_flag,not_ic,2026-10-01,"Pine Creek Structures, Hegins PA: prefabricated wood sheds/garages (PA DEP permit: prefabricated wood buildings). Out of scope under ADL's ruling that sheds are not IC (owner scope ruling 2026-10-01; registry/taxonomy.yaml). Source: https://files.dep.state.pa.us/Air/AirQuality/AQPortalFiles/Permits/PermitDocuments/"
IC-92604,existence_flag,not_ic,2026-10-01,"Better Built Buildings, Kite GA: portable/utility buildings; dealers sell its sheds. Out of scope under ADL's ruling that sheds are not IC (owner scope ruling 2026-10-01; registry/taxonomy.yaml). Source: https://www.theshedmanjax.com/"
IC-95018,existence_flag,not_ic,2026-10-01,"The Backyard and Beyond, Versailles MO: shed dealer lot. Out of scope under ADL's ruling that sheds are not IC (owner scope ruling 2026-10-01; registry/taxonomy.yaml). Source: https://www.thebackyardnbeyond.com/contact-us"
IC-93331,existence_flag,not_ic,2026-10-01,"Sweetwater Portables, Arcadia FL: Stor-Mor portable buildings dealer. Out of scope under ADL's ruling that sheds are not IC (owner scope ruling 2026-10-01; registry/taxonomy.yaml). Source: https://stormor.shedsuite.com/2428"
IC-92729,existence_flag,not_ic,2026-10-01,"Custom Craft Builders, Milan GA: TruWorth portable sheds/barns dealer. Out of scope under ADL's ruling that sheds are not IC (owner scope ruling 2026-10-01; registry/taxonomy.yaml). Source: https://www.truworthbuildings.com/"
IC-92814,existence_flag,not_ic,2026-10-01,"Florida Gulf Sheds (Shed Ranch), Williston FL: sheds. Out of scope under ADL's ruling that sheds are not IC (owner scope ruling 2026-10-01; registry/taxonomy.yaml). Source: https://www.in.gov/dhs/files/24-02-14-IN-Third-Party-Submital-Letter.pdf"
IC-93269,existence_flag,not_ic,2026-10-01,"Smart Sheds Industries, DeLand FL: wood sheds. Out of scope under ADL's ruling that sheds are not IC (owner scope ruling 2026-10-01; registry/taxonomy.yaml). Source: https://smartsheds.net/"
IC-95966,existence_flag,not_ic,2026-10-02,"EZ Portable Buildings, Nashville GA: sheds and shed-style tiny homes (supersedes the same-day 2026-10-01 'shed rule pending' review hold; dated a day later so it wins the tie). Out of scope under ADL's ruling that sheds are not IC (owner scope ruling 2026-10-01; registry/taxonomy.yaml). Source: relocatable review 2026-10-01"
IC-93011,existence_flag,not_ic,2026-10-01,"Metal Building Company, Purvis MS: residential address with a lot of portable sheds; no manufacturer trace (was held for review). Out of scope under ADL's ruling that sheds are not IC (owner scope ruling 2026-10-01; registry/taxonomy.yaml). Source: satellite review 2026-10-01"
IC-92580,existence_flag,not_ic,2026-10-01,"Atlas Portable Building, Panama City FL: portable storage buildings since 1992. Out of scope under ADL's ruling that sheds are not IC (owner scope ruling 2026-10-01; registry/taxonomy.yaml). Source: https://atlasfl.com"
IC-92602,existence_flag,not_ic,2026-10-01,"Bestway Portable Buildings, Panama City FL: storage sheds, carports, pole barns. Out of scope under ADL's ruling that sheds are not IC (owner scope ruling 2026-10-01; registry/taxonomy.yaml). Source: https://www.bestwayportablebuildings.com"
IC-96226,existence_flag,not_ic,2026-10-01,"Thrifty Portable Buildings, Montgomery AL: aluminum portable storage buildings. Out of scope under ADL's ruling that sheds are not IC (owner scope ruling 2026-10-01; registry/taxonomy.yaml). Source: https://thriftybuildingsmontgomery.com"
IC-55925,existence_flag,not_ic,2026-10-01,"Interstate Portable Buildings, Alexandria LA: portable storage buildings. Out of scope under ADL's ruling that sheds are not IC (owner scope ruling 2026-10-01; registry/taxonomy.yaml). Source: https://www.ipbuildings.biz"
IC-92718,existence_flag,not_ic,2026-10-01,"Leonard Aluminum Utility Buildings, Purvis MS: small wooden storage structures (Leonard sheds). Out of scope under ADL's ruling that sheds are not IC (owner scope ruling 2026-10-01; registry/taxonomy.yaml). Source: https://www.simplyhired.com/job/ZcV3Eqb4v612JVIe-YJ8SgBtcg0IFmSlw8fdSir4_akTm-pMwQz2sg"
IC-93176,existence_flag,not_ic,2026-10-01,"Historic Shed (Preservation Resource), Brooksville FL: garden sheds/outbuildings; no longer taking work. Out of scope under ADL's ruling that sheds are not IC (owner scope ruling 2026-10-01; registry/taxonomy.yaml). Source: https://historicshed.com"
IC-92977,existence_flag,not_ic,2026-10-01,Lifetime Storage Solutions: portable sheds/garages (relocatable review 2026-10-01). Out of scope under ADL's ruling that sheds are not IC (owner scope ruling 2026-10-01; registry/taxonomy.yaml). Source: relocatable review 2026-10-01
IC-68934,existence_flag,not_ic,2026-10-01,"Reeds Ferry Small Buildings, Hudson NH: sheds. Out of scope under ADL's ruling that sheds are not IC (owner scope ruling 2026-10-01; registry/taxonomy.yaml). Source: https://www.reedsferry.com"
IC-92915,existence_flag,not_ic,2026-10-01,"Insta-Shed, Douglas GA: portable buildings. Out of scope under ADL's ruling that sheds are not IC (owner scope ruling 2026-10-01; registry/taxonomy.yaml). Source: https://instashedofdouglas.com"
IC-93297,existence_flag,not_ic,2026-10-01,"Starratt Sheds LLC, Dover FL: shed company (FL registry 2024). Out of scope under ADL's ruling that sheds are not IC (owner scope ruling 2026-10-01; registry/taxonomy.yaml). Source: https://www.flcompanyregistry.com/companies/starratt-sheds-llc/"
IC-58066,existence_flag,not_ic,2026-10-01,"Hill View Mini Barns, Etna ME: storage sheds, mini barns, camps. Out of scope under ADL's ruling that sheds are not IC (owner scope ruling 2026-10-01; registry/taxonomy.yaml). Source: https://hillviewminibarns.com"
IC-92695,existence_flag,not_ic,2026-10-01,"Coastal Sheds, Starke FL: sheds. Out of scope under ADL's ruling that sheds are not IC (owner scope ruling 2026-10-01; registry/taxonomy.yaml). Source: https://coastalbuildings.com"
IC-60034,existence_flag,not_ic,2026-10-01,"Lester Building Systems, Lester Prairie MN: post-frame building packages built by local pole-barn builders. Out of scope under ADL's ruling that post-frame (pole barn) kits are not IC (owner scope ruling 2026-10-01; registry/taxonomy.yaml). Source: https://www.lesterbuildings.com/"
IC-73114,existence_flag,not_ic,2026-10-01,"Elgin Service Center, Venedocia OH: ag post-frame (K Buildings) and grain-bin dealer. Out of scope under ADL's ruling that post-frame (pole barn) kits are not IC (owner scope ruling 2026-10-01; registry/taxonomy.yaml). Source: components review 2026-10-01"
IC-96258,existence_flag,not_ic,2026-10-01,"Lanco Pole Buildings, Fall River MA: pole buildings, horse barns, garages. Out of scope under ADL's ruling that post-frame (pole barn) kits are not IC (owner scope ruling 2026-10-01; registry/taxonomy.yaml). Source: https://www.lancopolebuildings.com"
IC-95925,existence_flag,not_ic,2026-10-01,"Booker's Pole Barn & Supply, Wing AL: custom pole barns, garages, sheds. Out of scope under ADL's ruling that post-frame (pole barn) kits are not IC (owner scope ruling 2026-10-01; registry/taxonomy.yaml). Source: https://www.yelp.com/biz/bookers-pole-barn-supply-wing"
IC-94219,existence_flag,not_ic,2026-10-01,"Kiewit Offshore Services, Ingleside TX: offshore topsides and energy modules. Out of scope under ADL's ruling that heavy structural steel are not IC (owner scope ruling 2026-10-01; registry/taxonomy.yaml). Source: https://www.kiewit.com/our-markets/oil-gas-chemical/fabrication/"
IC-94133,existence_flag,not_ic,2026-10-01,LoneStar Energy Fabrication: energy/industrial fabrication. Out of scope under ADL's ruling that heavy structural steel are not IC (owner scope ruling 2026-10-01; registry/taxonomy.yaml). Source: https://www.lonestarenergyfabrication.com/
IC-95425,existence_flag,not_ic,2026-10-01,"PSP Industries, Fulton MS: heavy plate fabrication. Out of scope under ADL's ruling that heavy structural steel are not IC (owner scope ruling 2026-10-01; registry/taxonomy.yaml). Source: components review 2026-10-01"
IC-95412,existence_flag,not_ic,2026-10-01,"Cimolai-HY, Olean NY: heavy/bridge steel. Out of scope under ADL's ruling that heavy structural steel are not IC (owner scope ruling 2026-10-01; registry/taxonomy.yaml). Source: components review 2026-10-01"
IC-09780,existence_flag,not_ic,2026-10-01,"Schuff Steel, Phoenix AZ: structural steel fabricator. Out of scope under ADL's ruling that heavy structural steel are not IC (owner scope ruling 2026-10-01; registry/taxonomy.yaml). Source: components review 2026-10-01"
IC-09863,existence_flag,not_ic,2026-10-01,"Banker Steel, Eloy AZ: structural steel fabricator. Out of scope under ADL's ruling that heavy structural steel are not IC (owner scope ruling 2026-10-01; registry/taxonomy.yaml). Source: components review 2026-10-01"
IC-85456,existence_flag,not_ic,2026-10-01,"Banker Steel, Humble TX: structural steel fabricator. Out of scope under ADL's ruling that heavy structural steel are not IC (owner scope ruling 2026-10-01; registry/taxonomy.yaml). Source: components review 2026-10-01"
IC-86910,existence_flag,not_ic,2026-10-01,"Banker Steel, Lindon UT: structural steel fabricator. Out of scope under ADL's ruling that heavy structural steel are not IC (owner scope ruling 2026-10-01; registry/taxonomy.yaml). Source: components review 2026-10-01"
IC-95300,existence_flag,not_ic,2026-10-01,"Banker Steel South, Orlando FL: structural steel fabricator. Out of scope under ADL's ruling that heavy structural steel are not IC (owner scope ruling 2026-10-01; registry/taxonomy.yaml). Source: components review 2026-10-01"
IC-95298,existence_flag,not_ic,2026-10-01,"Banker Steel, Lynchburg VA (south plant): structural steel fabricator. Out of scope under ADL's ruling that heavy structural steel are not IC (owner scope ruling 2026-10-01; registry/taxonomy.yaml). Source: components review 2026-10-01"
IC-09157,existence_flag,not_ic,2026-10-01,"W&W AFCO Steel, Little Rock AR: structural steel fabricator. Out of scope under ADL's ruling that heavy structural steel are not IC (owner scope ruling 2026-10-01; registry/taxonomy.yaml). Source: components review 2026-10-01"
IC-83851,existence_flag,not_ic,2026-10-01,"W&W AFCO Steel, San Angelo TX: structural steel fabricator. Out of scope under ADL's ruling that heavy structural steel are not IC (owner scope ruling 2026-10-01; registry/taxonomy.yaml). Source: components review 2026-10-01"
IC-85139,existence_flag,not_ic,2026-10-01,"W&W AFCO Steel, Lubbock TX: structural steel fabricator. Out of scope under ADL's ruling that heavy structural steel are not IC (owner scope ruling 2026-10-01; registry/taxonomy.yaml). Source: components review 2026-10-01"
IC-07388,existence_flag,not_ic,2026-10-01,"Cooper Steel South, Childersburg AL: steel fabrication and erection. Out of scope under ADL's ruling that heavy structural steel are not IC (owner scope ruling 2026-10-01; registry/taxonomy.yaml). Source: https://coopersteel.com/our-locations/"
IC-81094,existence_flag,not_ic,2026-10-01,"TrueNorth Steel, Rapid City SD: fabricated structural steel. Out of scope under ADL's ruling that heavy structural steel are not IC (owner scope ruling 2026-10-01; registry/taxonomy.yaml). Source: https://truenorthsteel.com"
IC-91282,existence_flag,not_ic,2026-10-01,"Endres Manufacturing, Waunakee WI: AISC structural steel fabricator. Out of scope under ADL's ruling that heavy structural steel are not IC (owner scope ruling 2026-10-01; registry/taxonomy.yaml). Source: https://endresmfg.com"
IC-95424,existence_flag,not_ic,2026-10-01,"Parsons Steel Builders, Marana AZ: steel fabrication and erection. Out of scope under ADL's ruling that heavy structural steel are not IC (owner scope ruling 2026-10-01; registry/taxonomy.yaml). Source: https://steelaz.com"
IC-95413,existence_flag,not_ic,2026-10-01,"Design Build Structures, Peosta IA: structural steel fabricator. Out of scope under ADL's ruling that heavy structural steel are not IC (owner scope ruling 2026-10-01; registry/taxonomy.yaml). Source: https://www.structures-steel.com"
IC-95414,existence_flag,not_ic,2026-10-01,"East Coast Metal Structures, Indiantown FL: structural steel and misc metals. Out of scope under ADL's ruling that heavy structural steel are not IC (owner scope ruling 2026-10-01; registry/taxonomy.yaml). Source: https://www.eastcoastmetals.net/ecms-new-indiantown-production-facility/"
IC-89510,existence_flag,closed,2026-10-01,"Bennington Iron Works, Bennington VT: steel products maker announced closure after 43 years (AP / Bennington Banner); also heavy structural steel, out of scope under the 2026-10-01 ruling. Source: https://www.benningtonbanner.com/local-news/iron-works-will-close-by-may/article_ed643a73-8874-59c5-8154-d0bbdff3ec2a.html"
IC-93586,capability_leaf,Steel Volumetric Modular,2026-10-01,"Russo Modular: review says Steel Volumetric Modular, not Wood Volumetric Modular: Russo's current homepage explicitly advertises steel-frame QSR modular buildings; official contact matches 3836 W Buckeye Building C and manufacturing page describes Phoenix shop. Source: ""QSR MODULAR STEEL FRAME BUILDINGS"" https://russomodular.com/ (wood modular facility review 2026-10-01; proposed for owner review in PR)"
IC-93586,capability_group,Modular,2026-10-01,"Russo Modular: review says Steel Volumetric Modular, not Wood Volumetric Modular: Russo's current homepage explicitly advertises steel-frame QSR modular buildings; official contact matches 3836 W Buckeye Building C and manufacturing page describes Phoenix shop. Source: ""QSR MODULAR STEEL FRAME BUILDINGS"" https://russomodular.com/ (wood modular facility review 2026-10-01; proposed for owner review in PR)"
IC-93234,capability_leaf,Steel Volumetric Modular,2026-10-01,"Russo Modular: review says Steel Volumetric Modular, not Wood Volumetric Modular: Official Russo page explicitly states all its steel modular structures are made in-house and lists 3836 W Buckeye Building C. Source: ""We manufacture all of our steel modular structures in-house"" https://russomodular.com/services/custom-manufacturing-and-fabrication/ (wood modular facility review 2026-10-01; proposed for owner review in PR)"
IC-93234,capability_group,Modular,2026-10-01,"Russo Modular: review says Steel Volumetric Modular, not Wood Volumetric Modular: Official Russo page explicitly states all its steel modular structures are made in-house and lists 3836 W Buckeye Building C. Source: ""We manufacture all of our steel modular structures in-house"" https://russomodular.com/services/custom-manufacturing-and-fabrication/ (wood modular facility review 2026-10-01; proposed for owner review in PR)"
IC-93822,capability_leaf,Steel Volumetric Modular,2026-10-01,"LINKED EQUIPMENT LLC: review says Steel Volumetric Modular, not Wood Volumetric Modular: Official company site at same Phoenix address says it engineers and manufactures inter-modular steel building units and shipping-container facilities. Source: ""We are dedicated to engineering, designing, and manufacturing dynamic Inter-modular Steel Building Units (ISBU’s)."" https://linkedequipment.com/about-us/ (wood modular facility review 2026-10-01; proposed for owner review in PR)"
IC-93822,capability_group,Modular,2026-10-01,"LINKED EQUIPMENT LLC: review says Steel Volumetric Modular, not Wood Volumetric Modular: Official company site at same Phoenix address says it engineers and manufactures inter-modular steel building units and shipping-container facilities. Source: ""We are dedicated to engineering, designing, and manufacturing dynamic Inter-modular Steel Building Units (ISBU’s)."" https://linkedequipment.com/about-us/ (wood modular facility review 2026-10-01; proposed for owner review in PR)"
IC-92924,capability_leaf,Steel Volumetric Modular,2026-10-01,"IPME: review says Steel Volumetric Modular, not Wood Volumetric Modular: IPME current official contact is 19523 S Susana Road Compton, not inherited 1711 Alameda Wilmington highway pin. Source: ""19523 S. Susana Road, Compton CA 90221"" https://goipme.com/contact/ (wood modular facility review 2026-10-01; proposed for owner review in PR)"
IC-92924,capability_group,Modular,2026-10-01,"IPME: review says Steel Volumetric Modular, not Wood Volumetric Modular: IPME current official contact is 19523 S Susana Road Compton, not inherited 1711 Alameda Wilmington highway pin. Source: ""19523 S. Susana Road, Compton CA 90221"" https://goipme.com/contact/ (wood modular facility review 2026-10-01; proposed for owner review in PR)"
IC-93580,capability_leaf,Steel Volumetric Modular,2026-10-01,"PIVOT STRUCTURES MFG. FACILITY: review says Steel Volumetric Modular, not Wood Volumetric Modular: Pivot official site verifies 312 First Street Unit B contact and describes in-house building. Source: ""312 1st Street Unit B, Severance, Colorado 80546"" https://pivotstructures.com/about (wood modular facility review 2026-10-01; proposed for owner review in PR)"
IC-93580,capability_group,Modular,2026-10-01,"PIVOT STRUCTURES MFG. FACILITY: review says Steel Volumetric Modular, not Wood Volumetric Modular: Pivot official site verifies 312 First Street Unit B contact and describes in-house building. Source: ""312 1st Street Unit B, Severance, Colorado 80546"" https://pivotstructures.com/about (wood modular facility review 2026-10-01; proposed for owner review in PR)"
IC-93515,capability_leaf,Steel Volumetric Modular,2026-10-01,"FALCON STRUCTURES: review says Steel Volumetric Modular, not Wood Volumetric Modular: Falcon explicitly identifies itself as an in-house shipping-container structure manufacturer, and official site gives 7717 Gilbert Rd, Manor TX. Source: ""Modified Shipping Container Solutions"" https://www.falconstructures.com/ (wood modular facility review 2026-10-01; proposed for owner review in PR)"
IC-93515,capability_group,Modular,2026-10-01,"FALCON STRUCTURES: review says Steel Volumetric Modular, not Wood Volumetric Modular: Falcon explicitly identifies itself as an in-house shipping-container structure manufacturer, and official site gives 7717 Gilbert Rd, Manor TX. Source: ""Modified Shipping Container Solutions"" https://www.falconstructures.com/ (wood modular facility review 2026-10-01; proposed for owner review in PR)"
IC-93605,capability_leaf,Steel Volumetric Modular,2026-10-01,"SEA BOX, INC.: review says Steel Volumetric Modular, not Wood Volumetric Modular: Official SEA BOX site confirms 1 SEA BOX Drive and ISO-container/modular-building manufacturing. Source: ""manufacturing of ISO containers and modular buildings"" https://www.seabox.com/ (wood modular facility review 2026-10-01; proposed for owner review in PR)"
IC-93605,capability_group,Modular,2026-10-01,"SEA BOX, INC.: review says Steel Volumetric Modular, not Wood Volumetric Modular: Official SEA BOX site confirms 1 SEA BOX Drive and ISO-container/modular-building manufacturing. Source: ""manufacturing of ISO containers and modular buildings"" https://www.seabox.com/ (wood modular facility review 2026-10-01; proposed for owner review in PR)"
IC-65379,capability_leaf,Steel Volumetric Modular,2026-10-01,"Boxman Studios, LLC - BXS Gaston Plant: review says Steel Volumetric Modular, not Wood Volumetric Modular: Boxman Industries official careers page matches 1310 Charles Raper Jonas Hwy and explicitly describes modular shipping-container conversions/steel boxes. Source: ""As pioneers in modular shipping container conversions"" https://www.boxman-industries.com/careers (wood modular facility review 2026-10-01; proposed for owner review in PR)"
IC-65379,capability_group,Modular,2026-10-01,"Boxman Studios, LLC - BXS Gaston Plant: review says Steel Volumetric Modular, not Wood Volumetric Modular: Boxman Industries official careers page matches 1310 Charles Raper Jonas Hwy and explicitly describes modular shipping-container conversions/steel boxes. Source: ""As pioneers in modular shipping container conversions"" https://www.boxman-industries.com/careers (wood modular facility review 2026-10-01; proposed for owner review in PR)"
IC-94201,capability_leaf,Steel Volumetric Modular,2026-10-01,"CUSTOM CONTAINER LIVING, INC.: review says Steel Volumetric Modular, not Wood Volumetric Modular: Official company contact confirms 809 S Orange Street Butler; company specializes in shipping-container buildings. Source: ""809 S Orange St. Butler, MO 64730"" https://www.customcontainerliving.com/contact/ (wood modular facility review 2026-10-01; proposed for owner review in PR)"
IC-94201,capability_group,Modular,2026-10-01,"CUSTOM CONTAINER LIVING, INC.: review says Steel Volumetric Modular, not Wood Volumetric Modular: Official company contact confirms 809 S Orange Street Butler; company specializes in shipping-container buildings. Source: ""809 S Orange St. Butler, MO 64730"" https://www.customcontainerliving.com/contact/ (wood modular facility review 2026-10-01; proposed for owner review in PR)"
IC-96155,capability_leaf,Steel Volumetric Modular,2026-10-01,"Creative Modular Construction: review says Steel Volumetric Modular, not Wood Volumetric Modular: Official CMC site describes office/manufacturing campus in Springfield and heavy-duty galvanized steel construction. Source: ""Heavy-duty G90 galvanized steel construction."" https://www.cmcmod.com/ (wood modular facility review 2026-10-01; proposed for owner review in PR)"
IC-96155,capability_group,Modular,2026-10-01,"Creative Modular Construction: review says Steel Volumetric Modular, not Wood Volumetric Modular: Official CMC site describes office/manufacturing campus in Springfield and heavy-duty galvanized steel construction. Source: ""Heavy-duty G90 galvanized steel construction."" https://www.cmcmod.com/ (wood modular facility review 2026-10-01; proposed for owner review in PR)"
IC-85336,capability_leaf,Steel Volumetric Modular,2026-10-01,"HUNTER BUILDINGS & MANUFACTURING LP: review says Steel Volumetric Modular, not Wood Volumetric Modular: Hunter company source explicitly labels 14935 Jacintoport Boulevard as U.S. Source: ""Mobile Mini 11755 N. Maricopa Industrial Pkwy Maricopa AZ -85239 480-899-2800 Steel Office"" https://dam.assets.ohio.gov/image/upload/com.ohio.gov/documents/dico_IUManufacturerList.pdf (wood modular facility review 2026-10-01; proposed for owner review in PR)"
IC-85336,capability_group,Modular,2026-10-01,"HUNTER BUILDINGS & MANUFACTURING LP: review says Steel Volumetric Modular, not Wood Volumetric Modular: Hunter company source explicitly labels 14935 Jacintoport Boulevard as U.S. Source: ""Mobile Mini 11755 N. Maricopa Industrial Pkwy Maricopa AZ -85239 480-899-2800 Steel Office"" https://dam.assets.ohio.gov/image/upload/com.ohio.gov/documents/dico_IUManufacturerList.pdf (wood modular facility review 2026-10-01; proposed for owner review in PR)"
IC-93590,capability_leaf,Steel Volumetric Modular,2026-10-01,"RedGuard: review says Steel Volumetric Modular, not Wood Volumetric Modular: Official RedGuard site describes blast-resistant modular products and specifically all-steel VersaBilt frames. Source: ""VersaBilt modular structures are built on all-steel frames"" https://redguard.com/ (wood modular facility review 2026-10-01; proposed for owner review in PR)"
IC-93590,capability_group,Modular,2026-10-01,"RedGuard: review says Steel Volumetric Modular, not Wood Volumetric Modular: Official RedGuard site describes blast-resistant modular products and specifically all-steel VersaBilt frames. Source: ""VersaBilt modular structures are built on all-steel frames"" https://redguard.com/ (wood modular facility review 2026-10-01; proposed for owner review in PR)"
IC-94103,capability_leaf,Steel Volumetric Modular,2026-10-01,"CPM LabFab, Inc.: review says Steel Volumetric Modular, not Wood Volumetric Modular: CPM confirms Tucson plant-built laboratory buildings and expressly says no wood framing, steel framing with concrete floors. Source: ""you won’t find any wood framing in our products. Steel framing is a hallmark of our construction."" https://cpmlabfab.com/about-us/ (wood modular facility review 2026-10-01; proposed for owner review in PR)"
IC-94103,capability_group,Modular,2026-10-01,"CPM LabFab, Inc.: review says Steel Volumetric Modular, not Wood Volumetric Modular: CPM confirms Tucson plant-built laboratory buildings and expressly says no wood framing, steel framing with concrete floors. Source: ""you won’t find any wood framing in our products. Steel framing is a hallmark of our construction."" https://cpmlabfab.com/about-us/ (wood modular facility review 2026-10-01; proposed for owner review in PR)"
IC-95085,capability_leaf,Relocatable Modular,2026-10-01,"Mobile Mini, Inc. - Maricopa: review says Relocatable Modular, not Wood Volumetric Modular: Ohio's industrialized-unit manufacturer list identifies this Maricopa address as Mobile Mini steel office production, contradicting wood. Source: ""Mobile Mini 11755 N. Maricopa Industrial Pkwy Maricopa AZ -85239 480-899-2800 Steel Office"" https://dam.assets.ohio.gov/image/upload/com.ohio.gov/documents/dico_IUManufacturerList.pdf (wood modular facility review 2026-10-01; proposed for owner review in PR)"
IC-95085,capability_group,Modular,2026-10-01,"Mobile Mini, Inc. - Maricopa: review says Relocatable Modular, not Wood Volumetric Modular: Ohio's industrialized-unit manufacturer list identifies this Maricopa address as Mobile Mini steel office production, contradicting wood. Source: ""Mobile Mini 11755 N. Maricopa Industrial Pkwy Maricopa AZ -85239 480-899-2800 Steel Office"" https://dam.assets.ohio.gov/image/upload/com.ohio.gov/documents/dico_IUManufacturerList.pdf (wood modular facility review 2026-10-01; proposed for owner review in PR)"
IC-93533,capability_leaf,"Specialty Volumetric MEP (Skids, Racks)",2026-10-01,"INTERSTATES INC: review says Specialty Volumetric MEP (Skids, Racks), not Wood Volumetric Modular: Official exact-location page confirms 3874 Redman and a 75,000 sf manufacturing facility opened in 2024, optimized for skid fabrication, control panels and modular e-houses. Source: ""turnkey skid systems, custom control panels, and modular e-house solutions"" https://www.interstates.com/locations/fort-collins-co (wood modular facility review 2026-10-01; proposed for owner review in PR)"
IC-93533,capability_group,Pods,2026-10-01,"INTERSTATES INC: review says Specialty Volumetric MEP (Skids, Racks), not Wood Volumetric Modular: Official exact-location page confirms 3874 Redman and a 75,000 sf manufacturing facility opened in 2024, optimized for skid fabrication, control panels and modular e-houses. Source: ""turnkey skid systems, custom control panels, and modular e-house solutions"" https://www.interstates.com/locations/fort-collins-co (wood modular facility review 2026-10-01; proposed for owner review in PR)"
IC-92728,capability_leaf,"Specialty Volumetric MEP (Skids, Racks)",2026-10-01,"Custom Control Solutions, Inc.: review says Specialty Volumetric MEP (Skids, Racks), not Wood Volumetric Modular: Official site confirms large-scale manufacturing at 85 Stone Blvd and describes analyzer/control systems, piping skids, MCC/mechanical buildings and E-houses. Source: ""85 Stone Blvd, Cantonment, FL 32533"" https://www.ccsinc-florida.com/ (wood modular facility review 2026-10-01; proposed for owner review in PR)"
IC-92728,capability_group,Pods,2026-10-01,"Custom Control Solutions, Inc.: review says Specialty Volumetric MEP (Skids, Racks), not Wood Volumetric Modular: Official site confirms large-scale manufacturing at 85 Stone Blvd and describes analyzer/control systems, piping skids, MCC/mechanical buildings and E-houses. Source: ""85 Stone Blvd, Cantonment, FL 32533"" https://www.ccsinc-florida.com/ (wood modular facility review 2026-10-01; proposed for owner review in PR)"
IC-18554,capability_leaf,"Specialty Volumetric MEP (Skids, Racks)",2026-10-01,"RK Mission Critical, LLC: review says Specialty Volumetric MEP (Skids, Racks), not Wood Volumetric Modular: Current RK Mission Critical official pages describe electrical infrastructure, power modules/e-houses and two manufacturing campuses; contact lists both in Aurora. Source: ""17450 East 32nd Pl."" https://www.rkmissioncritical.com/contact (wood modular facility review 2026-10-01; proposed for owner review in PR)"
IC-18554,capability_group,Pods,2026-10-01,"RK Mission Critical, LLC: review says Specialty Volumetric MEP (Skids, Racks), not Wood Volumetric Modular: Current RK Mission Critical official pages describe electrical infrastructure, power modules/e-houses and two manufacturing campuses; contact lists both in Aurora. Source: ""17450 East 32nd Pl."" https://www.rkmissioncritical.com/contact (wood modular facility review 2026-10-01; proposed for owner review in PR)"
IC-92912,capability_leaf,"Specialty Volumetric MEP (Skids, Racks)",2026-10-01,"Inglett & Stubbs: review says Specialty Volumetric MEP (Skids, Racks), not Wood Volumetric Modular: The office-like appearance does not justify rejecting this manufacturer. Source: ""Square Footage: 70,000 sqft; We manufacture on site in our modular facility"" https://www.inglett-stubbs.com/modular/ (wood modular facility review 2026-10-01; proposed for owner review in PR)"
IC-92912,capability_group,Pods,2026-10-01,"Inglett & Stubbs: review says Specialty Volumetric MEP (Skids, Racks), not Wood Volumetric Modular: The office-like appearance does not justify rejecting this manufacturer. Source: ""Square Footage: 70,000 sqft; We manufacture on site in our modular facility"" https://www.inglett-stubbs.com/modular/ (wood modular facility review 2026-10-01; proposed for owner review in PR)"
IC-94135,capability_leaf,"Specialty Volumetric MEP (Skids, Racks)",2026-10-01,"MAXX POWER, INC.: review says Specialty Volumetric MEP (Skids, Racks), not Wood Volumetric Modular: Official Maxx Power contact confirms 302 Liberty Street Cleveland. Source: ""our buildings are crafted from a wide variety of metals"" https://www.maxxpowerinc.com/ (wood modular facility review 2026-10-01; proposed for owner review in PR)"
IC-94135,capability_group,Pods,2026-10-01,"MAXX POWER, INC.: review says Specialty Volumetric MEP (Skids, Racks), not Wood Volumetric Modular: Official Maxx Power contact confirms 302 Liberty Street Cleveland. Source: ""our buildings are crafted from a wide variety of metals"" https://www.maxxpowerinc.com/ (wood modular facility review 2026-10-01; proposed for owner review in PR)"
IC-86085,capability_leaf,"Specialty Volumetric MEP (Skids, Racks)",2026-10-01,"Panelmatic Conroe: review says Specialty Volumetric MEP (Skids, Racks), not Wood Volumetric Modular: Panelmatic official facility page states Conroe fabrication, assembly and control-house production at exactly 3212 Old Highway 105 East. Source: ""G-Con Manufacturing Inc 6161 Imperial Loop Drive"" https://www.michigan.gov/lara/-/media/Project/Websites/lara/bcc-media/Plan-Review/Approved_Manufacturers_Listings.pdf (wood modular facility review 2026-10-01; proposed for owner review in PR)"
IC-86085,capability_group,Pods,2026-10-01,"Panelmatic Conroe: review says Specialty Volumetric MEP (Skids, Racks), not Wood Volumetric Modular: Panelmatic official facility page states Conroe fabrication, assembly and control-house production at exactly 3212 Old Highway 105 East. Source: ""G-Con Manufacturing Inc 6161 Imperial Loop Drive"" https://www.michigan.gov/lara/-/media/Project/Websites/lara/bcc-media/Plan-Review/Approved_Manufacturers_Listings.pdf (wood modular facility review 2026-10-01; proposed for owner review in PR)"
IC-93154,capability_leaf,"Specialty Volumetric MEP (Skids, Racks)",2026-10-01,"Point Eight Power, Inc.: review says Specialty Volumetric MEP (Skids, Racks), not Wood Volumetric Modular: Official Point Eight Power page lists both 1510 and 1503 Engineers Road and discusses equipment training, supporting business presence but not bridge target. Source: ""1503 Engineers Road"" https://pointeightpower.com/field-services/onsite-equipment-training/ (wood modular facility review 2026-10-01; proposed for owner review in PR)"
IC-93154,capability_group,Pods,2026-10-01,"Point Eight Power, Inc.: review says Specialty Volumetric MEP (Skids, Racks), not Wood Volumetric Modular: Official Point Eight Power page lists both 1510 and 1503 Engineers Road and discusses equipment training, supporting business presence but not bridge target. Source: ""1503 Engineers Road"" https://pointeightpower.com/field-services/onsite-equipment-training/ (wood modular facility review 2026-10-01; proposed for owner review in PR)"
IC-94248,capability_leaf,"Specialty Volumetric MEP (Skids, Racks)",2026-10-01,"TAS ENERGY INC.: review says Specialty Volumetric MEP (Skids, Racks), not Wood Volumetric Modular: Missouri active manufacturer directory identifies TAS Energy CULLEN as its own registered location. Source: ""FALCON STRUCTURES 7717 GILBERT ROAD MANOR TX 78653"" https://psc.mo.gov/CMSInternetData/ACTIVE%20MOD%203-18-26.pdf (wood modular facility review 2026-10-01; proposed for owner review in PR)"
IC-94248,capability_group,Pods,2026-10-01,"TAS ENERGY INC.: review says Specialty Volumetric MEP (Skids, Racks), not Wood Volumetric Modular: Missouri active manufacturer directory identifies TAS Energy CULLEN as its own registered location. Source: ""FALCON STRUCTURES 7717 GILBERT ROAD MANOR TX 78653"" https://psc.mo.gov/CMSInternetData/ACTIVE%20MOD%203-18-26.pdf (wood modular facility review 2026-10-01; proposed for owner review in PR)"
IC-95016,capability_leaf,"Specialty Volumetric MEP (Skids, Racks)",2026-10-01,"TAS ENERGY- FIDELITY: review says Specialty Volumetric MEP (Skids, Racks), not Wood Volumetric Modular: Missouri active manufacturer directory identifies TAS Energy FIDELITY as its own registered location. Source: ""FALCON STRUCTURES 7717 GILBERT ROAD MANOR TX 78653"" https://psc.mo.gov/CMSInternetData/ACTIVE%20MOD%203-18-26.pdf (wood modular facility review 2026-10-01; proposed for owner review in PR)"
IC-95016,capability_group,Pods,2026-10-01,"TAS ENERGY- FIDELITY: review says Specialty Volumetric MEP (Skids, Racks), not Wood Volumetric Modular: Missouri active manufacturer directory identifies TAS Energy FIDELITY as its own registered location. Source: ""FALCON STRUCTURES 7717 GILBERT ROAD MANOR TX 78653"" https://psc.mo.gov/CMSInternetData/ACTIVE%20MOD%203-18-26.pdf (wood modular facility review 2026-10-01; proposed for owner review in PR)"
IC-59133,capability_leaf,"Specialty Volumetric MEP (Skids, Racks)",2026-10-01,"MILLER INDUSTRIES LLC: review says Specialty Volumetric MEP (Skids, Racks), not Wood Volumetric Modular: Official Miller Industries site describes HVAC air systems, modular substations/electrical rooms and custom steel fabrication in Fenton. Source: ""custom manufacturing of air supply systems for HVAC, modular substation, electrical rooms"" https://www.millc.com/ (wood modular facility review 2026-10-01; proposed for owner review in PR)"
IC-59133,capability_group,Pods,2026-10-01,"MILLER INDUSTRIES LLC: review says Specialty Volumetric MEP (Skids, Racks), not Wood Volumetric Modular: Official Miller Industries site describes HVAC air systems, modular substations/electrical rooms and custom steel fabrication in Fenton. Source: ""custom manufacturing of air supply systems for HVAC, modular substation, electrical rooms"" https://www.millc.com/ (wood modular facility review 2026-10-01; proposed for owner review in PR)"
IC-94163,capability_leaf,"Specialty Volumetric MEP (Skids, Racks)",2026-10-01,"South Coast Technology, Inc.: review says Specialty Volumetric MEP (Skids, Racks), not Wood Volumetric Modular: South Coast Technology official facility page describes a metal-building fabrication/integration shop, skid/sheet-metal shop, finishing shop and factory acceptance yard. Source: ""40,000 sq. ft of crane served space for erecting metal buildings"" https://www.sct-us.com/our-facility (wood modular facility review 2026-10-01; proposed for owner review in PR)"
IC-94163,capability_group,Pods,2026-10-01,"South Coast Technology, Inc.: review says Specialty Volumetric MEP (Skids, Racks), not Wood Volumetric Modular: South Coast Technology official facility page describes a metal-building fabrication/integration shop, skid/sheet-metal shop, finishing shop and factory acceptance yard. Source: ""40,000 sq. ft of crane served space for erecting metal buildings"" https://www.sct-us.com/our-facility (wood modular facility review 2026-10-01; proposed for owner review in PR)"
IC-93631,capability_leaf,"Specialty Volumetric MEP (Skids, Racks)",2026-10-01,"RICHARD AUTOMATION LLC: review says Specialty Volumetric MEP (Skids, Racks), not Wood Volumetric Modular: TxLa official page explicitly identifies itself as formerly Richard Automation and labels 23015 FM 2100 as corporate office/manufacturing facility. Source: ""CORPORATE OFFICE | MANUFACTURING FACILITY"" https://txlasystems.com/ (wood modular facility review 2026-10-01; proposed for owner review in PR)"
IC-93631,capability_group,Pods,2026-10-01,"RICHARD AUTOMATION LLC: review says Specialty Volumetric MEP (Skids, Racks), not Wood Volumetric Modular: TxLa official page explicitly identifies itself as formerly Richard Automation and labels 23015 FM 2100 as corporate office/manufacturing facility. Source: ""CORPORATE OFFICE | MANUFACTURING FACILITY"" https://txlasystems.com/ (wood modular facility review 2026-10-01; proposed for owner review in PR)"
IC-94182,capability_leaf,"Specialty Volumetric MEP (Skids, Racks)",2026-10-01,"Wingfield Engineering Company, Inc.: review says Specialty Volumetric MEP (Skids, Racks), not Wood Volumetric Modular: Official Wingfield site states heavy-duty 11-gauge steel buildings with installed electrical equipment. Source: ""Top lift heavy duty 11 gauge steel buildings"" https://www.wingfield.net/ (wood modular facility review 2026-10-01; proposed for owner review in PR)"
IC-94182,capability_group,Pods,2026-10-01,"Wingfield Engineering Company, Inc.: review says Specialty Volumetric MEP (Skids, Racks), not Wood Volumetric Modular: Official Wingfield site states heavy-duty 11-gauge steel buildings with installed electrical equipment. Source: ""Top lift heavy duty 11 gauge steel buildings"" https://www.wingfield.net/ (wood modular facility review 2026-10-01; proposed for owner review in PR)"
IC-19621,capability_leaf,Precast Concrete Panel,2026-10-01,"Rotondo Precast: review says Precast Concrete Panel, not Wood Volumetric Modular: Current Oldcastle locator confirms 151 Old Farms, Avon; official site sells concrete products specifically available there. Source: ""151 Old Farms Road"" https://locator.oldcastleinfrastructure.com/ct/avon/oldcastle-5.html (wood modular facility review 2026-10-01; proposed for owner review in PR)"
IC-19621,capability_group,Panel,2026-10-01,"Rotondo Precast: review says Precast Concrete Panel, not Wood Volumetric Modular: Current Oldcastle locator confirms 151 Old Farms, Avon; official site sells concrete products specifically available there. Source: ""151 Old Farms Road"" https://locator.oldcastleinfrastructure.com/ct/avon/oldcastle-5.html (wood modular facility review 2026-10-01; proposed for owner review in PR)"
IC-92737,capability_leaf,Precast Concrete Panel,2026-10-01,"CXT Incorportated: review says Precast Concrete Panel, not Wood Volumetric Modular: Official LB Foster CXT plant page confirms 901 N Waco Street Hillsboro, 111,000sf manufacturing area and precast concrete products. Source: ""We manufacture a variety of precast concrete products"" https://lbfoster.com/infrastructure/precast-concrete-products/texas (wood modular facility review 2026-10-01; proposed for owner review in PR)"
IC-92737,capability_group,Panel,2026-10-01,"CXT Incorportated: review says Precast Concrete Panel, not Wood Volumetric Modular: Official LB Foster CXT plant page confirms 901 N Waco Street Hillsboro, 111,000sf manufacturing area and precast concrete products. Source: ""We manufacture a variety of precast concrete products"" https://lbfoster.com/infrastructure/precast-concrete-products/texas (wood modular facility review 2026-10-01; proposed for owner review in PR)"
IC-93476,lat_lon,"33.410567,-86.946661",2026-10-01,"BLOX, LLC: rooftop confirmed on satellite review; current pin (geocode:geocodio) sits on the plant roof: Original-coordinate red pin is on the long industrial factory roof inside a large rail-served industrial complex. BLOX label appears on adjacent long building w (wood modular facility review 2026-10-01; proposed for owner review in PR)"
IC-01033,lat_lon,"34.117502,-87.994686",2026-10-01,Modular Engineering: rooftop confirmed on satellite review; current pin (geocode:geocodio) sits on the plant roof: Pin is on the narrow north extension of a long industrial factory roof beside Winchester Drive/Airport Road. Large adjacent industrial sheds and rows of stored  (wood modular facility review 2026-10-01; proposed for owner review in PR)
IC-92571,lat_lon,"36.663849,-93.885304",2026-10-01,"Arning Companies, Inc. Clarksville: rooftop confirmed on satellite review; current pin (internal:unique-name-rooftop-crossmatch) sits on the plant roof: Original pin falls on a large industrial roof with substantial outdoor material storage and employee parking. Maps identifies Cassville, Missouri, although DB r (wood modular facility review 2026-10-01; proposed for owner review in PR)"
IC-94116,lat_lon,"33.591533,-112.361437",2026-10-01,EVERGREEN INNOVATION GROUP LLC: rooftop confirmed on satellite review; current pin (geocode:geocodio) sits on the plant roof: Pin falls on large rectangular white industrial roof labeled EIG. Yard appears newly developed; adjacent building labeled self-storage. Roof geometry is industr (wood modular facility review 2026-10-01; proposed for owner review in PR)
IC-94808,lat_lon,"33.690409,-112.047891",2026-10-01,Modular Technology: rooftop confirmed on satellite review; current pin (geocode:geocodio) sits on the plant roof: Pin is on the west portion of an industrial/commercial building roof inside a small industrial park on N16th Street/E Donald Drive. Building could support light (wood modular facility review 2026-10-01; proposed for owner review in PR)
IC-94456,lat_lon,"33.868620,-118.302845",2026-10-01,"ALAN PRE-FAB BUILDING CORP: rooftop confirmed on satellite review; current pin (geocode:geocodio) sits on the plant roof: Pin is on a small rectangular light-industrial workshop roof fronting Evelyn Avenue, with a material/storage yard behind and neighboring industrial buildings. S (wood modular facility review 2026-10-01; proposed for owner review in PR)"
IC-94457,lat_lon,"33.799727,-117.859166",2026-10-01,"Allied Modular Building Systems, Inc.: rooftop confirmed on satellite review; current pin (geocode:geocodio) sits on the plant roof: Original coordinate pin is on a medium industrial roof west of N Harton Street, south of W Nicolas Avenue. Earlier incidental named-address selection was discar (wood modular facility review 2026-10-01; proposed for owner review in PR)"
IC-93488,lat_lon,"37.806132,-121.295106",2026-10-01,BIZON GROUP INC: rooftop confirmed on satellite review; current pin (geocode:geocodio) sits on the plant roof: Pin is centrally on a large industrial warehouse/factory roof with loading areas and extensive surrounding pavement. Industrial footprint is plausible; actual o (wood modular facility review 2026-10-01; proposed for owner review in PR)
IC-94472,lat_lon,"33.864121,-117.851338",2026-10-01,Capsule Manufacturing Inc: rooftop confirmed on satellite review; current pin (geocode:geocodio) sits on the plant roof: Pin is central on a medium rectangular industrial roof beside N Miller Street; adjacent yards and other industrial units make light manufacturing plausible. Occ (wood modular facility review 2026-10-01; proposed for owner review in PR)
IC-11386,lat_lon,"38.557785,-121.321704",2026-10-01,"Cmh Manufacturing West, Inc.: rooftop confirmed on satellite review; current pin (geocode:geocodio) sits on the plant roof: Pin is well inside a large factory roof with numerous house-sized modules stored in adjacent paved yards. Strong visual factory-site plausibility, without indep (wood modular facility review 2026-10-01; proposed for owner review in PR)"
IC-94482,lat_lon,"34.014922,-117.384923",2026-10-01,"DO MODULARS: rooftop confirmed on satellite review; current pin (geocode:geocodio) sits on the plant roof: Pin is on a small-to-medium industrial building roof along Market Street, with adjacent yard and rows of modular-sized units. Plausible manufacturing/assembly s (wood modular facility review 2026-10-01; proposed for owner review in PR)"
IC-11704,lat_lon,"37.929255,-121.217552",2026-10-01,"ENVIROPLEX, INC.: rooftop confirmed on satellite review; current pin (geocode:geocodio) sits on the plant roof: Pin is on long industrial assembly roof labeled Enviroplex, with many modular-sized units and material stacks in surrounding yard. Strong visual plausibility fo (wood modular facility review 2026-10-01; proposed for owner review in PR)"
IC-16223,lat_lon,"33.878954,-117.732324",2026-10-01,"IMPACT HOUSING US LLC: rooftop confirmed on satellite review; current pin (geocode:geocodio) sits on the plant roof: Pin is centered on a medium-to-large light industrial roof along E La Palma Avenue, with adjacent industrial occupancies and service access. Factory use plausib (wood modular facility review 2026-10-01; proposed for owner review in PR)"
IC-94787,lat_lon,"34.032238,-117.585449",2026-10-01,"M & I Electric LLC: rooftop confirmed on satellite review; current pin (geocode:geocodio) sits on the plant roof: Pin is well inside very large warehouse/industrial roof west of S Turner Avenue, with large employee parking and loading areas. Industrial roof plausible, but b (wood modular facility review 2026-10-01; proposed for owner review in PR)"
IC-94509,lat_lon,"36.993335,-121.559814",2026-10-01,MODULES INC.: rooftop confirmed on satellite review; current pin (geocode:geocodio) sits on the plant roof: Pin is centered on a very large industrial roof along Automall Parkway. Large side yard and a few modular-sized units nearby support factory plausibility; curre (wood modular facility review 2026-10-01; proposed for owner review in PR)
IC-95878,lat_lon,"37.312043,-120.515762",2026-10-01,"NORTHWEST BARNS LLC: rooftop confirmed on satellite review; current pin (geocode:geocodio) sits on the plant roof: Pin is on an elongated industrial shed/warehouse roof beside a large yard displaying many small shed-sized units. Factory/workshop plausible, although products  (wood modular facility review 2026-10-01; proposed for owner review in PR)"
IC-94516,lat_lon,"34.994162,-118.936421",2026-10-01,Plant Prefab: rooftop confirmed on satellite review; current pin (geocode:geocodio) sits on the plant roof: Pin is well inside a very large industrial factory roof with rooftop solar and loading/service lanes; Plant Prefab label appears on same building. Strong roofto (wood modular facility review 2026-10-01; proposed for owner review in PR)
IC-94938,lat_lon,"34.094568,-117.382300",2026-10-01,Plant Prefab: rooftop confirmed on satellite review; current pin (geocode:geocodio) sits on the plant roof: Pin is centered on a broad industrial shed roof with loading yard and modular-sized units/trailers around it. Rooftop placement plausible; current operation not (wood modular facility review 2026-10-01; proposed for owner review in PR)
IC-93869,lat_lon,"33.876456,-118.033863",2026-10-01,"RMI REFRIGERATOR MANUFACTURERS LLC: rooftop confirmed on satellite review; current pin (geocode:geocodio) sits on the plant roof: Pin is centrally on medium industrial roof, map-labeled Refrigerator Manufacturers. Manufacturing roof plausible, but wood-volumetric classification specificall (wood modular facility review 2026-10-01; proposed for owner review in PR)"
IC-12146,lat_lon,"35.224091,-118.844101",2026-10-01,ULRICH BARN BUILDERS OF CALIFORNIA: rooftop confirmed on satellite review; current pin (geocode:geocodio) sits on the plant roof: Pin is on a narrow roof adjoining the larger industrial workshop labeled Ulrich Lifestyle Structures - Factory. Outdoor material and small-unit storage visible; (wood modular facility review 2026-10-01; proposed for owner review in PR)
IC-94525,lat_lon,"40.496781,-122.298567",2026-10-01,US-OFFSITE HOLDINGS LLC: rooftop confirmed on satellite review; current pin (geocode:geocodio) sits on the plant roof: Pin is on a long low industrial/warehouse-unit roof in a small multi-building business complex beside open fields. Modest scale and surrounding commercial tenan (wood modular facility review 2026-10-01; proposed for owner review in PR)
IC-14704,lat_lon,"37.749949,-121.391688",2026-10-01,"VBC TRACY, LLC: rooftop confirmed on satellite review; current pin (geocode:geocodio) sits on the plant roof: Pin well inside very large industrial assembly roof with extensive rooftop solar and rows of modules in surrounding loading/staging areas. Strong modular-factor (wood modular facility review 2026-10-01; proposed for owner review in PR)"
IC-19042,lat_lon,"40.213728,-104.973948",2026-10-01,"HO-AD (Elkhorn Construction Inc. DBA HO-AD): rooftop confirmed on satellite review; current pin (geocode:geocodio) sits on the plant roof: Pin on medium rectangular light-industrial roof west of Camelot Circle, adjoining paved/material yard. Surrounding industrial/storage properties; manufacturing  (wood modular facility review 2026-10-01; proposed for owner review in PR)"
IC-92569,lat_lon,"28.257427,-81.464313",2026-10-01,Architecture Steel LLC: rooftop confirmed on satellite review; current pin (geocode:geocodio) sits on the plant roof: Pin is on elongated industrial/light-commercial roof within material-yard area. Building has mixed nearby labels including church occupancy; current tenant and  (wood modular facility review 2026-10-01; proposed for owner review in PR)
IC-92629,lat_lon,"28.368688,-80.736539",2026-10-01,"Builder Modules-#1 Cocoa: rooftop confirmed on satellite review; current pin (geocode:geocodio) sits on the plant roof: Pin is on small-to-medium light-industrial roof in carpentry/warehouse complex along Cocoa Boulevard. Workshop plausible, but volumetric factory use unverified. (wood modular facility review 2026-10-01; proposed for owner review in PR)"
IC-92720,lat_lon,"28.693014,-81.348645",2026-10-01,"Cornerstone Design Build, Inc.: rooftop confirmed on satellite review; current pin (geocode:geocodio) sits on the plant roof: Pin centrally on elongated industrial/workshop roof with surrounding vehicle/material yard. Industrial-site plausibility; current operator and volumetric output (wood modular facility review 2026-10-01; proposed for owner review in PR)"
IC-92799,lat_lon,"28.640556,-81.462087",2026-10-01,"Finfrock Industries, LLC.: rooftop confirmed on satellite review; current pin (geocode:geocodio) sits on the plant roof: Pin is on the front rectangular roof of a substantial industrial campus with extensive long casting/storage beds behind. Industrial-site plausibility is strong; (wood modular facility review 2026-10-01; proposed for owner review in PR)"
IC-92816,lat_lon,"27.210467,-81.863720",2026-10-01,"Force 5 Structures: rooftop confirmed on satellite review; current pin (geocode:geocodio) sits on the plant roof: Pin on north portion of a large industrial roof labeled Worldwide Trailer LLC, with adjacent manufacturing/material yards. Physical factory plausible; company a (wood modular facility review 2026-10-01; proposed for owner review in PR)"
IC-94763,lat_lon,"29.289650,-81.115855",2026-10-01,"Germfree Laboratories, LLC: rooftop confirmed on satellite review; current pin (geocode:geocodio) sits on the plant roof: Pin is on north projecting roof section attached to larger industrial workshop, with service/material areas around building. Industrial use plausible; current t (wood modular facility review 2026-10-01; proposed for owner review in PR)"
IC-94551,lat_lon,"27.452527,-80.367921",2026-10-01,"ISLAND STYLE HOMES, INC.: rooftop confirmed on satellite review; current pin (geocode:geocodio) sits on the plant roof: Pin is on small-to-medium industrial shed amid large cleared work yard, material stacks and rows of trailer/module-sized units. Plausible fabrication site, no i (wood modular facility review 2026-10-01; proposed for owner review in PR)"
IC-92917,lat_lon,"28.639017,-81.825114",2026-10-01,"Intellisteel Group, LLC: rooftop confirmed on satellite review; current pin (geocode:geocodio) sits on the plant roof: Pin centrally on very large industrial roof labeled Keller Warehousing & Distribution/Four Seasons Building Products. Industrial roof plausible, but current ten (wood modular facility review 2026-10-01; proposed for owner review in PR)"
IC-92925,lat_lon,"28.829969,-81.907097",2026-10-01,"J. E. Hill Contractor, Inc.: rooftop confirmed on satellite review; current pin (geocode:geocodio) sits on the plant roof: Pin on elongated industrial workshop roof with extensive outdoor fabrication/material inventory and cranes. Industrial production-site plausible; products/mater (wood modular facility review 2026-10-01; proposed for owner review in PR)"
IC-92989,lat_lon,"30.820916,-85.177476",2026-10-01,"Mammoth Factory Corp: rooftop confirmed on satellite review; current pin (geocode:geocodio) sits on the plant roof: Pin is on the roof of a large industrial campus with substantial parking and loading aprons. Industrial factory roof plausible; Maps tenant labels differ, so cu (wood modular facility review 2026-10-01; proposed for owner review in PR)"
IC-93052,lat_lon,"28.006864,-82.045263",2026-10-01,ModSpace-Whitten Rd-Lakeland: rooftop confirmed on satellite review; current pin (geocode:geocodio) sits on the plant roof: Pin well inside very large warehouse/industrial roof at Gatelan Drive/Whitten Road. Industrial footprint plausible; current operator and production role unverif (wood modular facility review 2026-10-01; proposed for owner review in PR)
IC-93087,lat_lon,"28.801842,-81.299746",2026-10-01,"Nelson, L. C.: rooftop confirmed on satellite review; current pin (geocode:geocodio) sits on the plant roof: Pin lies on elongated light-industrial roof with material/storage activity around it along Albright Road. Industrial use plausible, current entity and products  (wood modular facility review 2026-10-01; proposed for owner review in PR)"
IC-96095,lat_lon,"26.244964,-80.137787",2026-10-01,"Onx Homes, Inc.: rooftop confirmed on satellite review; current pin (geocode:geocodio) sits on the plant roof: Pin is well inside broad industrial factory/warehouse roof west of I95, with material/production yard along south side. Physical factory roof plausible; constru (wood modular facility review 2026-10-01; proposed for owner review in PR)"
IC-93164,lat_lon,"30.370103,-81.638274",2026-10-01,"PR MODULAR CORP.: rooftop confirmed on satellite review; current pin (geocode:geocodio) sits on the plant roof: Pin on elongated industrial roof within multi-building manufacturing/woodworking campus beside Long Branch. Roof physically plausible, exact current business us (wood modular facility review 2026-10-01; proposed for owner review in PR)"
IC-93170,lat_lon,"25.833302,-80.254778",2026-10-01,"PREFABRICA TECH INDUSTRIES, LLC: rooftop confirmed on satellite review; current pin (geocode:geocodio) sits on the plant roof: Pin well within extensive industrial factory/warehouse roof beside railway. Industrial rooftop plausible; exact operator and product material unverified. (wood modular facility review 2026-10-01; proposed for owner review in PR)"
IC-93151,lat_lon,"27.341536,-82.525083",2026-10-01,Places Modular LLC: rooftop confirmed on satellite review; current pin (geocode:geocodio) sits on the plant roof: Pin on elongated light-industrial roof along Apricot Avenue with vehicle/material access. Modest workshop scale within mixed residential/industrial neighborhood (wood modular facility review 2026-10-01; proposed for owner review in PR)
IC-93243,lat_lon,"25.467668,-80.481153",2026-10-01,SAILED HOMES LLC: rooftop confirmed on satellite review; current pin (geocode:geocodio) sits on the plant roof: Pin at northwest corner of medium industrial building roof within fabrication/storage complex containing modular-sized units. Industrial use plausible; product  (wood modular facility review 2026-10-01; proposed for owner review in PR)
IC-94855,lat_lon,"29.295591,-81.120716",2026-10-01,Starlite Diners: rooftop confirmed on satellite review; current pin (geocode:geocodio) sits on the plant roof: Pin is on elongated industrial warehouse roof immediately south of separately labeled Valiant Modular campus. Rooftop physically plausible; potential historical (wood modular facility review 2026-10-01; proposed for owner review in PR)
IC-93461,lat_lon,"31.024540,-83.070168",2026-10-01,"Affinity Modular: rooftop confirmed on satellite review; current pin (geocode:geocodio) sits on the plant roof: Pin well inside large industrial roof labeled Affinity Modular, surrounded by many completed module-sized units and production/material yards. Strong factory-ro (wood modular facility review 2026-10-01; proposed for owner review in PR)"
IC-23551,lat_lon,"31.253322,-82.416755",2026-10-01,"CMH Mfg., Inc. - Clayton / Waycross #930: rooftop confirmed on satellite review; current pin (geocode:geocodio) sits on the plant roof: Pin well inside broad factory roof with many completed house-sized modules and material stacks in surrounding staging yard. Strong manufacturing-site plausibili (wood modular facility review 2026-10-01; proposed for owner review in PR)"
IC-94734,lat_lon,"31.451683,-82.854115",2026-10-01,"Design Space, Inc. / Homerville: rooftop confirmed on satellite review; current pin (geocode:geocodio) sits on the plant roof: Pin on large multi-bay industrial factory roof with extensive rows of module/trailer-sized units. Maps identifies Douglas although record name says Homerville.  (wood modular facility review 2026-10-01; proposed for owner review in PR)"
IC-92749,lat_lon,"31.451683,-82.854115",2026-10-01,"Design Space, Inc. D: rooftop confirmed on satellite review; current pin (geocode:geocodio) sits on the plant roof: Same original coordinate and factory roof as IC-94734 Design Space Homerville, with extensive surrounding module/trailer inventory. Shared-site possible duplica (wood modular facility review 2026-10-01; proposed for owner review in PR)"
IC-30940,lat_lon,"31.501073,-82.882334",2026-10-01,"Diamond Builders Inc: rooftop confirmed on satellite review; current pin (geocode:geocodio) sits on the plant roof: Pin centered on long industrial factory roof with multiple adjacent production buildings, material stacks and module-sized units around campus. Strong factory-s (wood modular facility review 2026-10-01; proposed for owner review in PR)"
IC-94747,lat_lon,"32.597664,-84.238353",2026-10-01,"Eubanks Custom Builders, Inc.: rooftop confirmed on satellite review; current pin (geocode:geocodio) sits on the plant roof: Pin lands on broad rectangular metal roof east of US Hwy 19; cleared industrial yard and small ancillary sheds. (wood modular facility review 2026-10-01; proposed for owner review in PR)"
IC-95063,lat_lon,"31.698197,-83.246519",2026-10-01,Georgia Modular Systems: rooftop confirmed on satellite review; current pin (geocode:geocodio) sits on the plant roof: Pin on broad industrial roof in large mixed warehouse complex with paved storage areas off Stuart Way. (wood modular facility review 2026-10-01; proposed for owner review in PR)
IC-92849,lat_lon,"31.547424,-83.819820",2026-10-01,"Great Plains Residential Homes, Inc.: rooftop confirmed on satellite review; current pin (geocode:geocodio) sits on the plant roof: Pin on large light metal roof beside Ashburn Highway, adjoining industrial structures and paved apron; fields and woods around complex. (wood modular facility review 2026-10-01; proposed for owner review in PR)"
IC-23661,lat_lon,"31.803153,-82.411286",2026-10-01,"Highline Structures, LLC: rooftop confirmed on satellite review; current pin (geocode:geocodio) sits on the plant roof: Pin on large rectangular factory roof labeled Impact Housing; rows of long modules staged north and west. (wood modular facility review 2026-10-01; proposed for owner review in PR)"
IC-93530,lat_lon,"31.112252,-83.789962",2026-10-01,"Ice House America: rooftop confirmed on satellite review; current pin (geocode:geocodio) sits on the plant roof: Pin on broad interconnected industrial roofs labeled Ice House America, with truck access and small outbuildings. (wood modular facility review 2026-10-01; proposed for owner review in PR)"
IC-93547,lat_lon,"33.653893,-84.013746",2026-10-01,Madison Industries Georgia: rooftop confirmed on satellite review; current pin (geocode:geocodio) sits on the plant roof: Pin at roof junction within long metal-roof industrial complex labeled Madison Industries; adjacent yard and stacked materials. (wood modular facility review 2026-10-01; proposed for owner review in PR)
IC-93038,lat_lon,"32.906070,-84.313013",2026-10-01,ModCorr LLC-Thomaston: rooftop confirmed on satellite review; current pin (geocode:geocodio) sits on the plant roof: Pin on large multi-section light industrial roof beside lake; broad cleared apron and loop truck drive. (wood modular facility review 2026-10-01; proposed for owner review in PR)
IC-93821,lat_lon,"34.131397,-83.972313",2026-10-01,"Mustard Seed Tiny Homes: rooftop confirmed on satellite review; current pin (geocode:geocodio) sits on the plant roof: Pin on smaller metal roof between two large industrial buildings; Mustard Seed Tiny Homes map label is on separate building farther north, so business-site matc (wood modular facility review 2026-10-01; proposed for owner review in PR)"
IC-93086,lat_lon,"31.828329,-83.737130",2026-10-01,Nationwide Homes GA Division - #5: rooftop confirmed on satellite review; current pin (geocode:geocodio) sits on the plant roof: Pin on long light industrial roof with attached darker section and paved yard off Industrial Boulevard. (wood modular facility review 2026-10-01; proposed for owner review in PR)
IC-93126,lat_lon,"30.968326,-84.048045",2026-10-01,Park Models&Modulars Pinnacle Park: rooftop confirmed on satellite review; current pin (geocode:geocodio) sits on the plant roof: Pin on medium elongated workshop roof with adjacent smaller sheds and mobile structures in yard between Main Street and railroad. (wood modular facility review 2026-10-01; proposed for owner review in PR)
IC-95373,lat_lon,"34.561429,-83.327154",2026-10-01,"Yesterway Cabin Company: rooftop confirmed on satellite review; current pin (geocode:geocodio) sits on the plant roof: Pin on medium metal-roof workshop east of Swift Street, with several long sheds and material staging behind it. (wood modular facility review 2026-10-01; proposed for owner review in PR)"
IC-47713,lat_lon,"43.042494,-91.391363",2026-10-01,ART'S-WAY SCIENTIFIC INC: rooftop confirmed on satellite review; current pin (geocode:geocodio) sits on the plant roof: Pin on broad rectangular light industrial roof near US18; ancillary sheds and material yard north. (wood modular facility review 2026-10-01; proposed for owner review in PR)
IC-47549,lat_lon,"41.338562,-93.999576",2026-10-01,"Merchandising Frontiers, Inc.: rooftop confirmed on satellite review; current pin (geocode:geocodio) sits on the plant roof: Pin on large rectangular industrial roof with truck apron and extensive outdoor material storage south/east. (wood modular facility review 2026-10-01; proposed for owner review in PR)"
IC-94463,lat_lon,"43.610870,-116.484026",2026-10-01,AUTOVOL INC: rooftop confirmed on satellite review; current pin (geocode:geocodio) sits on the plant roof: Pin on very large white industrial roof labeled Autovol; dense orderly rows of modular units in eastern staging yard. (wood modular facility review 2026-10-01; proposed for owner review in PR)
IC-48555,lat_lon,"43.551945,-116.159558",2026-10-01,"GUERDON, LLC: rooftop confirmed on satellite review; current pin (geocode:geocodio) sits on the plant roof: Pin centered on broad blue industrial roof in warehouse district, with long materials and yard surrounding. (wood modular facility review 2026-10-01; proposed for owner review in PR)"
IC-48571,lat_lon,"43.555140,-116.160854",2026-10-01,Nashua Builders: rooftop confirmed on satellite review; current pin (geocode:geocodio) sits on the plant roof: Pin centered on large industrial roof labeled Nashua Builders; many modules staged in yards north/east. (wood modular facility review 2026-10-01; proposed for owner review in PR)
IC-93913,lat_lon,"43.563114,-116.177855",2026-10-01,SMV MANAGEMENT LLC: rooftop confirmed on satellite review; current pin (geocode:geocodio) sits on the plant roof: Pin on metal industrial roof amid container/module storage and multiple workshops off E Boeing Lane. (wood modular facility review 2026-10-01; proposed for owner review in PR)
IC-93915,lat_lon,"47.801746,-116.888962",2026-10-01,STRATFORD BUILDING CORPORATION: rooftop confirmed on satellite review; current pin (geocode:geocodio) sits on the plant roof: Pin centered on substantial rectangular light industrial roof; ancillary sheds and open module/material yard east and south. (wood modular facility review 2026-10-01; proposed for owner review in PR)
IC-93527,lat_lon,"40.623269,-89.329902",2026-10-01,HOMEWAY COMMERCIAL: rooftop confirmed on satellite review; current pin (geocode:geocodio) sits on the plant roof: Pin on front/ancillary roof connected to large L-shaped production building; many long modules staged in north/east yards. (wood modular facility review 2026-10-01; proposed for owner review in PR)
IC-95009,lat_lon,"38.694331,-90.171003",2026-10-01,KB PODS LLC: rooftop confirmed on satellite review; current pin (overture:place) sits on the plant roof: Pin on very long white warehouse/industrial roof between West 2nd and West 3rd Streets in extensive industrial complex. (wood modular facility review 2026-10-01; proposed for owner review in PR)
IC-95572,lat_lon,"41.812326,-87.732026",2026-10-01,KINEXX MODULAR CONSTRUCTION (PENDING 000150): rooftop confirmed on satellite review; current pin (geocode:geocodio) sits on the plant roof: Pin on large multi-bay industrial roof labeled Kinexx Modular Construction in dense manufacturing district. (wood modular facility review 2026-10-01; proposed for owner review in PR)
IC-95084,lat_lon,"41.652055,-88.074112",2026-10-01,Metropolitan Industries: rooftop confirmed on satellite review; current pin (geocode:geocodio) sits on the plant roof: Pin on northern end of long broad industrial roof with rear yard and truck-sized access; Ion Technologies label along building. (wood modular facility review 2026-10-01; proposed for owner review in PR)
IC-93848,lat_lon,"42.394317,-87.895255",2026-10-01,PrefabPads LLC: rooftop confirmed on satellite review; current pin (geocode:geocodio) sits on the plant roof: Pin on long broad white industrial roof labeled PrefabPads/Ludlow Manufacturing; factory-scale footprint in industrial district. (wood modular facility review 2026-10-01; proposed for owner review in PR)
IC-93601,lat_lon,"39.505445,-88.175813",2026-10-01,Safety Storage Inc: rooftop confirmed on satellite review; current pin (geocode:geocodio) sits on the plant roof: Pin centered on substantial gray industrial roof with outdoor material/module staging along north side and industrial neighbors. (wood modular facility review 2026-10-01; proposed for owner review in PR)
IC-93834,lat_lon,"42.157708,-87.935498",2026-10-01,"Sustainable Imprints Inc: rooftop confirmed on satellite review; current pin (geocode:geocodio) sits on the plant roof: Pin on broad industrial roof beside railroad, with loading areas and nearby warehouses; map label International Toner Corporation, business identity unverified. (wood modular facility review 2026-10-01; proposed for owner review in PR)"
IC-93517,lat_lon,"41.713818,-85.962131",2026-10-01,4 SQUARE MODULAR 1 LLC: rooftop confirmed on satellite review; current pin (geocode:geocodio) sits on the plant roof: Pin on long narrow industrial roof south of Miner Road; adjacent production sheds and trailer/module storage yards. (wood modular facility review 2026-10-01; proposed for owner review in PR)
IC-93462,lat_lon,"41.696615,-85.875000",2026-10-01,AGM Structures LLC: rooftop confirmed on satellite review; current pin (geocode:geocodio) sits on the plant roof: Pin on elongated white industrial roof south of Protecta Drive; trailers/modules and materials arranged around rear yard. (wood modular facility review 2026-10-01; proposed for owner review in PR)
IC-94687,lat_lon,"39.030347,-87.150612",2026-10-01,"Advance Building Concepts Indiana Operations, LLC: rooftop confirmed on satellite review; current pin (geocode:geocodio) sits on the plant roof: Pin on western light-roof section of very large industrial building labeled AECOM, with broad paved apron and yard. (wood modular facility review 2026-10-01; proposed for owner review in PR)"
IC-94677,lat_lon,"41.447318,-86.029794",2026-10-01,Commercial Structures Corp.: rooftop confirmed on satellite review; current pin (geocode:geocodio) sits on the plant roof: Pin on elongated white workshop roof amid modular/RV industrial district; smaller structures and staged units around lot. (wood modular facility review 2026-10-01; proposed for owner review in PR)
IC-51787,lat_lon,"41.443661,-85.969557",2026-10-01,HECKAMAN HOMES: rooftop confirmed on satellite review; current pin (geocode:geocodio) sits on the plant roof: Pin on central elongated industrial roof; extensive modular units and ancillary sheds around production yard. (wood modular facility review 2026-10-01; proposed for owner review in PR)
IC-94919,lat_lon,"41.500166,-85.833278",2026-10-01,"IteraSpace: rooftop confirmed on satellite review; current pin (geocode:geocodio) sits on the plant roof: Pin on narrow metal-roof workshop between Route 15 and railroad; additional long sheds south, small industrial footprint rather than residence. (wood modular facility review 2026-10-01; proposed for owner review in PR)"
IC-94140,lat_lon,"41.072729,-86.190789",2026-10-01,MODULAR BUILDERS PLANT #2: rooftop confirmed on satellite review; current pin (geocode:geocodio) sits on the plant roof: Pin on connected industrial roofs with very extensive rows of modular units stored north of factory. (wood modular facility review 2026-10-01; proposed for owner review in PR)
IC-93556,lat_lon,"39.747955,-86.028027",2026-10-01,MODULAR DEVICES ACQUISITION: rooftop confirmed on satellite review; current pin (geocode:geocodio) sits on the plant roof: Pin on long broad light industrial roof with multiple truck bays and trailers on western side. (wood modular facility review 2026-10-01; proposed for owner review in PR)
IC-95576,lat_lon,"39.876993,-86.232289",2026-10-01,"MODULAR DEVICES INC: rooftop confirmed on satellite review; current pin (geocode:geocodio) sits on the plant roof: Pin on elongated warehouse/industrial roof with truck access, map label LEE Outlet Showroom; building type plausible but business match unverified. (wood modular facility review 2026-10-01; proposed for owner review in PR)"
IC-94688,lat_lon,"41.660974,-85.943472",2026-10-01,"Medical Structures, LLC: rooftop confirmed on satellite review; current pin (overture:place) sits on the plant roof: Pin on elongated metal industrial roof with adjoining production buildings and material yard west; surrounded by mixed residential/light industrial area. (wood modular facility review 2026-10-01; proposed for owner review in PR)"
IC-94796,lat_lon,"41.660982,-86.023801",2026-10-01,Michiana Mobile Structures: rooftop confirmed on satellite review; current pin (geocode:geocodio) sits on the plant roof: Pin on multi-section industrial factory roof; large vehicle/module yards nearby and Forest River plant map label to east. (wood modular facility review 2026-10-01; proposed for owner review in PR)
IC-93020,lat_lon,"41.650849,-86.020989",2026-10-01,"Mobile/Modular Express II: rooftop confirmed on satellite review; current pin (geocode:geocodio) sits on the plant roof: Pin on broad white factory roof with paved apron, materials and long trailers/modules in surrounding yard. (wood modular facility review 2026-10-01; proposed for owner review in PR)"
IC-51359,lat_lon,"41.073507,-86.205110",2026-10-01,ROCHESTER HOMES INC: rooftop confirmed on satellite review; current pin (geocode:geocodio) sits on the plant roof: Pin on very long narrow factory roof along E Lucas Street with broad module staging yard east. (wood modular facility review 2026-10-01; proposed for owner review in PR)
IC-94244,lat_lon,"41.548903,-85.770974",2026-10-01,SPEED SPACE: rooftop confirmed on satellite review; current pin (geocode:geocodio) sits on the plant roof: Pin on medium industrial workshop roof beside County Road 31; very large trailer/module storage field immediately southwest. (wood modular facility review 2026-10-01; proposed for owner review in PR)
IC-94858,lat_lon,"41.543450,-84.943333",2026-10-01,"Superior Canopy Corp dba Superior Building Systems: rooftop confirmed on satellite review; current pin (geocode:geocodio) sits on the plant roof: Pin on metal production roof within Superior Canopy compound, with smaller roofs and extensive outdoor material storage. (wood modular facility review 2026-10-01; proposed for owner review in PR)"
IC-93919,lat_lon,"41.650610,-86.018926",2026-10-01,"THERMOBOND BUILDINGS: rooftop confirmed on satellite review; current pin (geocode:geocodio) sits on the plant roof: Pin on eastern multi-section industrial roof in Thermo Bond Buildings complex, surrounded by staged modules/materials. (wood modular facility review 2026-10-01; proposed for owner review in PR)"
IC-93802,lat_lon,"41.650849,-86.020989",2026-10-01,"Thermo Bond Buildings LLC: rooftop confirmed on satellite review; current pin (geocode:geocodio) sits on the plant roof: Pin on broad white factory roof with paved apron and long trailers/modules in yard; same coordinate as IC-93020, independently captured. (wood modular facility review 2026-10-01; proposed for owner review in PR)"
IC-94866,lat_lon,"41.701881,-86.875158",2026-10-01,Tonn & Blank Construction: rooftop confirmed on satellite review; current pin (geocode:geocodio) sits on the plant roof: Pin on long low industrial/office roof within Tonn and Blank compound; several workshops and sizeable materials yard south. (wood modular facility review 2026-10-01; proposed for owner review in PR)
IC-93844,lat_lon,"39.813018,-86.007229",2026-10-01,Volumod: rooftop confirmed on satellite review; current pin (overture:place) sits on the plant roof: Pin centered on huge multi-section white factory roof labeled Volumod; dense module staging yard east. (wood modular facility review 2026-10-01; proposed for owner review in PR)
IC-94461,lat_lon,"37.434801,-94.675510",2026-10-01,"Atkinson Industries Inc: rooftop confirmed on satellite review; current pin (geocode:geocodio) sits on the plant roof: Pin on T-shaped industrial roof labeled nVent Enclosure Systems, surrounded by extensive storage/material yard. (wood modular facility review 2026-10-01; proposed for owner review in PR)"
IC-94117,lat_lon,"38.827203,-94.838547",2026-10-01,"EXCELLERATE: rooftop confirmed on satellite review; current pin (geocode:geocodio) sits on the plant roof: Pin on huge rectangular white industrial roof labeled Excellerate/Faith technologies, with loading docks and large parking lot. (wood modular facility review 2026-10-01; proposed for owner review in PR)"
IC-93513,lat_lon,"38.827203,-94.838547",2026-10-01,"EXCELLERATE, OLATHE EAST: rooftop confirmed on satellite review; current pin (geocode:geocodio) sits on the plant roof: Pin on huge white industrial roof labeled Excellerate, same original coordinate as IC-94117; loading docks and parking visible. (wood modular facility review 2026-10-01; proposed for owner review in PR)"
IC-95967,lat_lon,"37.899188,-97.789037",2026-10-01,"National Modular Manufacturing: rooftop confirmed on satellite review; current pin (geocode:geocodio) sits on the plant roof: Pin on connected metal workshop roofs southwest of Switzer Road, with substantial materials and small modules in yard. (wood modular facility review 2026-10-01; proposed for owner review in PR)"
IC-52453,lat_lon,"39.367023,-97.123976",2026-10-01,"WARDCRAFT HOMES, INC.: rooftop confirmed on satellite review; current pin (overture:place) sits on the plant roof: Pin on large dark metal factory roof with multiple ancillary structures and module/material yard east. (wood modular facility review 2026-10-01; proposed for owner review in PR)"
IC-93422,lat_lon,"38.379192,-85.743425",2026-10-01,"Weber Group, Inc.: rooftop confirmed on satellite review; current pin (geocode:geocodio) sits on the plant roof: Pin on medium white industrial roof in business park off Progress Way with service yard/parking; building plausible, business identity unverified. (wood modular facility review 2026-10-01; proposed for owner review in PR)"
IC-58061,lat_lon,"44.246016,-70.514410",2026-10-01,"KBS Builders, Inc.: rooftop confirmed on satellite review; current pin (geocode:geocodio) sits on the plant roof: Pin centered on large rectangular industrial roof labeled KBS Builders; modules/materials staged south and around production yard. (wood modular facility review 2026-10-01; proposed for owner review in PR)"
IC-93825,lat_lon,"45.067128,-83.448124",2026-10-01,BCubed Manufacturing LLC: rooftop confirmed on satellite review; current pin (geocode:geocodio_street) sits on the plant roof: Pin at edge of dark-roof industrial section within large multi-building manufacturing complex with paved material yard. (wood modular facility review 2026-10-01; proposed for owner review in PR)
IC-94761,lat_lon,"43.605592,-84.015182",2026-10-01,General Housing Corporation: rooftop confirmed on satellite review; current pin (overture:place) sits on the plant roof: Pin on long north-south industrial roof forming western side of multi-building factory campus; yards and trailers/materials east. (wood modular facility review 2026-10-01; proposed for owner review in PR)
IC-94137,lat_lon,"43.029000,-83.632865",2026-10-01,"MILLER INDUSTRIES, LLC: rooftop confirmed on satellite review; current pin (geocode:geocodio) sits on the plant roof: Pin on large multi-section industrial roof labeled NorthGate-Davison, with extensive truck aprons and loading bays. (wood modular facility review 2026-10-01; proposed for owner review in PR)"
IC-93594,lat_lon,"41.968681,-84.684278",2026-10-01,Ritz-Craft Corporation of MI Inc: rooftop confirmed on satellite review; current pin (geocode:geocodio) sits on the plant roof: Pin centered on broad industrial roof; many long modules staged around west and south perimeter of factory. (wood modular facility review 2026-10-01; proposed for owner review in PR)
IC-93460,lat_lon,"45.249256,-93.678926",2026-10-01,"ADVANCED VOLUMETRIC ALLIANCE, LLC: rooftop confirmed on satellite review; current pin (geocode:geocodio) sits on the plant roof: Pin on attached eastern/front wing of huge white industrial roof; dense rows of modules staged west and north around factory. (wood modular facility review 2026-10-01; proposed for owner review in PR)"
IC-61003,lat_lon,"44.184964,-93.247656",2026-10-01,"Custom Building Components, Inc.: rooftop confirmed on satellite review; current pin (geocode:geocodio) sits on the plant roof: Pin on rectangular dark metal industrial roof with lumber/component material storage north and south, truck-accessible yard. (wood modular facility review 2026-10-01; proposed for owner review in PR)"
IC-60537,lat_lon,"43.631528,-95.560714",2026-10-01,"FULLERTON BUILDING SYSTEMS: rooftop confirmed on satellite review; current pin (geocode:geocodio) sits on the plant roof: Pin on eastern light-roof section of large Fullerton Building Systems industrial complex, with multiple workshops and material yards. (wood modular facility review 2026-10-01; proposed for owner review in PR)"
IC-93564,lat_lon,"44.544805,-95.089578",2026-10-01,Northstar Systembuilt: rooftop confirmed on satellite review; current pin (geocode:geocodio) sits on the plant roof: Pin at eastern edge of substantial industrial roof labeled Northstar Systembuilt; module staging yards north and west. (wood modular facility review 2026-10-01; proposed for owner review in PR)
IC-93593,lat_lon,"44.068031,-93.254172",2026-10-01,RISE MODULAR LLC: rooftop confirmed on satellite review; current pin (geocode:geocodio) sits on the plant roof: Pin centered on broad rectangular production roof labeled Rise Modular; large cleared staging yard surrounds plant. (wood modular facility review 2026-10-01; proposed for owner review in PR)
IC-93619,lat_lon,"45.165478,-93.507657",2026-10-01,STATES MANUFACTURING LLC: rooftop confirmed on satellite review; current pin (geocode:geocodio) sits on the plant roof: Pin on enormous white warehouse/industrial roof with broad truck apron and parking; factory-scale building clear although tenant label differs. (wood modular facility review 2026-10-01; proposed for owner review in PR)
IC-60386,lat_lon,"46.689472,-92.221223",2026-10-01,WORLDWIDE HOMES: rooftop confirmed on satellite review; current pin (geocode:geocodio) sits on the plant roof: Pin on medium rectangular metal workshop/industrial roof beside Grand Avenue with small service yard; forest surrounds property. (wood modular facility review 2026-10-01; proposed for owner review in PR)
IC-94478,lat_lon,"38.820852,-90.511095",2026-10-01,CRAFTSMEN INDUSTRIES INC: rooftop confirmed on satellite review; current pin (geocode:geocodio) sits on the plant roof: Pin on broad white industrial roof beside Elm Point Industrial Drive; extensive long-trailer/vehicle staging yard west. (wood modular facility review 2026-10-01; proposed for owner review in PR)
IC-95004,lat_lon,"37.216205,-93.254208",2026-10-01,"CREATIVE MODULAR CONSTRUCTION: rooftop confirmed on satellite review; current pin (geocode:geocodio) sits on the plant roof: Pin on modest metal-roof workshop north of E Central Court with concrete yard; mixed light-industrial neighbors, much smaller than warehouse across road. (wood modular facility review 2026-10-01; proposed for owner review in PR)"
IC-93491,lat_lon,"37.220136,-93.366059",2026-10-01,Creative Modular Construction (1012): rooftop confirmed on satellite review; current pin (geocode:geocodio) sits on the plant roof: Exact pin lands on large rectangular industrial roof with multiple loading bays and truck/material yard; Creative Modular Construction label visible. Industrial (wood modular facility review 2026-10-01; proposed for owner review in PR)
IC-93492,lat_lon,"37.201154,-93.229054",2026-10-01,"Creative Modular Construction (3228): rooftop confirmed on satellite review; current pin (geocode:geocodio) sits on the plant roof: Exact pin on corrugated industrial shed roof amid multiple long sheds, open material yard and parked trucks; industrial site west of S Ingram Mill Avenue. (wood modular facility review 2026-10-01; proposed for owner review in PR)"
IC-93493,lat_lon,"37.229054,-93.356301",2026-10-01,"Creative Modular Construction - Eldon: rooftop confirmed on satellite review; current pin (geocode:geocodio) sits on the plant roof: Exact pin on white-roof light-industrial building with loading/service apron and separate shed; Piper Carpentry label. Residential neighborhood lies west, but p (wood modular facility review 2026-10-01; proposed for owner review in PR)"
IC-93495,lat_lon,"37.212372,-93.236991",2026-10-01,"Creative Modular Construction - Prince: rooftop confirmed on satellite review; current pin (geocode:geocodio) sits on the plant roof: Exact pin on multi-section industrial roof labeled Creative Modular Construction, with paved parking/loading apron in industrial park. (wood modular facility review 2026-10-01; proposed for owner review in PR)"
IC-94807,lat_lon,"36.991658,-93.627061",2026-10-01,"Modular Manufacturing LLC: rooftop confirmed on satellite review; current pin (geocode:geocodio) sits on the plant roof: Pin is on north end of a long rectangular white industrial roof labeled Modular Manufacturing, with gravel access/service apron; rural factory-sized building. (wood modular facility review 2026-10-01; proposed for owner review in PR)"
IC-66560,lat_lon,"36.185987,-80.809328",2026-10-01,136481 - THADS ENTERPRISES: rooftop confirmed on satellite review; current pin (geocode:geocodio) sits on the plant roof: Pin on north edge of sizable corrugated industrial roof beside US Highway 21 with open service yard. Weathered roof and adjacent machinery/towing labels; manufa (wood modular facility review 2026-10-01; proposed for owner review in PR)
IC-95881,lat_lon,"35.626145,-80.522952",2026-10-01,"152335 - IDEAL GROUP INC.: rooftop confirmed on satellite review; current pin (geocode:geocodio) sits on the plant roof: Pin centered on large rectangular light industrial roof beside Peach Orchard Road, with apron and several trailers/structures along south-east edge. (wood modular facility review 2026-10-01; proposed for owner review in PR)"
IC-94672,lat_lon,"35.361057,-80.829284",2026-10-01,"Boxman Studios: rooftop confirmed on satellite review; current pin (geocode:geocodio) sits on the plant roof: Exact pin centered on large white industrial roof with connected smaller north building, loading/service apron and employee parking off Vance Davis Drive. (wood modular facility review 2026-10-01; proposed for owner review in PR)"
IC-65274,lat_lon,"36.275902,-78.597770",2026-10-01,"CMH manufacturing, Inc. (Clayton Homes - Oxford) #929: rooftop confirmed on satellite review; current pin (geocode:geocodio) sits on the plant roof: Exact pin centered on large connected industrial roof labeled Clayton Oxford, with employee parking and extensive material/module staging structures south of bu (wood modular facility review 2026-10-01; proposed for owner review in PR)"
IC-65923,lat_lon,"35.347472,-78.790540",2026-10-01,"Champion Home Builders, Inc. - Plant #23: rooftop confirmed on satellite review; current pin (geocode:geocodio) sits on the plant roof: Exact pin centered on very large white industrial roof labeled Champion Homes Manufacturing Facility, with substantial staging yard, secondary sheds and employe (wood modular facility review 2026-10-01; proposed for owner review in PR)"
IC-95046,lat_lon,"35.900975,-80.543055",2026-10-01,"Cripple Creek Cabins: rooftop confirmed on satellite review; current pin (geocode:geocodio) sits on the plant roof: Pin centered on large rectangular light roof and loading/service apron in industrial park, labeled VMC USA. Industrial roof plausible; Cripple Creek identity no (wood modular facility review 2026-10-01; proposed for owner review in PR)"
IC-64897,lat_lon,"36.345630,-78.976942",2026-10-01,"Mark Line Industries of NC: rooftop confirmed on satellite review; current pin (geocode:geocodio) sits on the plant roof: Pin on long rectangular industrial roof with service apron beside Lucy Garrett Road. Open Book Extracts label visible, so current occupant/modular identity unre (wood modular facility review 2026-10-01; proposed for owner review in PR)"
IC-65847,lat_lon,"35.751217,-79.482475",2026-10-01,"Nationwide Homes - Siler: rooftop confirmed on satellite review; current pin (geocode:geocodio) sits on the plant roof: Exact pin on north section of large connected industrial roof with extensive surrounding storage units/containers and truck access, labeled UNITS Moving & Porta (wood modular facility review 2026-10-01; proposed for owner review in PR)"
IC-93136,lat_lon,"35.764078,-78.512486",2026-10-01,"PCX HOLDING LLC: rooftop confirmed on satellite review; current pin (geocode:geocodio) sits on the plant roof: Pin centered on very large white industrial roof labeled PCX Corporation with loading apron, truck bays and employee parking. (wood modular facility review 2026-10-01; proposed for owner review in PR)"
IC-66896,lat_lon,"34.856583,-79.705400",2026-10-01,"Ritz-Craft Corporation of NC, Inc.: rooftop confirmed on satellite review; current pin (epa_frs) sits on the plant roof: Exact pin centered on very large industrial roof labeled Cavco-Hamlet, surrounded by finished modules, frames and employee parking. Physically plausible manufac (wood modular facility review 2026-10-01; proposed for owner review in PR)"
IC-95127,lat_lon,"34.322665,-78.694594",2026-10-01,"Waccamaw Builders, LLC: rooftop confirmed on satellite review; current pin (geocode:geocodio) sits on the plant roof: Pin on south section of substantial rectangular industrial roof at Maultsby Street and E Main Street, with adjacent open service yard. No visible use confirmati (wood modular facility review 2026-10-01; proposed for owner review in PR)"
IC-68611,lat_lon,"41.818542,-103.642433",2026-10-01,"FAMILY BUILT HOMES: rooftop confirmed on satellite review; current pin (geocode:geocodio) sits on the plant roof: Pin centered on sizable rectangular ribbed industrial roof east of Rundell Road, with trailers/materials around east and south service yard in industrial distri (wood modular facility review 2026-10-01; proposed for owner review in PR)"
IC-94853,lat_lon,"41.199266,-95.953365",2026-10-01,"Smart Space LLC: rooftop confirmed on satellite review; current pin (geocode:geocodio) sits on the plant roof: Pin on small connected industrial/workshop roof in large gravel equipment/material yard west of S 27th Street. Factory-sized outdoor work compound plausible, bu (wood modular facility review 2026-10-01; proposed for owner review in PR)"
IC-93585,lat_lon,"43.382557,-72.356268",2026-10-01,"Preferred Building Systems: rooftop confirmed on satellite review; current pin (geocode:geocodio) sits on the plant roof: Pin on north large roof section of manufacturing campus labeled Preferred Building Systems and New England Homes, with loading apron, trailers/modules and parki (wood modular facility review 2026-10-01; proposed for owner review in PR)"
IC-94794,lat_lon,"40.707552,-74.066567",2026-10-01,Mark Solutions Inc: rooftop confirmed on satellite review; current pin (geocode:geocodio) sits on the plant roof: Exact pin on large connected multi-section industrial roof/campus along Pacific Avenue near rail yards. Some courtyard/office-like portions and nearby mixed ten (wood modular facility review 2026-10-01; proposed for owner review in PR)
IC-93646,lat_lon,"36.037715,-115.013195",2026-10-01,"Xtreme Cubes Corporation: rooftop confirmed on satellite review; current pin (geocode:geocodio) sits on the plant roof: Exact pin centered on very large industrial production roof in campus labeled Xtreme Cubes Corp/Xtreme Manufacturing; extensive material storage, finished struc (wood modular facility review 2026-10-01; proposed for owner review in PR)"
IC-71000,lat_lon,"43.090002,-75.188345",2026-10-01,"Austin Mohawk and Company, Inc.: rooftop confirmed on satellite review; current pin (geocode:geocodio) sits on the plant roof: Pin on medium rectangular industrial roof at Beechgrove Place/Pitcher Street, with loading/material storage yard north and parking west. Industrial surroundings (wood modular facility review 2026-10-01; proposed for owner review in PR)"
IC-93531,lat_lon,"43.111196,-77.693009",2026-10-01,"IKONIQ INC.: rooftop confirmed on satellite review; current pin (geocode:geocodio) sits on the plant roof: Pin on southwest roof/attached small section of isolated rectangular industrial building at end of Airline Drive, with loop access and neighboring warehouses/tr (wood modular facility review 2026-10-01; proposed for owner review in PR)"
IC-93638,lat_lon,"41.662078,-73.555760",2026-10-01,"Westchester Modular Homes: rooftop confirmed on satellite review; current pin (geocode:geocodio) sits on the plant roof: Pin centered on large industrial roof labeled Westchester Modular Homes, with rows of modules/trailers and materials surrounding west/south apron. (wood modular facility review 2026-10-01; proposed for owner review in PR)"
IC-93541,lat_lon,"39.649032,-84.284721",2026-10-01,"Lab-Pro, Inc.: rooftop confirmed on satellite review; current pin (geocode:geocodio) sits on the plant roof: Pin on medium rectangular white industrial roof west of N Main Street with employee parking and adjacent truck/service yard. Industrial setting plausible though (wood modular facility review 2026-10-01; proposed for owner review in PR)"
IC-94951,lat_lon,"39.454051,-84.329977",2026-10-01,Uncontained: rooftop confirmed on satellite review; current pin (overture:place) sits on the plant roof: Pin on elongated industrial roof with broad paved loading/truck yard beside Lakeview Drive. Uncontained label in contiguous container yard to north; industrial  (wood modular facility review 2026-10-01; proposed for owner review in PR)
IC-73526,lat_lon,"36.043404,-96.079035",2026-10-01,"Madison Industries of Oklahoma: rooftop confirmed on satellite review; current pin (overture:place) sits on the plant roof: Pin on large multi-section industrial roof beside New Sapulpa Road, with service apron and loading access, labeled TEK-FINS, INC. Industrial geometry plausible; (wood modular facility review 2026-10-01; proposed for owner review in PR)"
IC-93607,lat_lon,"33.941782,-96.404608",2026-10-01,"Sg echo: rooftop confirmed on satellite review; current pin (overture:place) sits on the plant roof: Pin on north edge of long industrial roof with broad mostly empty gravel/paved apron at Waldron Drive/Lear. Factory form plausible, but operating status cannot  (wood modular facility review 2026-10-01; proposed for owner review in PR)"
IC-75546,lat_lon,"43.416523,-123.307344",2026-10-01,"317738396 - OPERATION TINY HOME: rooftop confirmed on satellite review; current pin (geocode:geocodio) sits on the plant roof: Pin on south workshop roof of multi-building industrial compound beside Stearns Lane, with sizable material/work yard north; Dean Resources label nearby. Factor (wood modular facility review 2026-10-01; proposed for owner review in PR)"
IC-93475,lat_lon,"44.850724,-122.874732",2026-10-01,"Blazer Modular Construction: rooftop confirmed on satellite review; current pin (geocode:geocodio) sits on the plant roof: Pin centered on large connected industrial roof north of Olney Street with long secondary sheds, loading bays/trailers and broad service yard. (wood modular facility review 2026-10-01; proposed for owner review in PR)"
IC-93846,lat_lon,"45.432241,-122.778143",2026-10-01,"Contekpro: rooftop confirmed on satellite review; current pin (geocode:geocodio) sits on the plant roof: Pin on east side of rectangular light-industrial/warehouse roof in small industrial complex off SW Tigard Street, labeled Barbur Event Rentals. Shape and access (wood modular facility review 2026-10-01; proposed for owner review in PR)"
IC-74815,lat_lon,"42.167452,-121.752448",2026-10-01,"Intelifab, LLC: rooftop confirmed on satellite review; current pin (internal:unique-name-rooftop-crossmatch) sits on the plant roof: Exact pin on long rectangular industrial roof labeled InteliFab with attached sections, material/service yard and employee parking off Swan Court/Joe Wright Roa (wood modular facility review 2026-10-01; proposed for owner review in PR)"
IC-94578,lat_lon,"40.795461,-76.999546",2026-10-01,"Apex Homes of PA, LLC: rooftop confirmed on satellite review; current pin (geocode:geocodio) sits on the plant roof: Pin centered on large connected industrial roof along US 522, with extensive module/trailer and frame storage around the compound and employee parking south. (wood modular facility review 2026-10-01; proposed for owner review in PR)"
IC-75731,lat_lon,"40.714746,-79.779736",2026-10-01,"CID Associates, Inc.: rooftop confirmed on satellite review; current pin (geocode:geocodio) sits on the plant roof: Pin on east attached roof section of large white-roof industrial building at Contour Drive/Ekastown Road, with loading/service apron and parking. (wood modular facility review 2026-10-01; proposed for owner review in PR)"
IC-78273,lat_lon,"41.223213,-79.534118",2026-10-01,"Castle Housing of Pennsylvania, Ltd: rooftop confirmed on satellite review; current pin (geocode:geocodio) sits on the plant roof: Exact pin centered on large industrial roof within extensive gravel equipment/material yard on Boyle Memorial Drive; manufacturing-sized compound clear. (wood modular facility review 2026-10-01; proposed for owner review in PR)"
IC-93490,lat_lon,"40.136163,-76.128009",2026-10-01,"Cozy Cabins, LLC: rooftop confirmed on satellite review; current pin (geocode:geocodio) sits on the plant roof: Exact pin on solar-panel-topped industrial workshop roof in multi-shed rural manufacturing compound with material/finished-unit staging yards off E Farmersville (wood modular facility review 2026-10-01; proposed for owner review in PR)"
IC-94736,lat_lon,"40.831086,-76.835592",2026-10-01,"Durabuilt Homes, LLC: rooftop confirmed on satellite review; current pin (geocode:geocodio) sits on the plant roof: Pin on south section of elongated white industrial roof along N Old Trail/rail corridor, with connected sheds and service space; industrial building plausible. (wood modular facility review 2026-10-01; proposed for owner review in PR)"
IC-79614,lat_lon,"39.735968,-77.536030",2026-10-01,Guardian Prefab: rooftop confirmed on satellite review; current pin (geocode:geocodio) sits on the plant roof: Exact pin on north end/attached section of long industrial roof amid large paved truck/vehicle lots near Airport Road. Industrial shell plausible; surrounding d (wood modular facility review 2026-10-01; proposed for owner review in PR)
IC-92867,lat_lon,"41.075414,-77.570457",2026-10-01,"Haven Group, Inc., The - BC: rooftop confirmed on satellite review; current pin (geocode:geocodio) sits on the plant roof: Pin at north-east edge of long industrial roof south of Eagle Valley Road, with extensive elongated staging yard holding numerous module/trailer-like units. Twi (wood modular facility review 2026-10-01; proposed for owner review in PR)"
IC-78042,lat_lon,"40.789959,-76.871683",2026-10-01,"Icon Legacy Custom Modular Homes LLC: rooftop confirmed on satellite review; current pin (geocode:geocodio) sits on the plant roof: Exact pin centered on large white industrial roof at Sand Hill Road/Industrial Park Road, with module-like units staged north and employee parking on both sides (wood modular facility review 2026-10-01; proposed for owner review in PR)"
IC-75953,lat_lon,"40.792990,-77.040905",2026-10-01,"MBSP-Plant 1: rooftop confirmed on satellite review; current pin (geocode:geocodio) sits on the plant roof: Pin on long narrow industrial roof in larger modular-like manufacturing campus south of E Market Street, with extensive staged units/materials and additional pr (wood modular facility review 2026-10-01; proposed for owner review in PR)"
IC-93483,lat_lon,"41.169907,-79.752085",2026-10-01,"Manorwood Homes: rooftop confirmed on satellite review; current pin (geocode:geocodio) sits on the plant roof: Exact pin on large industrial roof labeled Cavco-Manorwood, with rows of finished modules east, material staging and employee parking west. (wood modular facility review 2026-10-01; proposed for owner review in PR)"
IC-93549,lat_lon,"40.791601,-77.031576",2026-10-01,"Modular Building Systems of PA: rooftop confirmed on satellite review; current pin (geocode:geocodio) sits on the plant roof: Exact pin on large industrial roof labeled Custom Building Systems, with employee parking east and numerous finished modules/materials north-west. Hazy imagery  (wood modular facility review 2026-10-01; proposed for owner review in PR)"
IC-76328,lat_lon,"40.561840,-76.376736",2026-10-01,"Pleasant Valley Homes, Inc.: rooftop confirmed on satellite review; current pin (overture:place) sits on the plant roof: Pin on large factory roof within modular-home manufacturing campus, with numerous finished units/materials and loading/service yard; roof at exact coordinate cl (wood modular facility review 2026-10-01; proposed for owner review in PR)"
IC-78067,lat_lon,"41.349822,-75.718750",2026-10-01,"Signature Building Systems: rooftop confirmed on satellite review; current pin (overture:place) sits on the plant roof: Exact pin on southwest corner/edge of large factory roof labeled Signature Building Systems, with extensive rows of finished modules around north and east yard. (wood modular facility review 2026-10-01; proposed for owner review in PR)"
IC-93612,lat_lon,"41.427392,-75.690147",2026-10-01,"Simplex Industries, Inc.: rooftop confirmed on satellite review; current pin (geocode:geocodio) sits on the plant roof: Pin centered on large industrial roof labeled Simplex Homes, with module/trailer staging, loading/service yard and parking off Simplex Drive/N South Road. (wood modular facility review 2026-10-01; proposed for owner review in PR)"
IC-95121,lat_lon,"40.768687,-80.131663",2026-10-01,StarFlite Systems: rooftop confirmed on satellite review; current pin (geocode:geocodio) sits on the plant roof: Pin on east section of connected light-industrial roofs labeled StarFlite Systems beside Perry Highway. Workshop-sized facility with access apron; manufacturing (wood modular facility review 2026-10-01; proposed for owner review in PR)
IC-78072,lat_lon,"41.199602,-79.320269",2026-10-01,"Structural Modular Innovations, LLC: rooftop confirmed on satellite review; current pin (internal:contact-site-rooftop-crossmatch) sits on the plant roof: Exact pin centered on rectangular industrial roof south of Southern Avenue with loading apron, parking and frame/material rows alongside; modular-like yard also (wood modular facility review 2026-10-01; proposed for owner review in PR)"
IC-93019,lat_lon,"40.086472,-76.155572",2026-10-01,"Whitley East: rooftop confirmed on satellite review; current pin (geocode:geocodio) sits on the plant roof: Pin on south edge of long white industrial roof labeled Whitley East, with extensive material/structure staging and loading/service yard around building. (wood modular facility review 2026-10-01; proposed for owner review in PR)"
IC-93851,lat_lon,"40.090247,-76.093969",2026-10-01,"Zook Built, LLC: rooftop confirmed on satellite review; current pin (geocode:geocodio) sits on the plant roof: Pin on south section of medium rectangular industrial roof in manufacturing park along Commerce Drive, with surrounding material/structure staging and parking. (wood modular facility review 2026-10-01; proposed for owner review in PR)"
IC-75870,lat_lon,"41.057829,-76.246988",2026-10-01,"iBUILT (Deluxe Building Systems): rooftop confirmed on satellite review; current pin (geocode:geocodio) sits on the plant roof: Exact pin on north-west end of very long industrial manufacturing roof in Berwick complex, with loading docks, rail access and material yards. Label Berwick Off (wood modular facility review 2026-10-01; proposed for owner review in PR)"
IC-92784,lat_lon,"32.972955,-80.004094",2026-10-01,"Envision Prefab, LLC: rooftop confirmed on satellite review; current pin (geocode:geocodio) sits on the plant roof: Pin on north-west section of industrial roof in multi-shed production/material compound beside Henry E Brown Jr Boulevard; extensive containers, frames and mate (wood modular facility review 2026-10-01; proposed for owner review in PR)"
IC-92868,lat_lon,"32.529409,-81.012087",2026-10-01,"Haven Custom Homes (Ridgeland): rooftop confirmed on satellite review; current pin (geocode:geocodio) sits on the plant roof: Pin centered on long industrial roof along US 278/Cypress Ridge Drive, with broad gravel work apron and employee parking; Outpost Brands label near entrance, cu (wood modular facility review 2026-10-01; proposed for owner review in PR)"
IC-94090,lat_lon,"34.227420,-82.107516",2026-10-01,"Impresa Building Systems of Greenwood S.C., LLC: rooftop confirmed on satellite review; current pin (geocode:geocodio) sits on the plant roof: Exact pin on large connected industrial roof labeled BiltWise Structures with truck/loading apron, module-like structures and employee parking. (wood modular facility review 2026-10-01; proposed for owner review in PR)"
IC-95115,lat_lon,"33.183344,-80.552455",2026-10-01,"Signature Building Systems of SC, LLC: rooftop confirmed on satellite review; current pin (geocode:geocodio) sits on the plant roof: Pin centered on long industrial shed roof along Academy Road with extensive work/material yard to east/north and employee parking south. (wood modular facility review 2026-10-01; proposed for owner review in PR)"
IC-94852,lat_lon,"32.844986,-80.007385",2026-10-01,"Skywaves Corporation: rooftop confirmed on satellite review; current pin (geocode:geocodio) sits on the plant roof: Pin centered on very large white industrial roof with attached wings, loading bays and truck/material yards along Industrial Avenue/Pace Street. Port City Concr (wood modular facility review 2026-10-01; proposed for owner review in PR)"
IC-93336,lat_lon,"34.729916,-80.747141",2026-10-01,"Synergy Structures, LLC: rooftop confirmed on satellite review; current pin (geocode:geocodio) sits on the plant roof: Pin centered on rectangular industrial shed roof south of Camp Creek Road, with service apron and material storage south; nearby large warehouses and shared ind (wood modular facility review 2026-10-01; proposed for owner review in PR)"
IC-94674,lat_lon,"34.299618,-82.454959",2026-10-01,"Westwood Cabins: rooftop confirmed on satellite review; current pin (geocode:geocodio) sits on the plant roof: Pin centered on industrial workshop roof with multiple bays, secondary shed and extensive rows of cabin/shed units in gravel staging/display yard off Highway 18 (wood modular facility review 2026-10-01; proposed for owner review in PR)"
IC-93496,lat_lon,"43.990120,-97.109140",2026-10-01,"CUSTOM TOUCH HOMES LLC: rooftop confirmed on satellite review; current pin (geocode:geocodio) sits on the plant roof: Exact pin on long industrial roof with broad surrounding yard, sheds and numerous module-like units at SE 12th Street/Washington Avenue S. Fastenal Fulfillment  (wood modular facility review 2026-10-01; proposed for owner review in PR)"
IC-94927,lat_lon,"35.165097,-86.501742",2026-10-01,"JCF Housements Manufacturing LLC: rooftop confirmed on satellite review; current pin (geocode:geocodio) sits on the plant roof: Pin centered on large industrial roof off E Park Drive, with extensive structural frames/materials staged on north/east service apron. (wood modular facility review 2026-10-01; proposed for owner review in PR)"
IC-93540,lat_lon,"36.436039,-82.292192",2026-10-01,"KPS GLOBAL LLC: rooftop confirmed on satellite review; current pin (geocode:geocodio) sits on the plant roof: Exact pin falls on broad rectangular gray industrial roof north of Industrial Park Road, with adjacent employee parking and industrial neighbors. (wood modular facility review 2026-10-01; proposed for owner review in PR)"
IC-93017,lat_lon,"35.996840,-83.901134",2026-10-01,"Midwest LP dba Done Group: rooftop confirmed on satellite review; current pin (geocode:geocodio) sits on the plant roof: Exact pin falls near north edge of very large light industrial roof along Hoitt Avenue, with rail corridor south and industrial yards nearby; occupant identity  (wood modular facility review 2026-10-01; proposed for owner review in PR)"
IC-94084,lat_lon,"29.760648,-95.309313",2026-10-01,"AURA PREFAB, LLC: rooftop confirmed on satellite review; current pin (geocode:geocodio) sits on the plant roof: Exact pin is on long pale multi-bay industrial roof west of Kress Street, surrounded by warehouses and rail line; industrial-scale building is plausible. (wood modular facility review 2026-10-01; proposed for owner review in PR)"
IC-93520,lat_lon,"29.855111,-95.562601",2026-10-01,Gas Chromatography Systems Maxum LLC: rooftop confirmed on satellite review; current pin (geocode:geocodio) sits on the plant roof: Exact pin falls on long white industrial roof with many loading/service bays along east side; large manufacturing/warehouse form is plausible. (wood modular facility review 2026-10-01; proposed for owner review in PR)
IC-93807,lat_lon,"33.113005,-98.583796",2026-10-01,HUB Machine and Tool LP: rooftop confirmed on satellite review; current pin (internal:contact-site-rooftop-crossmatch) sits on the plant roof: Exact pin falls on long gray industrial roof within extensive fabrication/materials yard north of North Street; large quantities of elongated stock and frames s (wood modular facility review 2026-10-01; proposed for owner review in PR)
IC-94126,lat_lon,"30.286297,-97.709037",2026-10-01,"INSTABUILT LLC: rooftop confirmed on satellite review; current pin (geocode:geocodio) sits on the plant roof: Exact pin is on rectangular flat industrial/commercial roof beside rail corridor, with paved service area at south end. Building form is compatible with light i (wood modular facility review 2026-10-01; proposed for owner review in PR)"
IC-86591,lat_lon,"32.557059,-97.320500",2026-10-01,"Indicom Buildings: rooftop confirmed on satellite review; current pin (geocode:geocodio) sits on the plant roof: Exact pin falls centrally on large multi-bay industrial roof labeled Indicom Building, with dense rows of modular units stored around site west of I-35W. (wood modular facility review 2026-10-01; proposed for owner review in PR)"
IC-92938,lat_lon,"30.277371,-97.670815",2026-10-01,"Kasita: rooftop confirmed on satellite review; current pin (geocode:geocodio) sits on the plant roof: Exact pin falls on rectangular light-industrial roof north of Techni Center Drive, with side service/parking area in warehouse park; compatible building form, c (wood modular facility review 2026-10-01; proposed for owner review in PR)"
IC-93543,lat_lon,"33.163130,-97.283192",2026-10-01,"Lonestar Shelter Manufacturing: rooftop confirmed on satellite review; current pin (geocode:geocodio) sits on the plant roof: Exact pin falls on long narrow industrial shed at labeled Lonestar Shelter Manufacturing site north of Seaborn Road, with materials/work yard west and smaller p (wood modular facility review 2026-10-01; proposed for owner review in PR)"
IC-94142,lat_lon,"29.828566,-94.826517",2026-10-01,MOORE CONTROL SYSTEMS INC: rooftop confirmed on satellite review; current pin (geocode:geocodio) sits on the plant roof: Exact pin falls on medium rectangular metal industrial roof with concrete perimeter/service yard north of I-10 frontage road; compatible light-industrial buildi (wood modular facility review 2026-10-01; proposed for owner review in PR)
IC-93551,lat_lon,"29.958660,-95.528497",2026-10-01,"Mirror Houses USA, Inc: rooftop confirmed on satellite review; current pin (geocode:geocodio) sits on the plant roof: Exact pin is on large rectangular industrial roof with visible labels Mirror Houses USA and OOD Factory, within industrial park west of Cutten Road. (wood modular facility review 2026-10-01; proposed for owner review in PR)"
IC-93036,lat_lon,"29.622367,-95.260767",2026-10-01,ModCorr LLC: rooftop confirmed on satellite review; current pin (geocode:geocodio) sits on the plant roof: Exact pin falls on long light industrial shed south of Lambright Road with paved service apron and rows of stored structures/materials along east side; plausibl (wood modular facility review 2026-10-01; proposed for owner review in PR)
IC-93037,lat_lon,"29.673602,-95.234106",2026-10-01,"ModCorr LLC-S. Richey St.: rooftop confirmed on satellite review; current pin (geocode:geocodio) sits on the plant roof: Exact pin is on broad white industrial roof labeled ACSI west of Martinville Drive near Richey Street, within major industrial complex; occupant identity/capabi (wood modular facility review 2026-10-01; proposed for owner review in PR)"
IC-94144,lat_lon,"29.789349,-98.023100",2026-10-01,"Neopod Systems LLC: rooftop confirmed on satellite review; current pin (geocode:geocodio) sits on the plant roof: Exact pin falls on broad multi-bay industrial roof labeled Neopod Systems west of Old Bastrop Road, with materials/production yard adjacent. (wood modular facility review 2026-10-01; proposed for owner review in PR)"
IC-93283,lat_lon,"29.677491,-95.388578",2026-10-01,"Southern Modular Industries, LP: rooftop confirmed on satellite review; current pin (geocode:geocodio) sits on the plant roof: Exact pin falls on long gray industrial shed within fabrication/warehouse block along Magnet Street, with multiple adjacent workshops and material yards. (wood modular facility review 2026-10-01; proposed for owner review in PR)"
IC-94168,lat_lon,"29.763638,-95.255406",2026-10-01,TAS ENERGY INC.: rooftop confirmed on satellite review; current pin (geocode:geocodio) sits on the plant roof: Exact pin falls centrally on broad industrial roof within multi-building fabrication complex. TAS Energy-Fidelity label appears on eastern building; target roof (wood modular facility review 2026-10-01; proposed for owner review in PR)
IC-94169,lat_lon,"29.634734,-95.408967",2026-10-01,TAS ENERGY- ROBIN: rooftop confirmed on satellite review; current pin (geocode:geocodio) sits on the plant roof: Exact pin is on broad multi-bay industrial roof west of Robin Boulevard with adjoining rail line and outdoor fabrication/materials yard. (wood modular facility review 2026-10-01; proposed for owner review in PR)
IC-94167,lat_lon,"29.840494,-95.526127",2026-10-01,"TAS Energy: rooftop confirmed on satellite review; current pin (geocode:geocodio) sits on the plant roof: Exact pin falls on very broad white industrial roof labeled TAS Energy along W Wingfoot Road, with materials/fabrication yard north. (wood modular facility review 2026-10-01; proposed for owner review in PR)"
IC-94870,lat_lon,"32.249398,-97.746222",2026-10-01,United Modular: rooftop confirmed on satellite review; current pin (geocode:geocodio) sits on the plant roof: Exact pin falls on broad industrial roof north of Bo Gibbs Boulevard with extensive open fabrication/materials yard and neighboring long shed; plausible plant s (wood modular facility review 2026-10-01; proposed for owner review in PR)
IC-95571,lat_lon,"40.134704,-111.642753",2026-10-01,"Irontown Modular: rooftop confirmed on satellite review; current pin (geocode:geocodio) sits on the plant roof: Exact pin falls on broad rectangular white industrial roof west of N Chappel Drive, surrounded by industrial sheds, materials storage and loading/parking areas. (wood modular facility review 2026-10-01; proposed for owner review in PR)"
IC-95436,lat_lon,"40.631847,-112.001704",2026-10-01,"Stack Modular Development LLC: rooftop confirmed on satellite review; current pin (geocode:geocodio) sits on the plant roof: Exact pin falls on broad rectangular white warehouse/industrial roof west of Airport Road, with truck/service apron north and parking south; occupant/capability (wood modular facility review 2026-10-01; proposed for owner review in PR)"
IC-88642,lat_lon,"36.859849,-78.587830",2026-10-01,"Cardinal Homes, Inc.: rooftop confirmed on satellite review; current pin (geocode:geocodio) sits on the plant roof: Exact pin falls on large gray production roof at Cardinal Homes complex with completed modular units, materials and auxiliary sheds in adjacent yard. (wood modular facility review 2026-10-01; proposed for owner review in PR)"
IC-88122,lat_lon,"37.012435,-79.882677",2026-10-01,"Excel Homes of Virginia, LLC: rooftop confirmed on satellite review; current pin (geocode:geocodio) sits on the plant roof: Exact pin falls on very large multi-bay industrial roof labeled Mod-U-Kraf Homes south of Weaver Street; production yard/materials visible at south edge. (wood modular facility review 2026-10-01; proposed for owner review in PR)"
IC-94788,lat_lon,"37.952138,-77.424420",2026-10-01,"M.C. Dean, Inc.: rooftop confirmed on satellite review; current pin (geocode:geocodio) sits on the plant roof: Exact pin falls on large white rectangular industrial roof in multi-building campus beside Mickeys Way, with dense employee parking and service/materials areas. (wood modular facility review 2026-10-01; proposed for owner review in PR)"
IC-95119,lat_lon,"36.928191,-79.881878",2026-10-01,"Southern Heritage Homes, Inc.: rooftop confirmed on satellite review; current pin (geocode:geocodio) sits on the plant roof: Exact pin falls on rectangular industrial roof at Southern Heritage Homes campus off Corporate Drive, with outdoor structural frames/materials and employee vehi (wood modular facility review 2026-10-01; proposed for owner review in PR)"
IC-96789,lat_lon,"39.141985,-78.178147",2026-10-01,"Van Metre Companies: rooftop confirmed on satellite review; current pin (geocode:geocodio) sits on the plant roof: Exact pin falls centrally on long gray industrial roof labeled Van Metre Manufacturing north of Battaile Drive, with adjacent material yards and other large ind (wood modular facility review 2026-10-01; proposed for owner review in PR)"
IC-88190,lat_lon,"36.671932,-78.378317",2026-10-01,"Virginia Homes of Boydton LLC: rooftop confirmed on satellite review; current pin (geocode:geocodio) sits on the plant roof: Exact pin falls on broad rectangular industrial roof at Virginia Homes of Boydton campus, with multiple sheds, material frames and modular units in surrounding  (wood modular facility review 2026-10-01; proposed for owner review in PR)"
IC-89495,lat_lon,"44.249695,-72.492564",2026-10-01,"HUNTINGTON HOMES, INC.: rooftop confirmed on satellite review; current pin (geocode:geocodio) sits on the plant roof: Exact pin falls on long industrial production roof west of Fassett Road, with large gravel yard, parked modules and employee vehicles. (wood modular facility review 2026-10-01; proposed for owner review in PR)"
IC-93647,lat_lon,"48.841614,-122.574854",2026-10-01,"360 MODULAR: rooftop confirmed on satellite review; current pin (geocode:geocodio) sits on the plant roof: Exact pin reaches north edge of broad white industrial roof west of La Bounty Drive, with large paved yard and stored materials/units; roof placement close to b (wood modular facility review 2026-10-01; proposed for owner review in PR)"
IC-94504,lat_lon,"48.890262,-122.603628",2026-10-01,"METHOD, LLC - CM: rooftop confirmed on satellite review; current pin (geocode:geocodio) sits on the plant roof: Exact pin reaches north edge of large rectangular industrial roof east of Northgate Way; ample employee parking and multiple production/service doors around bui (wood modular facility review 2026-10-01; proposed for owner review in PR)"
IC-93953,lat_lon,"45.809546,-120.810855",2026-10-01,"WEST COAST AUTOMATION CORP DBA TLC MODULAR: rooftop confirmed on satellite review; current pin (geocode:geocodio) sits on the plant roof: Exact pin falls on rectangular industrial shed at labeled modular-home site west of Highway 97, with adjacent covered bays and materials/work yard. (wood modular facility review 2026-10-01; proposed for owner review in PR)"
IC-93949,lat_lon,"45.766032,-122.531412",2026-10-01,"Wolf Industries: rooftop confirmed on satellite review; current pin (geocode:geocodio) sits on the plant roof: Exact pin falls on rectangular white industrial roof south of SE Eaton Boulevard, with several modules/materials around paved yard and adjacent industrial neigh (wood modular facility review 2026-10-01; proposed for owner review in PR)"
IC-91916,lat_lon,"44.009241,-88.536557",2026-10-01,Bildt LLC: rooftop confirmed on satellite review; current pin (geocode:geocodio) sits on the plant roof: Exact pin reaches northern edge of medium industrial roof along E 10th Avenue beside rail yard. Connected white and dark roof sections have industrial footprint (wood modular facility review 2026-10-01; proposed for owner review in PR)
IC-91701,lat_lon,"44.031360,-89.810391",2026-10-01,"MANTERNACH DEVELOPMENT CO.: rooftop confirmed on satellite review; current pin (geocode:geocodio) sits on the plant roof: Exact pin falls centrally on large rectangular industrial roof at Terrace Homes site west of Highway 13, with expansive work yard and display houses toward road (wood modular facility review 2026-10-01; proposed for owner review in PR)"
IC-92715,lat_lon,"27.569935,-81.814323",2026-10-01,Containing Luxury: rooftop confirmed on satellite review; current pin (geocode:geocodio) sits on the plant roof: Pin on broad dark industrial roof north of E Rea Road; numerous containers/modules and materials staged west and north. (wood modular facility review 2026-10-01; proposed for owner review in PR)
IC-94122,lat_lon,"39.735968,-77.536030",2026-10-01,"GUARDIAN PREFAB LLC: rooftop confirmed on satellite review; current pin (internal:unique-name-rooftop-crossmatch) sits on the plant roof: Pin at northeastern end of long light industrial roof in mixed industrial complex, with truck/trailer storage and large paved service areas. (wood modular facility review 2026-10-01; proposed for owner review in PR)"
IC-95548,lat_lon,"35.102731,-87.417112",2026-10-01,"Modular Resources, Inc: rooftop confirmed on satellite review; current pin (internal:unique-name-rooftop-crossmatch) sits on the plant roof: Pin on elongated industrial roof with loading apron and smaller detached building, in light-manufacturing strip along N Main Street. (wood modular facility review 2026-10-01; proposed for owner review in PR)"
IC-93188,lat_lon,"39.092580,-95.740842",2026-10-01,PTMW INC.: rooftop confirmed on satellite review; current pin (geocode:geocodio) sits on the plant roof: Pin on eastern edge of very large PTMW factory roof with attached production buildings and material/service yards. (wood modular facility review 2026-10-01; proposed for owner review in PR)
IC-93163,lat_lon,"33.720085,-117.842397",2026-10-01,"Powerwave Technologies, Inc.: rooftop confirmed on satellite review; current pin (geocode:geocodio) sits on the plant roof: Pin on huge broad industrial roof labeled Fabcon in dense warehouse/manufacturing district, with truck/service access. (wood modular facility review 2026-10-01; proposed for owner review in PR)"
IC-93199,lat_lon,"28.632182,-81.498195",2026-10-01,Randall Engineered Wall Systems Inc.: rooftop confirmed on satellite review; current pin (geocode:geocodio) sits on the plant roof: Pin on narrow interconnected industrial/workshop roof within Randall Construction compound on Clarcona Road; material yard to east and larger facilities north. (wood modular facility review 2026-10-01; proposed for owner review in PR)
IC-93205,lat_lon,"29.666270,-81.653772",2026-10-01,"Real Homes, LLC: rooftop confirmed on satellite review; current pin (geocode:geocodio) sits on the plant roof: Pin on western edge of broad industrial roof labeled Panel-Tek of North Florida Truss Plant, with large material yard west. (wood modular facility review 2026-10-01; proposed for owner review in PR)"
IC-93295,lat_lon,"25.824489,-80.249750",2026-10-01,STALO FRAMES LLC: rooftop confirmed on satellite review; current pin (geocode:geocodio) sits on the plant roof: Pin centered on broad rectangular dark industrial roof between NW 32nd Avenue and Court; dense warehouse/manufacturing district. (wood modular facility review 2026-10-01; proposed for owner review in PR)
IC-93301,lat_lon,"25.824489,-80.249750",2026-10-01,"STEELCORP FACTORY USA: rooftop confirmed on satellite review; current pin (geocode:geocodio) sits on the plant roof: Pin centered on broad rectangular dark industrial roof, same exact coordinate as STALO Frames IC-93295; adjacent factory buildings visible. (wood modular facility review 2026-10-01; proposed for owner review in PR)"
IC-93302,lat_lon,"25.889521,-80.269277",2026-10-01,STEELHOMES MODULAR CORP.: rooftop confirmed on satellite review; current pin (geocode:geocodio) sits on the plant roof: Pin on broad rectangular industrial roof south of NW 128th Street in dense warehouse/fabrication district beside canal. (wood modular facility review 2026-10-01; proposed for owner review in PR)
IC-93237,lat_lon,"36.892646,-121.396777",2026-10-01,"Safety Storage - CA: rooftop confirmed on satellite review; current pin (geocode:geocodio) sits on the plant roof: Pin on broad white industrial roof labeled Rinchem beside Bert Drive, with loading/service apron and warehouse neighbors. (wood modular facility review 2026-10-01; proposed for owner review in PR)"
IC-93265,lat_lon,"41.427392,-75.690147",2026-10-01,"Simplex Homes: rooftop confirmed on satellite review; current pin (geocode:geocodio) sits on the plant roof: Pin centered on large dark factory roof labeled Simplex Homes, surrounded by modular units and production storage yards. (wood modular facility review 2026-10-01; proposed for owner review in PR)"
IC-93282,lat_lon,"32.902678,-97.332761",2026-10-01,"Southern Energy Homes, Inc.: rooftop confirmed on satellite review; current pin (geocode:geocodio) sits on the plant roof: Pin centered on substantial blue industrial roof labeled Clayton Fort Worth, with large open production/storage yard west. (wood modular facility review 2026-10-01; proposed for owner review in PR)"
IC-95561,lat_lon,"41.199602,-79.320269",2026-10-01,"Structural Modular Innovations, LLC.: rooftop confirmed on satellite review; current pin (internal:unique-name-rooftop-crossmatch) sits on the plant roof: Pin centered on broad rectangular industrial roof south of Southern Avenue, with trucks/modules and material storage around cleared yard. (wood modular facility review 2026-10-01; proposed for owner review in PR)"
IC-93323,lat_lon,"41.543450,-84.943333",2026-10-01,"Superior Building Systems-1: rooftop confirmed on satellite review; current pin (geocode:geocodio) sits on the plant roof: Pin on metal production roof in Superior Canopy compound, with ancillary workshops and outdoor material yard. (wood modular facility review 2026-10-01; proposed for owner review in PR)"
IC-93324,lat_lon,"41.543450,-84.943333",2026-10-01,"Superior Building Systems-2: rooftop confirmed on satellite review; current pin (geocode:geocodio) sits on the plant roof: Pin on same metal production roof in Superior Canopy compound as Superior Building Systems-1, independently captured exact coordinate. (wood modular facility review 2026-10-01; proposed for owner review in PR)"
IC-93329,lat_lon,"42.157708,-87.935498",2026-10-01,"Sustainable Imprints, Inc. dba S.I. Container Builds: rooftop confirmed on satellite review; current pin (geocode:geocodio) sits on the plant roof: Pin on broad industrial roof beside railway with loading areas; International Toner Corporation map label, business identity not verified. (wood modular facility review 2026-10-01; proposed for owner review in PR)"
IC-93414,lat_lon,"44.859145,-89.641078",2026-10-01,"Wausau Homes, Inc.: rooftop confirmed on satellite review; current pin (internal:unique-name-rooftop-crossmatch) sits on the plant roof: Pin centered on massive elongated white industrial roof with large truck/module storage yards and paved service areas. (wood modular facility review 2026-10-01; proposed for owner review in PR)"
IC-94147,lat_lon,"32.596320,-96.823631",2026-10-01,"Palomar Modular Buildings, LLC: rooftop measured on satellite, 66 m from the old pin: New exact-coordinate pin is on a white fixed production-roof bay within the campus labeled Palomar Modular Buildings. Identity/coordinate conflicts remain held for review (wood modular facility review 2026-10-01; duplicate question is separate; proposed for owner review in PR)"
IC-94139,lat_lon,"41.071450,-86.185449",2026-10-01,"MODULAR BUILDERS PLANT #1: rooftop measured on satellite, 80 m from the old pin: New red pin lies on main Whitley/Modular Builders production roof south of original office point; hold identity/duplicate decision. (wood modular facility review 2026-10-01; duplicate question is separate; proposed for owner review in PR)"
IC-93429,lat_lon,"41.071450,-86.185449",2026-10-01,"Whitley Modular Builders 3089: rooftop measured on satellite, 80 m from the old pin: New red pin lies on main Whitley/Modular Builders production roof south of original office point; hold identity/duplicate decision. (wood modular facility review 2026-10-01; duplicate question is separate; proposed for owner review in PR)"
IC-07992,existence_flag,not_ic,2026-10-01,"New Millennium Building Systems, Hope AR: open-web steel joist / steel deck plant. Out of scope under ADL's ruling that steel joist and deck plants are not IC (owner scope ruling 2026-10-01; registry/taxonomy.yaml). Source: https://newmill.com"
IC-20897,existence_flag,not_ic,2026-10-01,"New Millennium Building Systems, Lake City FL: open-web steel joist / steel deck plant. Out of scope under ADL's ruling that steel joist and deck plants are not IC (owner scope ruling 2026-10-01; registry/taxonomy.yaml). Source: https://newmill.com"
IC-52007,existence_flag,not_ic,2026-10-01,"New Millennium Building Systems, Butler IN: open-web steel joist / steel deck plant. Out of scope under ADL's ruling that steel joist and deck plants are not IC (owner scope ruling 2026-10-01; registry/taxonomy.yaml). Source: https://newmill.com"
IC-88910,existence_flag,not_ic,2026-10-01,"New Millennium Building Systems, Salem VA: open-web steel joist / steel deck plant. Out of scope under ADL's ruling that steel joist and deck plants are not IC (owner scope ruling 2026-10-01; registry/taxonomy.yaml). Source: https://newmill.com"
IC-70575,existence_flag,not_ic,2026-10-01,"New Millennium Building Systems, Fallon NV: open-web steel joist / steel deck plant. Out of scope under ADL's ruling that steel joist and deck plants are not IC (owner scope ruling 2026-10-01; registry/taxonomy.yaml). Source: https://newmill.com"
IC-09876,existence_flag,not_ic,2026-10-01,"Canam Steel Corporation, Buckeye AZ: open-web steel joist / steel deck plant. Out of scope under ADL's ruling that steel joist and deck plants are not IC (owner scope ruling 2026-10-01; registry/taxonomy.yaml). Source: https://cscsteelusa.com"
IC-21269,existence_flag,not_ic,2026-10-01,"Canam Steel Corporation, Jacksonville FL: open-web steel joist / steel deck plant. Out of scope under ADL's ruling that steel joist and deck plants are not IC (owner scope ruling 2026-10-01; registry/taxonomy.yaml). Source: https://cscsteelusa.com"
IC-49710,existence_flag,not_ic,2026-10-01,"Canam Steel Corp, Peru IL: open-web steel joist / steel deck plant. Out of scope under ADL's ruling that steel joist and deck plants are not IC (owner scope ruling 2026-10-01; registry/taxonomy.yaml). Source: https://cscsteelusa.com"
IC-62076,existence_flag,not_ic,2026-10-01,"Canam Steel Corporation, Washington MO: open-web steel joist / steel deck plant. Out of scope under ADL's ruling that steel joist and deck plants are not IC (owner scope ruling 2026-10-01; registry/taxonomy.yaml). Source: https://cscsteelusa.com"
IC-95901,existence_flag,not_ic,2026-10-01,"Canam Steel Corporation, South Plainfield NJ: open-web steel joist / steel deck plant. Out of scope under ADL's ruling that steel joist and deck plants are not IC (owner scope ruling 2026-10-01; registry/taxonomy.yaml). Source: https://cscsteelusa.com"
IC-57064,existence_flag,not_ic,2026-10-01,"Canam Steel Corporation, Point of Rocks MD: open-web steel joist / steel deck plant. Out of scope under ADL's ruling that steel joist and deck plants are not IC (owner scope ruling 2026-10-01; registry/taxonomy.yaml). Source: https://mdmep.org/canam/"
IC-96158,existence_flag,not_ic,2026-10-01,"Canam Steel Corporation, South Easton MA: open-web steel joist / steel deck plant. Out of scope under ADL's ruling that steel joist and deck plants are not IC (owner scope ruling 2026-10-01; registry/taxonomy.yaml). Source: https://cscsteelusa.com"
IC-04597,existence_flag,not_ic,2026-10-01,"Valley Joist East, Fort Payne AL: open-web steel joist / steel deck plant. Out of scope under ADL's ruling that steel joist and deck plants are not IC (owner scope ruling 2026-10-01; registry/taxonomy.yaml). Source: https://valleyjoist.com"
IC-00457,existence_flag,not_ic,2026-10-01,"Valley Joist East, Fort Payne AL (supersedes the 2026-09-29 Light Gauge Steel re-label): open-web steel joist / steel deck plant. Out of scope under ADL's ruling that steel joist and deck plants are not IC (owner scope ruling 2026-10-01; registry/taxonomy.yaml). Source: https://valleyjoist.com"
IC-70846,existence_flag,not_ic,2026-10-01,"Valley Joist, Fernley NV: open-web steel joist / steel deck plant. Out of scope under ADL's ruling that steel joist and deck plants are not IC (owner scope ruling 2026-10-01; registry/taxonomy.yaml). Source: https://valleyjoist.com"
IC-94547,existence_flag,not_ic,2026-10-01,"CMC Joist & Deck, Starke FL: open-web steel joist / steel deck plant. Out of scope under ADL's ruling that steel joist and deck plants are not IC (owner scope ruling 2026-10-01; registry/taxonomy.yaml). Source: components review 2026-10-01"
IC-95356,existence_flag,not_ic,2026-10-01,"CMC Joist & Deck, New Columbia PA: open-web steel joist / steel deck plant. Out of scope under ADL's ruling that steel joist and deck plants are not IC (owner scope ruling 2026-10-01; registry/taxonomy.yaml). Source: components review 2026-10-01"
IC-94584,existence_flag,not_ic,2026-10-01,"SMI Joist SC, Eastover SC: open-web steel joist / steel deck plant. Out of scope under ADL's ruling that steel joist and deck plants are not IC (owner scope ruling 2026-10-01; registry/taxonomy.yaml). Source: components review 2026-10-01"
IC-68170,existence_flag,not_ic,2026-10-01,"Vulcraft, Norfolk NE: open-web steel joist / steel deck plant. Out of scope under ADL's ruling that steel joist and deck plants are not IC (owner scope ruling 2026-10-01; registry/taxonomy.yaml). Source: https://vulcraft.com"
IC-87719,existence_flag,not_ic,2026-10-01,"Vulcraft (Nucor), Brigham City UT: open-web steel joist / steel deck plant. Out of scope under ADL's ruling that steel joist and deck plants are not IC (owner scope ruling 2026-10-01; registry/taxonomy.yaml). Source: https://vulcraft.com"
IC-51328,existence_flag,not_ic,2026-10-01,"Vulcraft Indiana, St. Joe IN: open-web steel joist / steel deck plant. Out of scope under ADL's ruling that steel joist and deck plants are not IC (owner scope ruling 2026-10-01; registry/taxonomy.yaml). Source: https://vulcraft.com"
IC-95702,existence_flag,not_ic,2026-10-01,"Vulcraft, Fort Payne AL: open-web steel joist / steel deck plant. Out of scope under ADL's ruling that steel joist and deck plants are not IC (owner scope ruling 2026-10-01; registry/taxonomy.yaml). Source: https://vulcraft.com"
IC-03217,existence_flag,not_ic,2026-10-01,"Addison Steel Truss, Arley AL: steel truss and building-material packages. Out of scope under ADL's rulings that steel joist/truss plants and post-frame kits are not IC (owner scope ruling 2026-10-01; registry/taxonomy.yaml). Source: https://www.addisonsteeltruss.com"
IC-96149,lat_lon,"33.445280,-112.336150",2026-10-01,CPX2025XTN246X0015 - ATOM MODULAR LLC: pin was at the edge of / just off the plant roof (west edge of multi-tenant industrial bldg; nudge onto roof; name has case-number prefix); moved onto the roof on a one-by-one satellite check in the app imagery (wood pin review 2026-10-01; proposed for owner review in PR)
IC-94944,lat_lon,"37.469435,-121.162136",2026-10-01,S2A Modular: pin was at the edge of / just off the plant roof (just W of plant; move onto roof); moved onto the roof on a one-by-one satellite check in the app imagery (wood pin review 2026-10-01; proposed for owner review in PR)
IC-94522,lat_lon,"37.469193,-121.162090",2026-10-01,S2A MODULAR 2 LLC: pin was at the edge of / just off the plant roof (E edge of long bldg; move onto roof; same bldg as #27? (plant 2)); moved onto the roof on a one-by-one satellite check in the app imagery (wood pin review 2026-10-01; proposed for owner review in PR)
IC-92816,lat_lon,"27.210467,-81.864203",2026-10-02,Force 5 Structures: pin was at the edge of / just off the plant roof (just E of plant roof); moved onto the roof on a one-by-one satellite check in the app imagery (wood pin review 2026-10-01; proposed for owner review in PR)
IC-93243,lat_lon,"25.467523,-80.481014",2026-10-02,SAILED HOMES LLC: pin was at the edge of / just off the plant roof (W edge of bldg); moved onto the roof on a one-by-one satellite check in the app imagery (wood pin review 2026-10-01; proposed for owner review in PR)
IC-92579,lat_lon,"28.440847,-81.388585",2026-10-01,Atlas Cottage Homes: pin was at the edge of / just off the plant roof (W edge of plant roof); moved onto the roof on a one-by-one satellite check in the app imagery (wood pin review 2026-10-01; proposed for owner review in PR)
IC-94673,lat_lon,"29.296147,-81.120829",2026-10-01,Valiant Modular: pin was at the edge of / just off the plant roof (between bldgs); moved onto the roof on a one-by-one satellite check in the app imagery (wood pin review 2026-10-01; proposed for owner review in PR)
IC-92815,lat_lon,"28.761374,-81.726411",2026-10-01,"Florida Structures, Inc.: pin was at the edge of / just off the plant roof (top edge of small bldg); moved onto the roof on a one-by-one satellite check in the app imagery (wood pin review 2026-10-01; proposed for owner review in PR)"
IC-93467,lat_lon,"31.537471,-82.855149",2026-10-01,"Apollo Modular Systems, Inc.: pin was at the edge of / just off the plant roof (road W of plant); moved onto the roof on a one-by-one satellite check in the app imagery (wood pin review 2026-10-01; proposed for owner review in PR)"
IC-93527,lat_lon,"40.623432,-89.330117",2026-10-02,HOMEWAY COMMERCIAL: pin was at the edge of / just off the plant roof (S edge of roof); moved onto the roof on a one-by-one satellite check in the app imagery (wood pin review 2026-10-01; proposed for owner review in PR)
IC-94686,lat_lon,"43.263719,-83.078234",2026-10-01,Active Home Corporation: pin was at the edge of / just off the plant roof (lot W of plant); moved onto the roof on a one-by-one satellite check in the app imagery (wood pin review 2026-10-01; proposed for owner review in PR)
IC-93564,lat_lon,"44.544652,-95.089793",2026-10-02,Northstar Systembuilt: pin was at the edge of / just off the plant roof (E edge of plant); moved onto the roof on a one-by-one satellite check in the app imagery (wood pin review 2026-10-01; proposed for owner review in PR)
IC-65098,lat_lon,"35.748866,-80.792551",2026-10-01,"Liberty Homes, Inc.: pin was at the edge of / just off the plant roof (woods S of plant roof); moved onto the roof on a one-by-one satellite check in the app imagery (wood pin review 2026-10-01; proposed for owner review in PR)"
IC-71907,lat_lon,"42.747725,-74.183679",2026-10-01,"HARVEST HOMES, INC.: pin was at the edge of / just off the plant roof (yard N of plant); moved onto the roof on a one-by-one satellite check in the app imagery (wood pin review 2026-10-01; proposed for owner review in PR)"
IC-72697,lat_lon,"39.969433,-81.899322",2026-10-01,All American Homes of Ohio: pin was at the edge of / just off the plant roof (lawn S of plant); moved onto the roof on a one-by-one satellite check in the app imagery (wood pin review 2026-10-01; proposed for owner review in PR)
IC-74815,lat_lon,"42.167492,-121.752609",2026-10-02,"Intelifab, LLC: pin was at the edge of / just off the plant roof (edge between bldgs); moved onto the roof on a one-by-one satellite check in the app imagery (wood pin review 2026-10-01; proposed for owner review in PR)"
IC-93846,lat_lon,"45.432241,-122.778465",2026-10-02,Contekpro: pin was at the edge of / just off the plant roof (E edge of bldg); moved onto the roof on a one-by-one satellite check in the app imagery (wood pin review 2026-10-01; proposed for owner review in PR)
IC-95658,lat_lon,"42.020539,-80.343109",2026-10-01,"Lake City Manufactured Housing, Inc.: pin was at the edge of / just off the plant roof (field SE of plant); moved onto the roof on a one-by-one satellite check in the app imagery (wood pin review 2026-10-01; proposed for owner review in PR)"
IC-94736,lat_lon,"40.831330,-76.835377",2026-10-02,"Durabuilt Homes, LLC: pin was at the edge of / just off the plant roof (gap between bldgs); moved onto the roof on a one-by-one satellite check in the app imagery (wood pin review 2026-10-01; proposed for owner review in PR)"
IC-96131,lat_lon,"42.692461,-96.694650",2026-10-01,THERMO BOND BUILDINGS LLC: pin was at the edge of / just off the plant roof (support bldg; main plant W); moved onto the roof on a one-by-one satellite check in the app imagery (wood pin review 2026-10-01; proposed for owner review in PR)
IC-94119,lat_lon,"31.806664,-94.217338",2026-10-01,General Shelters of Texas: pin was at the edge of / just off the plant roof (N edge of plant); moved onto the roof on a one-by-one satellite check in the app imagery (wood pin review 2026-10-01; proposed for owner review in PR)
IC-94785,lat_lon,"29.296446,-94.851428",2026-10-01,LoneStar Marine Shelters: pin was at the edge of / just off the plant roof (S edge of plant); moved onto the roof on a one-by-one satellite check in the app imagery (wood pin review 2026-10-01; proposed for owner review in PR)
IC-94226,lat_lon,"29.289607,-94.845352",2026-10-01,MODCORR LLC: pin was at the edge of / just off the plant roof (road edge S of bldgs); moved onto the roof on a one-by-one satellite check in the app imagery (wood pin review 2026-10-01; proposed for owner review in PR)
IC-95119,lat_lon,"36.928320,-79.881878",2026-10-02,"Southern Heritage Homes, Inc.: pin was at the edge of / just off the plant roof (paved lot beside bldg); moved onto the roof on a one-by-one satellite check in the app imagery (wood pin review 2026-10-01; proposed for owner review in PR)"
IC-93647,lat_lon,"48.841437,-122.575015",2026-10-02,360 MODULAR: pin was at the edge of / just off the plant roof (N edge of roof); moved onto the roof on a one-by-one satellite check in the app imagery (wood pin review 2026-10-01; proposed for owner review in PR)
IC-93205,lat_lon,"29.666223,-81.653396",2026-10-02,"Real Homes, LLC: pin was at the edge of / just off the plant roof (W edge of bldg); moved onto the roof on a one-by-one satellite check in the app imagery (wood pin review 2026-10-01; proposed for owner review in PR)"
IC-95815,existence_flag,not_ic,2026-10-01,"ELI LAPP, INDIVIDUAL: an individual (registry applicant) at a residence, not a plant (wood pin review 2026-10-01; proposed for owner review in PR)"
IC-79595,existence_flag,not_ic,2026-10-01,"BENJAMIN LAPP: an individual at a farm field, not a plant (wood pin review 2026-10-01; proposed for owner review in PR)"
IC-94259,existence_flag,not_ic,2026-10-01,"WILLIAMS SCOTSMAN INC: Williams Scotsman Houston is a modular leasing yard, not a plant (wood pin review 2026-10-01; proposed for owner review in PR)"
IC-93440,existence_flag,not_ic,2026-10-01,"Williams Scotsman, Inc. - O: Williams Scotsman branch is a modular leasing yard, not a plant (wood pin review 2026-10-01; proposed for owner review in PR)"
IC-93212,existence_flag,not_ic,2026-10-01,"Resun Leasing, Inc.: Resun Leasing is a modular leasing company yard, not a plant (wood pin review 2026-10-01; proposed for owner review in PR)"
IC-93213,existence_flag,not_ic,2026-10-01,"Resun Leasing, Inc. - Lakeland: Resun Leasing Lakeland is a modular leasing yard, not a plant (wood pin review 2026-10-01; proposed for owner review in PR)"
IC-12146,existence_flag,not_ic,2026-10-01,ULRICH BARN BUILDERS OF CALIFORNIA: Ulrich Barn Builders makes portable sheds and barns; out of scope under the 2026-10-01 shed ruling (wood pin review 2026-10-01; proposed for owner review in PR)
IC-72005,existence_flag,not_ic,2026-10-01,"Riverwood Cabins, Himrod NY: cabin builder. Out of scope under ADL's ruling that cabin builders are not IC (owner scope ruling 2026-10-01; registry/taxonomy.yaml)"
IC-79760,existence_flag,not_ic,2026-10-01,"Cozy Cabins, Earl Twp PA: cabin builder. Out of scope under ADL's ruling that cabin builders are not IC (owner scope ruling 2026-10-01; registry/taxonomy.yaml)"
IC-93490,existence_flag,not_ic,2026-10-01,"Cozy Cabins, New Holland PA: cabin builder. Out of scope under ADL's ruling that cabin builders are not IC (owner scope ruling 2026-10-01; registry/taxonomy.yaml)"
IC-95370,existence_flag,not_ic,2026-10-01,"Rustic Cedar Cabins of Texas, Smithville TX: cabin builder. Out of scope under ADL's ruling that cabin builders are not IC (owner scope ruling 2026-10-01; registry/taxonomy.yaml)"
IC-94674,existence_flag,not_ic,2026-10-01,"Westwood Cabins, Due West SC: cabin builder. Out of scope under ADL's ruling that cabin builders are not IC (owner scope ruling 2026-10-01; registry/taxonomy.yaml)"
IC-95373,existence_flag,not_ic,2026-10-01,"Yesterway Cabin Company, Toccoa GA: cabin builder. Out of scope under ADL's ruling that cabin builders are not IC (owner scope ruling 2026-10-01; registry/taxonomy.yaml)"
IC-95655,existence_flag,not_ic,2026-10-01,"Heartland Cabin Company dba Bighorn Cabins, Moore MT: cabin builder. Out of scope under ADL's ruling that cabin builders are not IC (owner scope ruling 2026-10-01; registry/taxonomy.yaml)"
IC-95659,existence_flag,not_ic,2026-10-01,"Leland's Cabins, Grandview TX: cabin builder. Out of scope under ADL's ruling that cabin builders are not IC (owner scope ruling 2026-10-01; registry/taxonomy.yaml)"
IC-94712,existence_flag,not_ic,2026-10-01,"Cave Country Cabins, Munfordville KY: cabin builder. Out of scope under ADL's ruling that cabin builders are not IC (owner scope ruling 2026-10-01; registry/taxonomy.yaml)"
IC-94942,existence_flag,not_ic,2026-10-01,"Riverside Cabins, Great Falls MT: cabin builder. Out of scope under ADL's ruling that cabin builders are not IC (owner scope ruling 2026-10-01; registry/taxonomy.yaml)"
IC-93851,existence_flag,not_ic,2026-10-01,"Zook Built (Zook Cabins), New Holland PA: cabin builder. Out of scope under ADL's ruling that cabin builders are not IC (owner scope ruling 2026-10-01; registry/taxonomy.yaml)"
IC-94675,existence_flag,not_ic,2026-10-01,"Rolling Acres Cabins, Munfordville KY: cabin builder. Out of scope under ADL's ruling that cabin builders are not IC (owner scope ruling 2026-10-01; registry/taxonomy.yaml)"
IC-95046,existence_flag,not_ic,2026-10-01,"Cripple Creek Cabins, Mocksville NC: cabin builder. Out of scope under ADL's ruling that cabin builders are not IC (owner scope ruling 2026-10-01; registry/taxonomy.yaml)"
IC-95058,existence_flag,not_ic,2026-10-01,"Foothills Custom Cabins, Morganton NC: cabin builder. Out of scope under ADL's ruling that cabin builders are not IC (owner scope ruling 2026-10-01; registry/taxonomy.yaml)"
IC-95109,existence_flag,not_ic,2026-10-01,"Riverwood Cabins (formerly Wood-Tex), Franklin TN: cabin builder. Out of scope under ADL's ruling that cabin builders are not IC (owner scope ruling 2026-10-01; registry/taxonomy.yaml)"
IC-96015,existence_flag,not_ic,2026-10-01,"Dakota Cabins, Jamestown ND: cabin builder. Out of scope under ADL's ruling that cabin builders are not IC (owner scope ruling 2026-10-01; registry/taxonomy.yaml)"
IC-96269,existence_flag,not_ic,2026-10-01,"Tieton Cabin Company, Bainbridge Island WA: cabin builder. Out of scope under ADL's ruling that cabin builders are not IC (owner scope ruling 2026-10-01; registry/taxonomy.yaml)"
IC-94218,existence_flag,not_ic,2026-10-01,"Kendall Cabin Co, Alvarado TX: cabin builder. Out of scope under ADL's ruling that cabin builders are not IC (owner scope ruling 2026-10-01; registry/taxonomy.yaml)"
IC-48653,existence_flag,not_ic,2026-10-01,"Big Cabin Group, Athol ID: cabin builder. Out of scope under ADL's ruling that cabin builders are not IC (owner scope ruling 2026-10-01; registry/taxonomy.yaml)"
IC-94953,lat_lon,"39.752615,-104.730289",2026-10-01,"Vederra Modular: pin moved to the plant at 22100 E 26th Ave, Aurora, CO. vederra.com/contact: 22100 E 26th Ave, Aurora (wood off-roof research 2026-10-01: source found, address geocoded, roof picked on satellite; proposed for owner review in PR)"
IC-96072,lat_lon,"40.034870,-82.956950",2026-10-01,"Connect Housing Blocks: pin moved to the plant at 3251 Westerville Rd, Columbus, OH. connecthousingblocks.com: 3251 Westerville Road; 630,000 sf modular apartment factory (Columbus Region) (wood off-roof research 2026-10-01: source found, address geocoded, roof picked on satellite; proposed for owner review in PR)"
IC-01033,lat_lon,"34.117188,-87.992570",2026-10-02,"Modular Engineering: pin moved to the plant at 351 Airport Rd, Hamilton, AL. modularengineering.com: electronic shelters, modified shipping containers, guard houses (steel) - relabel Steel Volumetric (wood off-roof research 2026-10-01: source found, address geocoded, roof picked on satellite; proposed for owner review in PR)"
IC-93802,lat_lon,"41.650604,-86.021534",2026-10-02,"Thermo Bond Buildings LLC: pin moved to the plant at 58120 County Road 3, Elkhart, IN. Thermo Bond Buildings, 58120 Co Rd 3, Elkhart (chamberofcommerce); old pin was copied from Mobile/Modular Express; shelters (category held) (wood off-roof research 2026-10-01: source found, address geocoded, roof picked on satellite; proposed for owner review in PR)"
IC-95538,lat_lon,"41.199832,-79.326955",2026-10-01,"Champion Modular, Inc.: pin moved to the plant at 451 Southern Ave, Strattanville, PA. factoryregistry: Champion Modular Homes Plt 270/Clarion, Strattanville PA (wood off-roof research 2026-10-01: source found, address geocoded, roof picked on satellite; proposed for owner review in PR)"
IC-93825,lat_lon,"45.067156,-83.448861",2026-10-02,"BCubed Manufacturing LLC: pin moved to the plant at 666 McKinley Ave, Alpena, MI. bcubedmanufacturing.com/about: facility in Alpena, Michigan (wood off-roof research 2026-10-01: source found, address geocoded, roof picked on satellite; proposed for owner review in PR)"
IC-94099,lat_lon,"29.968650,-95.248546",2026-10-01,"CHAMPION INTEGRATED BUILDING SOLUTIONS: pin moved to the plant at 2626 Wilson Rd, Humble, TX. champion-building.com/contact: CIBS - Wilson, 2626 Wilson Rd, Humble (HQ is 10315 Sheldon Rd) (wood off-roof research 2026-10-01: source found, address geocoded, roof picked on satellite; proposed for owner review in PR)"
IC-94092,lat_lon,"36.275476,-115.056123",2026-10-01,"BOXABL, INC.: pin moved to the plant at 5345 E North Belt Rd, Las Vegas, NV. BOXABL model-homes page: manufacturing headquarters at 5345 E N Belt Road (wood review) (wood off-roof research 2026-10-01: source found, address geocoded, roof picked on satellite; proposed for owner review in PR)"
IC-93939,lat_lon,"45.611704,-122.770466",2026-10-01,"MODS PDX INC.: pin moved to the plant at 9040 N Burgard Way, Portland, OR. MODS PDX contact distinguishes warehouse at 9040 N Burgard Way from mailing address (wood review) (wood off-roof research 2026-10-01: source found, address geocoded, roof picked on satellite; proposed for owner review in PR)"
IC-01033,capability_leaf,Steel Volumetric Modular,2026-10-01,"Modular Engineering: modularengineering.com: electronic shelters, modified shipping containers, guard houses (steel) - relabel Steel Volumetric; steel, not wood (wood off-roof research 2026-10-01: source found, address geocoded, roof picked on satellite; proposed for owner review in PR)"
IC-01033,capability_group,Modular,2026-10-01,"Modular Engineering: modularengineering.com: electronic shelters, modified shipping containers, guard houses (steel) - relabel Steel Volumetric; steel, not wood (wood off-roof research 2026-10-01: source found, address geocoded, roof picked on satellite; proposed for owner review in PR)"
IC-93093,existence_flag,not_ic,2026-10-01,"Nimble Retail: Nimble Retail (nimble.shop) leases tiny retail shops/kiosks; not a plant. Source:  (wood off-roof research 2026-10-01: source found, address geocoded, roof picked on satellite; proposed for owner review in PR)"
IC-92593,existence_flag,closed,2026-10-01,"Baugh Enterprises, Inc: Baugh Enterprises, Inc. is Admin. Dissolved with the Georgia Secretary of State (Bizapedia). Source: https://www.bizapedia.com/ga/baugh-enterprises-inc.html (wood off-roof research 2026-10-01: source found, address geocoded, roof picked on satellite; proposed for owner review in PR)"
IC-23839,capability_leaf,Steel Volumetric Modular,2026-10-01,"Modular Engineering Manufacturing Inc: Modular Engineering (steel shelters/containers) lists Cornelia GA at 264 Stapleton Road; steel, not wood (wood off-roof research 2026-10-01: source found, address geocoded, roof picked on satellite; proposed for owner review in PR)"
IC-23839,capability_group,Modular,2026-10-01,"Modular Engineering Manufacturing Inc: Modular Engineering (steel shelters/containers) lists Cornelia GA at 264 Stapleton Road; steel, not wood (wood off-roof research 2026-10-01: source found, address geocoded, roof picked on satellite; proposed for owner review in PR)"
IC-93524,existence_flag,not_ic,2026-10-01,"HENNIG ENCLOSURE SYS.: Hennig (Machesney Park) makes generator enclosures for data centers etc., not buildings. Source: https://www.hennigpower.com (wood off-roof research 2026-10-01: source found, address geocoded, roof picked on satellite; proposed for owner review in PR)"
IC-93059,existence_flag,closed,2026-10-01,"Modular Buildings of Monroe: Modular Buildings of Monroe LLC: Indiana filing status Revoked (Bizapedia). Source: https://www.bizapedia.com/in/modular-buildings-of-monroe-llc.html (wood off-roof research 2026-10-01: source found, address geocoded, roof picked on satellite; proposed for owner review in PR)"
IC-94723,existence_flag,closed,2026-10-01,"Continental Spacemaster Corp: Continental Spacemaster Corporation is Admin Dissolved with the Indiana Secretary of State (Bizapedia). Source: https://www.bizapedia.com/in/continental-spacemaster-corporation.html (wood off-roof research 2026-10-01: source found, address geocoded, roof picked on satellite; proposed for owner review in PR)"
IC-51626,existence_flag,not_ic,2026-10-01,"Premiere Structures: Premiere Structures, Elkhart: RV / bus / trailer dealer-manufacturer, not buildings. Source: https://www.mapquest.com/us/indiana/premiere-structures-288649904 (wood off-roof research 2026-10-01: source found, address geocoded, roof picked on satellite; proposed for owner review in PR)"
IC-95083,existence_flag,not_ic,2026-10-01,"Medical Structures, LLC: Medical Structures' Indianapolis record is a residential admin address; its factory is 2531 Warren St, Elkhart (separate record IC-94688). Source: https://www.chamberofcommerce.com/business-directory/indiana/elkhart/manufacturer/2016881544-medical-structures-factory (wood off-roof research 2026-10-01: source found, address geocoded, roof picked on satellite; proposed for owner review in PR)"
IC-94766,existence_flag,not_ic,2026-10-01,"Haven Custom Homes, LLC (Beech Creek): Haven Custom Homes' Linthicum MD record is an office suite (Suite 202); its plant is Haven Homes Inc, Beech Creek PA. Source: https://www.macraesbluebook.com/search/company.cfm?company=315601 (wood off-roof research 2026-10-01: source found, address geocoded, roof picked on satellite; proposed for owner review in PR)"
IC-60719,existence_flag,not_ic,2026-10-01,"DESIGN HOMES OF MINNESOTA: Design Homes of Minnesota (Woodville) is a Design Homes sales/model location; the factory is Prairie du Chien WI (separate record). Source: https://designhomes.com/models/ (wood off-roof research 2026-10-01: source found, address geocoded, roof picked on satellite; proposed for owner review in PR)"
IC-94884,existence_flag,closed,2026-10-01,"Kullman Buildings Corp.: Kullman Building Corporation is defunct (Wikipedia describes it in the past tense). Source: https://en.wikipedia.org/wiki/Kullman_Building_Corporation (wood off-roof research 2026-10-01: source found, address geocoded, roof picked on satellite; proposed for owner review in PR)"
IC-95092,existence_flag,not_ic,2026-10-01,"New Fab Enterprises LLC: New Fab Enterprise LLC, Baltic OH, builds custom fabricated aluminum/stainless/poly products, not buildings. Source: https://www.facebook.com/profile.php/?id=61565459802071 (wood off-roof research 2026-10-01: source found, address geocoded, roof picked on satellite; proposed for owner review in PR)"
IC-94814,existence_flag,closed,2026-10-01,"Office Dimensions Inc: Office Dimensions, Inc. is Inactive - Dissolved (Administrative) with the Tennessee Secretary of State (Bizapedia). Source: https://www.bizapedia.com/tn/office-dimensions-inc.html (wood off-roof research 2026-10-01: source found, address geocoded, roof picked on satellite; proposed for owner review in PR)"
IC-94212,existence_flag,not_ic,2026-10-01,"HOMELUX HOMES LLC: Homelux Homes LLC, Andrews TX, is a construction company building luxury homes (site builder), not a plant. Source: https://www.facebook.com/homeluxhomes/ (wood off-roof research 2026-10-01: source found, address geocoded, roof picked on satellite; proposed for owner review in PR)"
IC-92880,existence_flag,not_ic,2026-10-01,"HHI Corporation: HHI Corporation, Ogden: structural steel fabrication and aircraft maintenance stands; out of scope under the heavy structural steel ruling. Source: https://hhicorp.com/manufacturing/ (wood off-roof research 2026-10-01: source found, address geocoded, roof picked on satellite; proposed for owner review in PR)"
IC-92926,existence_flag,not_ic,2026-10-01,"J. L. Harvey Manufacturing, Inc.: J. L. Harvey / Harvey Mobile Home Inc, Summerfield FL, is a manufactured-home retailer, not a plant. Source: https://www.manufacturedhomes.com/dealer/2740/harvey-mobile-home-inc/summerfield/ (wood off-roof research 2026-10-01: source found, address geocoded, roof picked on satellite; proposed for owner review in PR)"
IC-94943,capability_leaf,Steel Volumetric Modular,2026-10-01,"Roof and Realm: Roof and Realm factory tours at 1501 Loveridge Rd, Pittsburg (East Bay EDA Manufacturing Day); steel-framed modular homes; steel, not wood (wood off-roof research 2026-10-01: source found, address geocoded, roof picked on satellite; proposed for owner review in PR)"
IC-94943,capability_group,Modular,2026-10-01,"Roof and Realm: Roof and Realm factory tours at 1501 Loveridge Rd, Pittsburg (East Bay EDA Manufacturing Day); steel-framed modular homes; steel, not wood (wood off-roof research 2026-10-01: source found, address geocoded, roof picked on satellite; proposed for owner review in PR)"
IC-94916,existence_flag,closed,2026-10-01,"George Modular Innovation Solutions: George Modular Solutions moved: now based at 1400 Washington Ave N, Minneapolis (georgemodular.com/contact); this Bloomfield Hills MI address is a house. Source: https://www.georgemodular.com/contact (wood off-roof research 2026-10-01: source found, address geocoded, roof picked on satellite; proposed for owner review in PR)"
IC-94948,existence_flag,not_ic,2026-10-01,"Steel + Spark (Phoenix AZ): converts repurposed corten shipping containers into Sparkbox ADUs (steelandspark.com/faq.html, /fab--install.html). Shipping-container conversion shop: not IC (owner ruling 2026-10-01)."
IC-93822,existence_flag,not_ic,2026-10-01,"Linked Equipment (Phoenix AZ): fits out ISBUs / shipping containers as kitchens, labs, offices, container homes (linkedequipment.com/about-us/). Shipping-container conversion shop: not IC (owner ruling 2026-10-01)."
IC-92924,existence_flag,not_ic,2026-10-01,"IPME (1711 Alameda St, Wilmington CA): shipping container structures; IPME lists only its Compton HQ, Wilmington pin is a tank farm (goipme.com/about/). Shipping-container conversion shop: not IC (owner ruling 2026-10-01)."
IC-13875,existence_flag,not_ic,2026-10-01,"IPME Corporation (Compton CA): designs and modifies shipping container structures and event units (goipme.com/about/, goipme.com/contact/). Shipping-container conversion shop: not IC (owner ruling 2026-10-01)."
IC-93515,existence_flag,not_ic,2026-10-01,Falcon Structures (Manor TX): modified shipping container structures (falconstructures.com/capabilities-qualifications). Shipping-container conversion shop: not IC (owner ruling 2026-10-01).
IC-94201,existence_flag,not_ic,2026-10-01,"Custom Container Living (Butler MO): builds custom shipping container homes, sells modified containers (customcontainerliving.com/residential/). Shipping-container conversion shop: not IC (owner ruling 2026-10-01)."
IC-95433,existence_flag,not_ic,2026-10-01,"Custom Container Living (809 S Orange St, Butler; state wrongly NE): duplicate of IC-94201; shipping container homes (customcontainerliving.com). Shipping-container conversion shop: not IC (owner ruling 2026-10-01)."
IC-15522,existence_flag,not_ic,2026-10-01,Conex Modular LLC (San Leandro CA): customizes Conex shipping containers into ADUs (conexmodular.com). Shipping-container conversion shop: not IC (owner ruling 2026-10-01).
IC-93488,existence_flag,not_ic,2026-10-01,"Bizon Group / Conexwest (Lathrop CA): shipping container sales, rentals and modifications (bizongroupinc.com/shipping-container-modifications, conexwest.com/about-us). Shipping-container conversion shop: not IC (owner ruling 2026-10-01)."
IC-93329,existence_flag,not_ic,2026-10-01,S.I. Container Builds (Sustainable Imprints): homes and workspaces from recycled shipping containers (sicontainerbuilds.com/aboutus; offsitedigest.com 2023-03). Shipping-container conversion shop: not IC (owner ruling 2026-10-01).
IC-93033,existence_flag,not_ic,2026-10-01,M1 Containers / MobileOne Restoration (Kissimmee FL): shipping container modification and restoration (mobileonecontainers.com/about-us/). Shipping-container conversion shop: not IC (owner ruling 2026-10-01).
IC-94731,existence_flag,not_ic,2026-10-01,Custom Container Builders (Anderson IN): shipping container homes and container-based structures (customcontainerbuilders.com/pages/about-us). Shipping-container conversion shop: not IC (owner ruling 2026-10-01).
IC-94895,existence_flag,not_ic,2026-10-01,"A American Container (Tampa FL): portable storage container sales/rental, not a builder (a-american.com/contact/). Shipping-container conversion shop: not IC (owner ruling 2026-10-01)."
IC-92714,existence_flag,not_ic,2026-10-01,Container Creations (Weeki Wachee FL): makes vent/skylight adapters for Conex containers; corporation listed inactive (containercreations.com/collections; bizapedia). Shipping-container conversion shop: not IC (owner ruling 2026-10-01).
IC-52384,lat_lon,"37.63305,-95.45360",2026-10-02,"Advanced Systems Homes Chanute: plant hall SW of 4711 S Santa Fe Ave (review-pane move used a mis-scaled point 37.63223,-95.45303) (ADL review, agent pin fix)"
IC-92590,lat_lon,"33.54622,-97.83411",2026-10-02,"B2 Medical Bowie: hall east of 901 Decatur St (pane move used 33.54577,-97.83330) (ADL review, agent pin fix)"
IC-93229,lat_lon,"27.25928,-80.85488",2026-10-02,"Royal Concrete Concepts Okeechobee: precast hall on NW 16th Blvd (pane move used 27.25880,-80.85447) (ADL review, agent pin fix)"
IC-93230,lat_lon,"27.25928,-80.85488",2026-10-02,"Royal Concrete Concepts LLC (duplicate of IC-93229): same plant (ADL review, agent pin fix)"
IC-75870,name,VBC Berwick,2026-10-04,"iBUILT (Deluxe Building Systems) -> VBC Berwick: VBC lists this exact plant on its factories page (""499 W 3rd St., Berwick, PA 18603 ... Our 328,000 sq ft factory"", https://www.vbc.co/factories); VBC bought the building in May 2022 after it was closed since 2017 (https://www.vbc.co/blog/volumetric-building-companies-acquires-factory-to-offer-more-solutions-to-housing-crisis-in-northeast-cities). answers issue #76 for this plant (ruled by owner)"
IC-93605,capability_leaf,Pre-Engineered Metal Building,2026-10-05,"SEA BOX, Inc. Cinnaminson NJ: ""specializes in the design, customization, and manufacturing of ISO containers and modular buildings for both commercial and military applications"" (https://www.seabox.com/); Steel Volumetric Modular -> Pre-Engineered Metal Building (ruled by owner)"
IC-93605,capability_group,Other,2026-10-05,"SEA BOX, Inc.: Pre-Engineered Metal Building is an Other leaf (registry/taxonomy.yaml) (ruled by owner)"
IC-93619,capability_leaf,Specialty Volumetric,2026-10-05,"States Manufacturing: switchgear, control panels and ""Electrical & Equipment Shelters"" (https://statesmfg.com/about-us-2/); builds no housing. Modular (type not determined) -> Specialty Volumetric (ruled by owner)"
IC-93619,capability_group,Modular,2026-10-05,"States Manufacturing: Specialty Volumetric is a Modular leaf (registry/taxonomy.yaml v4) (ruled by owner)"
IC-93619,address,11100 Jefferson Hwy N,2026-10-05,"States Manufacturing's own site gives its facility as ""11100 Jefferson Hwy. N, Champlin, MN 55316"" (https://statesmfg.com/about-us-2/); 11500 Dayton Pkwy, Maple Grove is the mailing address on the TDLR/IIBC rosters (ruled by owner)"
IC-93619,city,Champlin,2026-10-05,"States Manufacturing facility: ""11100 Jefferson Hwy. N, Champlin, MN 55316"" (https://statesmfg.com/about-us-2/) (ruled by owner)"
IC-93619,zip,55316,2026-10-05,"States Manufacturing facility: ""11100 Jefferson Hwy. N, Champlin, MN 55316"" (https://statesmfg.com/about-us-2/) (ruled by owner)"
IC-93619,lat_lon,"45.155107,-93.395883",2026-10-05,"Replaces the 2026-10-01 pin, which sat on a 1,008,107 sq ft warehouse at the Maple Grove mailing address, not this company's plant. Address point of 11100 Jefferson Hwy N, Champlin (OpenStreetMap; US Census geocoder agrees within 10 m), on the street beside the plant: the building is not yet identified; a person should set it with Correct location (ruled by owner)"
