facility_id,verdict,duplicate_of,plant_address_asserted,reason,sources
IC-00434,closed,,,"931 Avenue W, Birmingham is now Birmingham Fastener's distribution hub, not a Butler plant. A Butler dealer's plant list gives Butler's Alabama manufacturing site as 1274 Church Ave NW, Rainsville, with no Birmingham plant; the EPA FRS Butler row at this address is historical.",https://bhamfast.com/locations/birmingham-al-distribution https://metalbuildingsales.com/fabrication-plants/
IC-00489,not_found,,,"MHI's October 2024 plant list still has an active 'CAVALIER HOME BUILDERS - ADDISON' plant (CVLR09), separate from Clayton Tiny Homes (CLAY24, the Park Models plant at 17645 County Road 41). Clayton says it turned the Cavalier Addison facility into 'Clayton Alabama', whose site gives 32 Wilson Blvd. 100. IC-92649 'Cavalier Home Builders-Addison 2' sits at 17645 County Rd 41 with Cavalier's phone 256-747-1575. No source gives a street address for the Highway 41 N & Cavalier Road plant, so it cannot be relocated or merged.",http://cavalieralabama.com/contact/ https://www.manufacturedhomes.com/manufacturer/2691/cavalier-homes/addison/ https://claytonparkmodels.com/contact/ https://claytonaddisonhbf.com/contact/ https://www.claytonhomes.com/newsroom/press-releases/Clayton-Alabama https://www.manufacturedhousing.org/wp-content/uploads/2024/10/Plant-List-10_3_24.pdf
IC-00499,not_found,,,"No current page names Spiral Industry Inc in Russellville or anything at 11700 Hwy 43 S; the only live 'Spiral Industries' is an unrelated tube and hose assembly maker in Howell, MI. The Russellville HUD plants that do appear are Clayton's at 1037 Highway 44 (IC-02821) and Franklin Homes at 10655 Hwy 43 (IC-00931). The Spiral plant is probably long defunct, but no source confirms a closure.",https://spiralindustries.com/contact/ https://www.bbb.org/us/al/russellville/profile/manufactured-home-manufacturers/southern-homes-plant-1-0513-14000038
IC-00516,not_found,,,"No current source names a Cavalier 'Plant 3' on Sardis Rd. Clayton says it consolidated its Cavalier and Southern Energy Addison teams into one Cavalier facility rebranded Clayton Alabama (32 Wilson Blvd per its site); Clayton's other Addison plants are on County Rd 41 (17645, 17921, 18025, already IC-92649, IC-94984, IC-94742). The Sardis Rd plant may be closed or the same site, but no page says which, and the record's pin (lon -87.658) sits near Haleyville, not Addison.",https://www.claytonhomes.com/newsroom/press-releases/Clayton-Alabama http://cavalieralabama.com/contact/ https://claytonparkmodels.com/contact/
IC-00564,not_found,,,"No current source shows Cana Inc or any building-systems plant at 1321 Industrial Blvd, Boaz; the neighbouring 1309 Industrial Blvd is an NPW auto-parts distribution centre, and directory search snippets give 1321 as 'Tony's Warehouse #1' (page not readable). The site looks reused for warehousing, but there is no closure source. Note: an fl_bcis name 'National Modular MFG, LLC-NC' on this record looks mis-linked.",https://locations.bumpertobumper.com/al/boaz/4034271/ https://npwcompanies.com/locations
IC-00579,not_found,,,"MCB Steel is an operating shop at 4900 Jaybird Rd, Bessemer, but its listings describe a structural and miscellaneous steel fabricator (structural steel, detailing, stairs, handrail, misc. iron), not a pre-engineered metal building maker. Whether a custom structural-steel fabricator counts as IC is a scope call for a person, so it is neither confirmed in scope nor removed.",https://www.hotfrog.com/company/1098669310251008/mcb-steel/bessemer/laboratories
IC-00958,not_found,,,"The only Southern Energy site on Highway 278 in Addison that listings show is 'Southern Energy Lumber' at 30851 Highway 278, which is not shown to be a home plant; Southern Energy's Addison home plants are on County Road 41 (17921 and 18025, already IC-94984 and IC-94742), and Clayton says the SE Addison team was consolidated into the Clayton Alabama facility. No source ties 'Southern Energy Homes II' to a current plant. Note: this record also carries fl_bcis/iibc/or_bcd/tx_tdlr assertions for B.I.G. Enterprises, 9702 E Rush St, South El Monte CA, which look mis-linked.",https://www.yellowpages.com/addison-al/southern-energy-homes-plant https://www.claytonhomes.com/newsroom/press-releases/Clayton-Alabama
IC-01232,not_found,,,"103 Eastland Road, Dothan is now occupied by Townsend Building Systems, which Manta categorizes as a general/building contractor; no current source shows Chapman Building Systems or any panel plant there. This is likely a former or contractor site, but one directory is not enough to remove it.",https://www.manta.com/c/mb8g2k6/townsend-building-systems
IC-02821,in_scope,,1037 Hwy 44,"The record is Clayton Russellville (formerly Southern Energy Homes, Russellville). Clayton's plant site gives 1037 Hwy 44, Russellville, with the record's phone (256) 277-7200, and EPA ECHO lists the active 'Southern Energy Homes, Inc. dba Russellville' facility at 1037 Hwy 44.",https://claytonrussellville.com/contact/ https://echodata.epa.gov/echo/echo_rest_services.get_facility_info?output=JSON&p_fn=SOUTHERN%20ENERGY%20HOMES&p_st=AL
IC-03339,in_scope,,330 Buccaneer Street,"330 Buccaneer St, Hamilton is the Hamilton Home Builders manufactured-home plant (211,000 sq ft, the former 1970s plant reopened with NMTC financing), part of Regional Homes / Regional Builders Group, which Skyline Champion acquired in 2023 (explaining the EPA 'Champion Home Builders Plant 190' name). The earlier CIS Home Loans match was a different entity.",https://ubcommunitydevelopment.com/hamilton-homebuilders/ https://www.bbb.org/us/al/hamilton/profile/manufactured-home-manufacturers/hamilton-home-builders-llc-0513-900249911 https://www.businesswire.com/news/home/20230824394739/en/Skyline-Champion-Announces-Acquisition-of-Regional-Homes
IC-04254,not_found,,,"No current source shows any building-systems plant at 1837 US Highway 78 East, Oxford. The only live 'Phillips Manufacturing' is the Omaha drywall-trim maker, whose plants are in Omaha NE, Niles OH, Tampa and Umatilla FL and a Phoenix warehouse, with nothing in Alabama. Earlier research found the Alabama corporation was dissolved, but that is not enough to remove the plant.",https://edgemaster.phillipsmfg.com/business/
IC-04322,not_found,,,"Corotherm (insulated concrete panel system; a Corotherm Building System, LLC Facebook page with little activity) has only stale directory listings in Guntersville; no source places an operating panel plant at 4008 Creek Ridge Rd or anywhere else, and no recent activity, licence or closure notice was found. Likely dormant, but there is no evidence for a removal.",https://www.facebook.com/Corotherm/
IC-04359,closed,,,"Lil' Lodges of Alabama filed Chapter 7 (liquidation) bankruptcy, and its inventory at its two Bear Creek warehouses (674 County Road 65 and 8085 Highway 13) was sold in a 2017 court-ordered auction. No later source shows the business operating.",https://www.builderonline.com/money/affordability/alabama-tiny-homes-go-on-the-block_o https://mynbc15.com/news/local/25-tiny-houses-many-unfinished-in-bankruptcy-court-auction
IC-04481,not_found,,,"Classic Panel is still listed at 2055 Bexar Ave E, Hamilton (205-921-2880), with a 6:00 am to 2:30 pm shift and the categories 'Paneling, Building Materials'. No source says what the panels are (decorative interior paneling vs. structural wall panels), so IC scope cannot be settled.",https://www.yellowpages.com/hamilton-al/mip/classic-panel-464437460
IC-08130,not_ic,,211 Old Troy Road,"EPA ECHO registers Interfor U.S. at 211 Old Troy Rd, Monticello under NAICS 321113 (sawmills, SIC 2421), and Interfor's Monticello Division page is a lumber-company sawmill operation; it makes dimensional lumber, not CLT or other building systems.",https://echodata.epa.gov/echo/echo_rest_services.get_facility_info?output=JSON&p_fn=INTERFOR&p_st=AR https://interfor.com/location/monticello/
IC-08472,not_ic,,,"4560 Highway 412 E, Siloam Springs is Leisure Time Products, and Home Brands and Leisure Time Products are sister brands of Backyard Discovery, which makes swing sets, playhouses, patio products and backyard sheds. Those are consumer outdoor products, not off-site building systems.",https://www.yellowpages.com/siloam-springs-ar/mip/leisure-time-products-8008603 https://www.aterianpartners.com/aterian-investment-partners-acquires-backyard-discovery/
IC-09141,duplicate,IC-09134,,"Aerotek is a staffing agency, not a manufacturer. Its EPA FRS row (1500 Panatela Pkwy, prefab metal building NAICS 332311) sits on Panatela Parkway, whose only metal-building plant is All Weather Insulated Panels at 15000 Panatela Pkwy (IC-09134); this row looks like a staffing firm's registration at that plant with the house number missing a zero. Needs a person's check before merging.",https://echodata.epa.gov/echo/echo_rest_services.get_facility_info?output=JSON&p_fn=AEROTEK&p_st=AR https://www.mapquest.com/us/arkansas/all-weather-insulated-panels-284076649
IC-09940,not_found,,,"Premier SIPs' own plant-consolidation article names only its Puyallup, WA and Dixon, CA plants, and the About page never mentions Arizona; no source shows SIP production at 3434 W Papago St today. The Phoenix plant is likely closed, but no page states it, so this is not removed.",https://sips.premierbuildingsystems.com/blog/premier-sips-to-create-super-plant-to-manufacture-structural-insulated-panels-sips https://www.premierbuildingsystems.com/about
IC-09954,in_scope,,3052 S 19th Ave.,"TPAC's own site gives its plant as 3052 S 19th Ave., Phoenix and says it makes precast/prestressed architectural concrete building systems. That is a precast panel plant, so the leaf is corrected from Closed Wood Panel to Precast Concrete Panel.",https://www.tpacaz.com/about-us/ https://www.tpacaz.com/contact-us/
IC-10098,in_scope,,2000 West Central Ave.,"Arizona Structural Laminators manufactures glued laminated timber beams, headers and columns (glulam is a Mass Timber leaf); its own contact page gives 2000 West Central Ave., Eagar, AZ 85925, matching the record.",https://azglulam.com/contact/ https://azglulam.com/
IC-10212,not_found,,,"Myrmo and Son Inc in Tucson (85719) is an active Arizona licensed specialty contractor doing welding/steel work; no page shows it manufacturing pre-engineered metal buildings or other building systems, nor shows it is only a site contractor. Likely a small fabrication/contracting shop; scope needs a person's call.",https://www.buildzoom.com/contractor/myrmo-and-son-inc
IC-10225,not_found,,10900 N. Solar Canyon Way,"Janus's own locations page now gives its Arizona site as 10900 N. Solar Canyon Way, Surprise (not 13374 W Peoria Ave), so the Surprise operation appears to have moved within town. Janus makes self-storage roll-up doors, hallway systems and relocatable storage units; whether that is IC (the record's pre-engineered metal building label is unverified) needs a person's scope call.",https://www.janusintl.com/about/locations
IC-10334,in_scope,,499 West Esplanade,"MHI's October 2024 HUD plant list includes 'SKYLINE HOMES SAN JACINTO CA' (plant code SKYL02), and BBB lists the Skyline Homes manufactured-home manufacturer at 499 West Esplanade, San Jacinto, the record's address. Skyline's own site is titled San Jacinto CA but gives no street address.",https://www.manufacturedhousing.org/wp-content/uploads/2024/10/Plant-List-10_3_24.pdf https://www.bbb.org/us/ca/san-jacinto/profile/manufactured-home-manufacturers/skyline-homes-1126-35001840 https://www.skylinehomessocal.com/
IC-10339,in_scope,,840 Palm St,"The California Manufactured Housing Institute lists builder member 'Champion Home Builders – Lindsay' at 840 Palm St, Lindsay, and MHI's October 2024 HUD plant list includes 'CHAMPION HOME BUILDERS #9 LINDSAY CA'. So this is Champion's Lindsay plant; the 'Champion Homes Center' retail lot in Lindsay is a separate listing.",https://cmhi.org/members/champion-home-builders-redman/ https://www.manufacturedhousing.org/wp-content/uploads/2024/10/Plant-List-10_3_24.pdf
IC-10615,closed,,,"Clark Pacific's contact page lists West Sacramento only as its corporate headquarters (710 Riverpoint Court) and names its plants as Woodland (40600 County Road 18C, already IC-12064), Adelanto and Coolidge; the former plant at 1980 S River Rd is on LoopNet as office/warehouse space for lease (on market since 9/20/2023), so precast production no longer runs at this address.",https://www.clarkpacific.com/contact-us/ https://www.loopnet.com/Listing/1980-S-River-Rd-West-Sacramento-CA/23275037/
IC-10965,in_scope,,41777 Boyce Rd.,"The Blue Book manufacturer listing for Walters & Wolf Precast (est. 1994) gives its main location as 41777 Boyce Rd, Fremont, matching the record; MapQuest also lists Walters & Wolf Precast on Boyce Rd as a precast concrete producer. The parent Walters & Wolf (curtain wall) office is nearby at 41450 Boscell Road.",https://www.thebluebook.com/iProView/882645/walters-wolf-precast/manufacturers/locations-contacts/ https://www.mapquest.com/us/california/walters-wolf-precast-353870399 https://waltersandwolf.com/california-contact/
IC-11449,in_scope,,,"CBC Steel Buildings (Nucor) is an operating pre-engineered metal building manufacturer in Lathrop. Its site gives the main office as 17072 S. Harlan Road, Lathrop, with the record's phone 209-983-0910. EPA FRS and MBMA (the record's sources) give 1700 E Louise Ave, Lathrop. Both are probably the same Lathrop operation, so the record's address is kept; a person could check whether the plant sits on the Harlan Rd or the Louise Ave frontage.",https://www.cbcsteelbuildings.com/contact/ https://www.cbcsteelbuildings.com/
IC-12699,not_found,,,"Arch-Rite is at 1062 N Armando St, Anaheim and makes prefabricated non-load-bearing wood framing kits (archways, barrel/groin vaults, dome ceilings, range hoods) under archwaysandceilings.com; it is not a mass-timber plant. Whether decorative non-structural framing kits count as IC is a scope call for a person, so no removal is proposed.",https://www.doorswindowscompany.com/2530/arch-rite https://www.archwaysandceilings.com/
IC-13050,not_found,,,"Paramount Precast Inc is still listed at 8438 San Fernando Rd, Sun Valley (phone 818-252-4644), filed under masonry contractors; earlier research found it makes ornamental precast (trim, sills, columns). No source shows structural or panel precast for off-site construction. Scope question for a person: an ornamental/architectural-trim precast shop is probably not IC.",https://masonry-contractors.cmac.ws/paramount-precast-inc/2082/
IC-13062,not_ic,,,"American Infrared Sauna Corp (Cedrus Sauna brand; staff emails at cedrussauna.com) is an infrared-sauna maker in Anaheim, not a manufacturer of building panels or other off-site construction systems; its old site cedrussauna.com now redirects to an unrelated gambling page, and a third-party parts site services Cedrus infrared saunas.",https://www.allbiz.com/business/american-infrared-sauna-corp_1q-714-999-8800 https://cedrussaunapart.com/
IC-13246,in_scope,,507 Jones Road,"507 Jones Rd, Oceanside (phone 760-967-6171, same as the record) is the Stone Truss roof and floor truss plant per its own contact page; the Eco Building Products name is stale.",https://stonetruss.com/contact/
IC-13578,not_found,,,"Only directories mention East County Truss: one at 6066 Federal Blvd (which directories now show as Auto Pawn Plus) and another at 13288 1/2 Highway 8 Business, El Cajon. No company site, licence or news confirms a currently operating truss plant at either address.",https://start.cortera.com/company/research/k2m0szm8q/east-county-truss/ https://www.directionus.com/ca/san-diego/auto-pawn-plus https://www.directionus.com/ca/el-cajon/east-county-truss-inc
IC-13798,closed,,,"Ideal Environmental Products (Chem-Stor), maker of hazardous-material storage units and modular steel buildings, no longer gives any Gilroy location: its site names its Central California facility at 1725 W. Pacheco Blvd., Los Banos, CA 93635. The Gilroy (110 Old Gilroy St) row looks like a relocated operation.",https://www.chem-stor.com/ https://www.chem-stor.com/modular-steel-buildings/
IC-17612,in_scope,,3441 W MacArthur Blvd,"Werner Systems is the in-house design, engineering and fabrication subsidiary of Woodbridge Glass, a vertically integrated contract glazier that fabricates and factory-assembles unitized curtain wall; the company site gives its address as 3441 W MacArthur Blvd, Santa Ana, CA 92704 (second site 15075 Wicks Blvd, San Leandro).",https://woodbridgeglass.com/home/ https://woodbridgeglass.com/services/unitized-curtain-wall/
IC-18554,in_scope,,"8221 East 96th Ave., Suite B","RK Industries' locations page shows 8221 East 96th Ave., Suite B, Henderson as the RK Steel / RK Energy fabrication plant (50,000 sq ft structural and modular fabrication, 30,000 sq ft piping fabrication). RK Mission Critical itself now operates from Aurora Facility 1 (IC-19588) and Facility 2 at 17450 E. 32nd Pl., so the record's name should be RK Steel / RK Energy.",https://rkindustries.com/about-us/locations-facilities/
IC-18631,not_found,,,"No current source shows a Riblet plant in Brighton, and MHI's 2024 HUD plant list has no Brighton CO plant. A 1996 Seventh Circuit opinion describes Riblet Products Corporation (Indiana) as making 'components of site-built homes and recreational vehicles', not HUD-code homes, so the HUD Modular classification is doubtful and the Brighton site is probably a long-gone component branch. Neither point is enough for a removal.",https://caselaw.findlaw.com/court/us-7th-circuit/1222496.html https://www.manufacturedhousing.org/wp-content/uploads/2024/10/Plant-List-10_3_24.pdf
IC-19017,not_ic,,,"Oldcastle Infrastructure ties 8392 W Riverview Parkway, Littleton only to underground utility products (electrical pull vaults, panel vaults) as a product-availability location, i.e. civil/utility precast rather than building systems; its Littleton locator page now lists only an office at 7921 Southpark Plaza Suite 200. No source shows building-panel production here.",https://oldcastleinfrastructure.com/product/4x4-electrical-pull-vault/ https://locator.oldcastleinfrastructure.com/co/littleton/
IC-19621,not_found,,151 Old Farms Road,"Oldcastle Infrastructure (successor to Rotondo Precast) still lists an Avon location at 151 Old Farms Road, phone (860) 673-3291, so the site exists and operates; but its pages describe only infrastructure precast (water, storm drainage, utility enclosures) and nothing shows building panels or other IC products made here. Scope question for a person: likely civil/utility precast, not IC.",https://locator.oldcastleinfrastructure.com/ct/avon/
IC-19990,not_found,,9283 Old Racetrack Rd,"Concrete Building Systems Inc (precast/prestressed structural products since 1981) is listed at 9283 Old Racetrack Rd, Delmar, which is the plant's street address (the record holds only 'North 2nd Street'); the site was marketed for sale as a heavy-industrial manufacturing operation in 2020 and the listing now points to Ernest Maier (Parker Block, block/masonry/ready-mix), so whether precast production continues there is unconfirmed.",https://www.allbiz.com/business/concrete-building-systems-inc-302-846-3645 https://www.loopnet.com/Listing/9283-Old-Racetrack-Rd-Delmar-DE/19789531/
IC-20426,not_found,,,"Precast Designs Inc operates its production plant at 10305 Rocket Ct, Orlando, but its products are decorative architectural precast (columns, capitals, fireplace surrounds, wall pier caps), not building panels or other off-site building systems. Only one descriptive source was found, so this is not filed as a removal. Scope question for a person: likely not IC.",https://www.mapquest.com/us/florida/precast-designs-inc-4240958
IC-20797,not_found,,2137 Jacksonville St,"Cast-Crete's own contact page now places its Fort Myers location at 2137 Jacksonville St, Fort Myers 33916 (17172 Jean St is an old directory address); the page does not say whether Fort Myers is a production plant or a sales/distribution branch of the Seffner plant (IC-20409). Scope question for a person: Cast-Crete makes precast lintels and sills, which may not count as IC panels.",https://castcrete.com/contact-us/
IC-20839,not_ic,,,"Architectural Panel Products Industries (APPI) is a custom manufacturer of prefinished and unfinished wood veneer panels (decorative interior/yacht panels), now at 1175 NW 17th Ave, Delray Beach; that is a veneer/plywood product, not a building-system panel, and nothing ties it to an operating plant at 1919 NW 19th St, Fort Lauderdale.",https://architecturalpanel.com/ https://architecturalpanel.com/contact-us/
IC-20908,not_ic,,,"Oldcastle/Coastal's Pensacola page offers manufactured stone veneers, brick, outdoor living (pavers, retaining walls) and resold masonry supplies, and EPA's registry codes the 150 E Olive Rd site (Oldcastle APG South / Coastal, an Oldcastle company) as NAICS 324121, 327390, 327999 (SIC 3272, 2951), i.e. paver/hardscape and bagged concrete/asphalt products, not precast building panels or other off-site building systems.",https://www.oldcastlecoastal.com/pensacola.html https://echodata.epa.gov/echo/echo_rest_services.get_facility_info?output=JSON&p_fn=OLDCASTLE&p_st=FL&p_ct=PENSACOLA
IC-21067,not_found,,,"940 W Jefferson St is today the Builders FirstSource Brooksville lumber yard (location #BRVLFLYD); its page lists facility types Lumber and Building Materials plus Trusses, Wall Panels and Components but not Manufacturing Facility, which BFS truss plants (e.g. Plant City) carry. Likely a yard, not a plant; needs a person to rule not_ic.",https://www.bldr.com/location/brooksville-fl-lumber-yard/BRVLFLYD https://www.bldr.com/location/plant-city-fl-truss/PLANFLMF https://www.chamberofcommerce.com/business-directory/florida/brooksville/building-materials-supplier/2012598
IC-21137,not_found,,,"EPA ECHO also lists HD Supply #WB6600 at 16000 Old US Hwy 41, Naples, so the record's 1600 N US Hwy 41 is likely a typo. Directories now show Safelite AutoGlass and other tenants at 16000 Old 41 Rd, plus an old Cox Lumber listing; no source shows an operating truss plant there. Probably closed, but no source says so outright.",https://echodata.epa.gov/echo/echo_rest_services.get_facility_info?output=JSON&p_fn=HD%20SUPPLY&p_st=FL&p_ct=NAPLES https://www.loc8nearme.com/florida/naples/safelite-autoglass/6028085/ https://www.licensed.contractors/florida/naples/16000-old-us41-cox-lumber-co-1231283.html
IC-21171,not_found,,,"Southern Precast Concrete Co is listed at 1502 Savannah Ave, Tarpon Springs (about 2 employees, filed as a concrete contractor) with the southernprecast.net website, but that site now shows only a sales yard in Ellabell, GA selling precast items such as planters; nothing shows building panels or other IC products made at Tarpon Springs. Scope question for a person: likely a small decorative/garden precast or contractor business, not IC.",https://www.allbiz.com/business/southern-precast-concrete-co-727-937-4808 https://southernprecast.net/contact-us.html
IC-21174,not_found,,,"Seminole Precast (now Seminole Precast LLC) is still operating at 331 Benson Junction Rd, DeBary, phone 386-668-7745, with recent trucker reviews of the yard; its products are known from older directories as retaining walls, barriers and bridge (FDOT) precast, and no current source shows building panels or precast buildings. Scope question for a person: likely transportation/civil precast, not IC.",https://www.chamberofcommerce.com/business-directory/florida/debary/concrete-contractor/2894126-seminole-precast-llc
IC-21596,not_found,,,"U.S. Concrete Products Corporation is confirmed at 1878 NW 21 St, Pompano Beach (founded 1993, phone 954-973-0368, website unitedstatesconcrete.com, whose search-result title reads 'Manufacturers of Custom Precast Concrete Structures'); the company site was behind a bot check, so which products (utility structures vs building components) the plant makes could not be confirmed.",https://www.allbiz.com/business/us-concrete-products-corporation_1h-954-973-0368
IC-21623,not_found,,19400 Peachland Blvd,"Cast Systems' own site confirms an operating precast plant at 19400 Peachland Blvd, Port Charlotte (earlier 'closed' reading was only Sunday hours), but it makes only underground utility precast (manholes, catch basins, vaults, culverts, seawalls), no building panels. Scope question for a person: utility/infrastructure precast is not clearly IC.",https://castsystems.wordpress.com/
IC-21826,not_found,,,"6550 Roosevelt Blvd is the Builders FirstSource Jacksonville lumber yard (location #HJAXYD); its page lists Lumber and Building Materials plus Trusses, Wall Panels and Components but not Manufacturing Facility, which BFS truss plants (e.g. Plant City) carry. Likely a yard, not a plant; needs a person to rule not_ic.",https://www.bldr.com/location/jacksonville-fl-lumber-yard/HJAXYD https://www.bldr.com/location/plant-city-fl-truss/PLANFLMF
IC-21936,duplicate,IC-96033,,"Blackwater Truss Systems' own contact page gives its only location as 8736 Highway 87 North, Milton, FL 32570 and the site says it ships from Milton; that plant is already IC-96033. The 6512 Yellow Hill Dr, Bagdad row appears to be an older/alternate address of the same company.",https://blackwatertruss.com/pages/contact-us https://blackwatertruss.com/pages/about-us-1
IC-22053,in_scope,,10980 Hughey Kimal Dr,"American Precast's own site says it manufactures structural precast hollowcore floor, roof and stair systems in Venice FL; the Florida DBPR licence lists its location as 10980 Hughey Kimal Dr (the record's '1980' drops a digit).",https://www.myfloridalicense.com/portalsearches/VerifyLicensee/LicenseDetail?ID=8D25FDB36401D535630A02D914AD221A https://americanprecastcorp.com/
IC-22104,closed,,,"Florida Division of Corporations shows True Stone Corporation (3600 NE Candice Ave, Jensen Beach) voluntarily dissolved 09/20/2017; its successor True Stone Masonry (same 772-334-9797 phone) now gives its address as 7324 Commercial Cir, Fort Pierce FL 34951. It makes decorative cast stone (balustrades, columns, trims, planters), which is likely out of IC scope anyway.",https://search.sunbiz.org/Inquiry/CorporationSearch/SearchResultDetail?aggregateId=domp-p00000025288-b543ebd9-0b91-4790-afe5-c54c50fe3d8a&directionType=PreviousList&inquirytype=EntityName&listNameOrder=TRUESTMORTGAGELENDING+P220000006850&searchNameOrder=TRUESTONE+P000000252880&searchTerm=TRUETECH+CORP https://truestonemasonry.com/
IC-22170,not_found,,,"Accu-Span Truss is gone from 1891 High St, Longwood. Gleckler and Sons Building Supplies, which makes floor and roof trusses and has Jacksonville and Bunnell plants already in the database (IC-21873, IC-96039), now lists 1891 High St as one of its locations. Its site does not say whether Longwood builds trusses or is a yard.",https://www.glecklerandsons.com/
IC-22186,not_found,,,"OSHA (via mirror) inspected CONSOLIDATED INDUSTRIES at 1221 SW Eucalyptus Avenue, Arcadia in Aug 2014 under NAICS 321992 prefabricated wood buildings with general-industry citations (woodworking machinery, spray respirators), so a small prefab-building shop operated there then; FactoryRegistry shows Overholt Enterprises (portable storage sheds) at the same point and no recent signal for Consolidated Industries. No current operator, product or website for Consolidated Industries found; likely a portable-shed shop, which is a scope question rather than exterior envelope panels.",https://safetyrecord.org/company/consolidated-industries-arcadia-fl https://www.factoryregistry.com/facility/fl/arcadia/consolidated-industries-110070280690
IC-22298,closed,,,"Every Florida entity of this business at 29300 Hwy 27, Dundee (Architectural Crete Corp P14000028074 and Architectural Crete.com Inc P08/P11/P16 filings) is inactive by administrative dissolution, the last in 09/2017 with no annual report ever filed; no successor entity or current web presence was found, and an earlier map check placed a roadside-service business at the address.",https://search.sunbiz.org/Inquiry/CorporationSearch/SearchResultDetail?inquirytype=EntityName&directionType=Initial&searchNameOrder=ARCHITECTURALCRETE%20P140000280740&aggregateId=domp-p14000028074-1f521d7d-0e02-4afa-8091-19735fcb64a0&searchTerm=ARCHITECTURAL%20CRETE&listNameOrder=ARCHITECTURALCRETE%20P140000280740 https://search.sunbiz.org/Inquiry/CorporationSearch/SearchResultDetail?inquirytype=EntityName&directionType=Initial&searchNameOrder=ARCHITECTURALCRETECOM%20P160000914070&aggregateId=domp-p16000091407-fa01fbf1-a68e-4b20-b4b0-c34d9f81f834&searchTerm=ARCHITECTURAL%20CRETE&listNameOrder=ARCHITECTURALCRETE%20P140000280740
IC-22439,not_ic,,,"294 Patterson Rd, Haines City is an office property per LoopNet and houses Heart of Florida Dental per directories; it is not a truss plant. No source ties J & R Bailey Construction to component manufacturing anywhere.",https://www.loopnet.com/Listing/294-Patterson-Rd-Haines-City-FL/42105345/ https://www.chamberofcommerce.com/business-directory/florida/haines-city/dentist/2004072591-heart-of-florida-dental
IC-22492,in_scope,,1404 Old Jacksonville Hwy,"Panel-Tek's services page states its wood truss manufacturing facility is at 1404 Old Jacksonville Hwy, Palatka, FL 32177; the St. Augustine address (200 Commercial Dr, Suite 8) is its office.",https://www.panel-tek.com/services.html https://www.panel-tek.com/
IC-22509,in_scope,,1464 Line Rd.,"Arban and Associates' own site gives 1464 Line Rd, Ponce De Leon, FL 32455 and says its manufacturing facility builds custom roof and floor trusses (family owned since 1986).",https://arbantruss.com/
IC-22583,closed,,,"Palm Beach Cast Stone, Inc. changed its principal address on 02/20/2023 to 5440 Maule Way, Mangonia Park FL 33407 (Sunbiz), and its own site (pbcaststone.com, now 'Palm Beach Stone') gives only that address, so the business has left 809 N Railroad Ave, West Palm Beach. It makes decorative architectural cast stone, so whether the new site belongs in the IC database at all is a scope question.",https://search.sunbiz.org/Inquiry/CorporationSearch/SearchResultDetail?inquirytype=EntityName&directionType=Initial&searchNameOrder=PALMBEACHCASTSTONE%20H024552&aggregateId=domp-h02455-701c4d04-a240-4ce2-9957-fda2eec0d8e7&searchTerm=PALM%20BEACH%20CAST%20STONE&listNameOrder=PALMBEACHCASTSTONE%20H024552 https://pbcaststone.com/
IC-22603,not_found,,,"1102 53rd Ave W, Bradenton is now listed as the iStorage / Xpress Storage self-storage facility. Rabco's web presence redirects to MakoRabco, a self-storage steel building supplier. That points to the old Rabco shop being gone or turned into storage, but no page states Rabco's fabrication there ended or names a current Rabco/MakoRabco plant, so no removal.",https://www.loc8nearme.com/florida/bradenton/xpress-storage/5411555/ https://makorabco.com/rabco
IC-22762,not_found,,,"AJT Engineering is an engineering/design-build firm whose site gives only an office at 200 Willard St, Suite 2C, Cocoa and describes designing air traffic control towers (construction documents, shop-drawing review, site observation), not a fabrication plant. Nothing ties a current cab-assembly shop to 730 Mullet Rd, Cape Canaveral, which comes only from an EPA FRS row. Likely a past project-specific assembly site, but there is no second source to remove it; prefab ATC tower cabs are also a scope question.",http://ajteng.com/air-traffic-control-towers.html
IC-22907,closed,,,"Horton Homes (record holds its P.O. Box mailing address; plant was 101 Industrial Blvd, Eatonton, also IC-92897) is listed as CLOSED, and Putnam County's development authority reports Legacy Housing now producing in a former Horton Homes facility on Industrial Boulevard (Legacy's Eatonton plant is IC-94988). Note IC-92897 is the same defunct company.",https://www.modulartoday.com/Horton-Homes.html https://putnamdevelopmentauthority.com/manufactured-home-plant-in-eatonton-now-making-units-may-hire-300/
IC-22917,not_found,,,"EPA ECHO/TRI still list General Manufactured Housing Plant 4 at 2885 Fulford Rd, Waycross but show no inspections or recent release data; no current source shows a GMH plant operating there. Neighbouring Fulford Rd plants are Live Oak Homes (2875, IC-30785) and Champion plant 50 (2880, IC-47043); whether 2885 is now part of one of them is unconfirmed.",https://echodata.epa.gov/echo/echo_rest_services.get_facility_info?output=JSON&p_fn=GENERAL%20MANUFACTURED&p_st=GA https://emissionmap.com/facility/31502GNRLM2885F
IC-22918,not_found,,,"EPA ECHO lists General Manufactured Housing Inc Plant 2 at 3233 Industrial Blvd, Waycross with no inspection history; GMH also appears at 2255 Industrial Blvd (last inspected 2006). No current source confirms a manufactured-housing plant operating at 3233 Industrial Blvd; status unresolved.",https://echodata.epa.gov/echo/echo_rest_services.get_facility_info?output=JSON&p_fn=GENERAL%20MANUFACTURED&p_st=GA
IC-23341,not_found,,,"A supplier profile places Shady Vent Aluminum Products at 4370 Dugger Dr / PO Box 66, Powder Springs, making aluminum commercial canopies, carports, boat covers, walkway awnings and 'full metal buildings'. Property-listing search snippets (not opened) describe the parcel as vacant land or a retail building. No current source shows a building-systems plant operating here. Canopy/awning makers are a scope question.",https://www.processregister.com/Shady_Vent_Aluminum_Products/Supplier/sid102276.htm
IC-23482,duplicate,IC-22864,,"EPA FRS lists 'Building Technology Corp' on unnumbered Pequanoc Street, Tallapoosa as an inactive prefab metal building (332311) facility. The only active metal-building plant on Pequanoc is NCI Building Systems / Whirlwind Steel Buildings at 125 Pequanoc Dr (IC-22864), also in EPA FRS and in a local directory. This row looks like an older registration of that same site; a person should confirm before merging.",https://echodata.epa.gov/echo/echo_rest_services.get_facility_info?output=JSON&p_st=GA&p_ct=TALLAPOOSA https://www.whereorg.com/prefabricated-metal-buildings-and-components-tallapoosa-ga
IC-24088,closed,,,"The Swainsboro OSB plant was only proposed: Georgia Trend (2010) reports Huber cancelled the announced $300-million OSB plant, and Huber's current location list names HEW manufacturing only at Broken Bow OK, Commerce GA, Crystal Hill VA, Easton ME and Spring City TN, with no Swainsboro site. Nothing operates at 308 New Hope Church Road for Huber.",https://www.georgiatrend.com/2010/12/01/swainsboro-emanuel-county-holding-steady/ https://www.huber.com/about/global-locations/
IC-24109,not_found,,,"The record (EPA FRS, NAICS 321212 softwood veneer/plywood, street '3RD AVE' only) cannot be tied to a plant: an ECHO name search for Wood Components in GA now returns nothing, and web results show only an FMCSA carrier entry for Wood Components Inc. No product line, street number or current operation found; the NAICS points to a commodity wood mill rather than IC.",https://echodata.epa.gov/echo/echo_rest_services.get_facility_info?output=JSON&p_fn=WOOD%20COMPONENTS&p_st=GA https://dot.report/usdot/228136
IC-24157,not_found,,,"EPA ECHO still lists Peachtree Homes at Hwy 133 South, Moultrie with no inspections; a 2004 forum reply says Peachtree Housing on Pavo Road, Moultrie is no longer in business. Likely closed long ago, but only one informal source says so, which is not enough for removal.",https://echodata.epa.gov/echo/echo_rest_services.get_facility_info?output=JSON&p_fn=PEACHTREE&p_st=GA&p_ct=MOULTRIE https://forum.mobilehome.com/viewtopic.php?t=17444
IC-24172,not_found,,,"No current or official source places a Flintstone Industries mobile-home plant on Hwy 129 North, Ocilla; searches return only unrelated Flintstone, GA listings. Prior research found a forum claim that Flintstone ended around 1988-89; one informal source is not enough for closure.",https://forum.mobilehome.com/viewtopic.php?p=14395
IC-24253,not_found,,,"EPA ECHO carries two legacy Waycross Homes rows (Rt 4 Box 284C Industrial Blvd, no inspections) beside a separate Clayton Homes Waycross plant at 3350 Industrial Blvd (IC-23551). No source ties Waycross Homes to Clayton or shows it operating today; a 1993 directory (prior research) put it at 2250 Industrial Blvd. Possibly the same plant lineage as IC-23551, but unproven.",https://echodata.epa.gov/echo/echo_rest_services.get_facility_info?output=JSON&p_fn=WAYCROSS%20HOMES&p_st=GA
IC-24544,not_ic,,,"EPA ECHO lists two GBF Sandersville sites (1103 S Harris St and 2746 Deepstep Rd) under NAICS 321219/SIC 2499, and the Governor's announcement says General Biofuels Georgia LLC would build a wood pellet plant in Sandersville. GBF is a wood-pellet (biomass fuel) operation, not a building-component plant.",https://echodata.epa.gov/echo/echo_rest_services.get_facility_info?output=JSON&p_fn=GBF&p_st=GA&p_ct=SANDERSVILLE https://biodieselmagazine.com/articles/general-biofuels-to-construct-pellet-plant-in-ga-8087
IC-30611,in_scope,,2445 Old Covington Hwy SW,"Truss Components' current site (trusscomponentsatl.com) describes its truss manufacturing and gives 2445 Old Covington Hwy SW, Conyers GA 30012 with the record's phone 770-760-8444; the earlier 'closed' reading is contradicted.",https://www.trusscomponentsatl.com/
IC-30613,not_found,,,"101 Moreland Rd, Griffin is a 1,976 sq ft manufactured home (built 2000) on a 3.74-acre lot per public-record data, and the row names a person (Robert McInvale) from an EPA FRS registration. No source shows a metal-building fabrication shop operating there; a small home-based shop or kit dealer is possible, so no removal.",https://www.redfin.com/GA/Griffin/101-Moreland-Rd-30224/home/24233177
IC-30619,not_found,,,"1727 Nicklesville Rd NE, Resaca is listed by Zillow as a 3-bed single-family home, not an industrial site, and no Georgia plant or website for 'Custom Concrete Homes' was found; customconcretehomes.com is an unrelated Gulf Coast (MS/AL/FL panhandle) ICF home builder. Likely a defunct home-based contractor; no evidence of any factory.",https://www.zillow.com/homedetails/1727-Nicklesville-Rd-NE-Resaca-GA-30735/223811382_zpid/ https://customconcretehomes.com/about-us/
IC-30877,not_found,,,"Only directories list Truss Pros Inc (roof trusses) at 1560 Sandhill Hulett Rd, Carrollton; the earlier 'Closed' reading appears to be Superpages' 'CLOSED NOW' hours label. Property sites describe the parcel as a single-family home on 11.75 acres, and the website the directory links (truss-pros.com) belongs to an unrelated South Dakota company. Current operation is unconfirmed.",https://www.superpages.com/carrollton-ga/bpp/truss-pros-inc-462289271 https://www.redfin.com/GA/Carrollton/1560-Sandhill-Hulett-Rd-30116/home/23948401 https://truss-pros.com/
IC-30924,not_found,,4648 South Old Peachtree Road,"IMETCO (Innovative Metals Co) manufactures at its Norcross campus on South Old Peachtree Road; its own contact page gives 4648 South Old Peachtree Road, so the golden 4846 looks like a transposed house number. Kept not_found only because it makes architectural metal roof/wall panels and decking, not pre-engineered buildings, so IC scope needs a person.",https://imetco.com/contact/ https://www.georgiamanufacturingalliance.com/events/imetco-factory-tour---norcross
IC-31017,not_found,,,"A map listing places Seminole Precast Manufacturing at 220 Cargill Road Connector, Macon, making manholes, catch basins and custom precast (a prior run also found it on SCDOT's precast drainage qualified-product list); its old domain seminoleprecast.com is now a spam site. Scope question for a person: utility/infrastructure precast is not clearly IC, and no building-panel line was found.",https://www.mapquest.com/us/georgia/seminole-precasat-manufacturing-inc-350888285
IC-31019,not_found,,,"CAJ Productions LLC is the company behind Kokoon Homes, which made foam/steel wall-panel home kits and tiny houses on wheels at 444 W Doyle St, Toccoa (OSHA inspected it there in 2016 under NAICS 321991). No current source shows production continuing; today's kokoonhomes.com names no Toccoa site. Address is right for the historical plant; operating status unknown, and capability is panel kits rather than HUD homes.",https://safetyrecord.org/company/caj-productions-llc-toccoa-ga https://tinyhouselistings.com/listings/toccoa-georgia-12-kokoon-homes/ https://kokoonhomes.com/
IC-47326,in_scope,,91-291 Hanua Street,"Honsador's Oahu Truss location page places the Honsador Truss plant (CMF truss tables, MiTek Cybersaw, Douglas Fir roof and floor trusses) at 91-291 Hanua Street, Kapolei, HI 96707, the record's address; the 91-151 Malakole Rd site is the lumber branch.",https://www.honsador.com/our-locations/oahu-truss/
IC-47394,not_found,,,"A map listing confirms Aloha Precast at 91-027 Kaomi Loop, Kapolei as a precast producer, and a prior run found Hawaii DOT/SPO documents tying it to precast drainage products, but no company site or page shows building panels. Plant location is fine; scope (utility vs building precast) needs a person.",https://www.mapquest.com/us/hawaii/aloha-precast-404706658
IC-47434,in_scope,,91-1041 Midway Rd,"A business-claimed Procore profile (joined October 2024, one active project) lists Apex Truss, LLC as a wood-framing supplier at 91-1041 Midway Rd, Kapolei, the record's address. Together with the earlier OSHA record of truss manufacturing there, this shows the truss plant is still operating.",https://network.procore.com/p/apex-truss-llc-kapolei
IC-48410,closed,,,"516 E 46th St, Garden City is now Foster Weld's shop (its own contact page) and has also been listed for Walt's Field Services (diesel equipment repair); no current trace of Timberline Homes Inc operating a plant there, and the EPA FRS record that seeded this row carries only the name and NAICS 321992.",https://www.fosterweld.com/pages/contact-us https://www.usbizs.com/ID/Garden_City/Walt_s_Field_Services_Equipment_Rpr_8N2.html https://echodata.epa.gov/echo/echo_rest_services.get_facility_info?output=JSON&p_fn=TIMBERLINE%20HOMES&p_st=ID
IC-48414,not_ic,,,"Stones Inc of Nampa traded as Stone Lumber (a motor-carrier listing gives 'STONES INC, operating as STONE LUMBER'), a downtown Nampa lumber and hardware retailer (Yellow Pages: building materials, 412 2nd St S) whose assets Sunpro, a building-materials supplier, acquired on February 1, 2020; it was a lumber yard, not an off-site construction plant.",https://sunpro.build/stone-lumber-is-now-sunpro/ https://www.yellowpages.com/nampa-id/mip/stone-lumber-hardware-15605334 https://carriex.io/company/200756/stones-inc
IC-48688,not_ic,,,"Scandia, Inc (Scandia Manufacturing, Boise/Eagle, ID) makes sauna heaters, sauna kits and steam rooms per its BBB profile and its own site; that is not off-site building-system manufacture.",https://www.bbb.org/us/id/boise/profile/sauna-equipment/scandia-inc-1296-1000047278 https://scandiamfg.com/
IC-48918,not_found,,2240 S Yellowstone Hwy,"The former Amcor Precast site at 2240 S Yellowstone Hwy, Idaho Falls is now an operating Oldcastle Infrastructure (CRH) location per Oldcastle's own locator; its product menu is underground/utility precast (vaults, manholes, pipe, septic, pull boxes), not building panels. Plant exists; scope (utility precast) needs a person.",https://locator.oldcastleinfrastructure.com/id/idahofalls/oldcastle-31.html
IC-49246,not_ic,,,"Raynor's Dixon, IL plants manufacture garage doors (residential, commercial and industrial sectional and rolling doors), a building product but not an off-site construction system in any capability group; the record's metal-building classification is wrong.",https://raynor.com/about/ https://raynor.com/
IC-49956,not_found,,,"A current map listing confirms Eastern Illinois Precast still operates in Charleston IL as a precast producer, but gives no street address or product list; directory snippets and a prior run point to 20005 E State Highway 16 and to culvert/utility products. No company site or building-panel evidence found; the 'East Route 16 Ashmore Twp' address is too vague to pin, and scope (utility precast) needs a person.",https://www.mapquest.com/us/illinois/eastern-illinois-precast-377462808
IC-50863,not_ic,,,"ROHN Products' Peoria (Plank Road) plant manufactures telecom antenna towers, utility structures and wind turbine towers, not building systems or components; its catalog lists no shelters or buildings.",https://rohnnet.com/location/ https://rohnnet.com/product-catalog/
IC-50965,not_ic,,,"Steel King Industries manufactures material-handling products (pallet racks, flow storage, cantilever racks, containers, guard rail, mezzanines), not building systems; its own site lists manufacturing only in Stevens Point and New London, WI and Rome, GA, not Aurora, IL.",https://www.steelking.com/about/ https://www.steelking.com/
IC-51101,in_scope,,20 Erie Ct.,"Morton Buildings' own Manufacturing Plants page lists its Morton, IL shipping plant at 20 Erie Ct (fabrication plant next door at 25 Erie Ct), confirming an operating Morton post-frame building plant campus at the record's address.",https://mortonbuildings.com/manufacturing-plants
IC-51299,not_found,,,"EPA FRS still lists Inland Southern Corp (NAICS 332311) at 706 West 18th Street, Connersville, but a business directory now places MEG Division of Hirsh Industries (a non-building manufacturer) at the same address, and the Inland Buildings brand now operates under Schulte Building Systems; its site is behind a bot check, so current Connersville production could not be confirmed or ruled out. Likely closed/relocated; needs a person.",https://echodata.epa.gov/echo/echo_rest_services.get_facility_info?output=JSON&p_fn=INLAND&p_st=IN&p_ct=CONNERSVILLE https://www.manta.com/c/mmnsf2l/meg-division-of-hirsh-industries
IC-51529,in_scope,,221 US 20 West,"Indiana DHS Fire and Building Safety's current (2024-2025) industrialized-building-systems manufacturer register lists Clayton's 'CMH - Schult Homes (952)' facility at 221 US 20 West, Middlebury, separately from CMH - Indiana Middlebury at 437 N. Main Street (IC-51451). So this record is a distinct registered Clayton/Schult plant at its stated address.",https://oas.dhs.in.gov/dfbs/code/main.do?manufacturerNameId=161&method=view
IC-51867,not_found,,,"1961 E Market St is listed for 'Showcase Homes' (a Fairmont Homes line) only by a contractor directory, while Indiana DHS's manufacturer register places Fairmont Homes Inc - Showcase Homes at 502 Oakland (IC-51865) and Fairmont/Cavco Nappanee's main site is 2181 E Market St (IC-93805). No source shows a plant operating at 1961 E Market; it may be a former or adjoining portion of the Fairmont campus. MHI's Oct 2024 HUD plant list shows a single Fairmont plant in Nappanee (FAIR05 'Fairmont/East', IC-93715).",https://www.licensed.contractors/indiana/nappanee/showcase-homes-1037137.html https://oas.dhs.in.gov/dfbs/code/main.do?manufacturerNameId=46&method=view https://www.manufacturedhousing.org/wp-content/uploads/2024/10/Plant-List-10_3_24.pdf
IC-52640,not_found,,759 S 65th Street,"Coreslab's own location page confirms an operating precast/prestressed plant at 759 S 65th Street, Kansas City KS (not a ready-mix batch plant), but this plant's stated products are railroad and highway bridges, box culverts, noise walls and retaining walls, with building type 'Bridges / Transportation'. Plant is real; whether an infrastructure-only prestress plant is IC needs a person.",https://www.coreslab.com/locations/kansas-city-kansas-precast-concrete/
IC-53716,not_found,,,"No Vicwest record in EPA ECHO for Kentucky, and Vicwest's US page describes only supplying steel roofing, siding and trim through distributors, with no Kentucky plant named; the golden 12015 Greenville Rd/42240 is a Hopkinsville school per the prior run. A Danville plant (historic 160 N Stewarts Ln) is unconfirmed and the product (roofing/siding) is likely outside IC scope; needs a person.",https://www.vicwest.com/us https://echodata.epa.gov/echo/echo_rest_services.get_facility_info?output=JSON&p_fn=VICWEST&p_st=KY
IC-54158,not_found,,,"OSHA records (current only through Dec 2003) place Gruen-Wald Engineered Laminates at HWY 90 W, Monticello, KY, not 'CR 4'; the company's own site today gives only its Tea, SD plant (IC-95377). The Kentucky site is probably long closed, but no source states the closure, so no removal is proposed.",https://safetyrecord.org/company/gruen-wald-engineered-laminates-inc-monticello-ky https://gruen-wald.com/
IC-55080,not_found,,,"Aerocrete Precast is at 5660 Limaburg Rd, Burlington KY (map listing; EPA FRS registry 110070319389 at the same address), but its products are concrete site furnishings (planters, bollards, tables, benches), which looks not IC. Only one descriptive source was found and aerocrete.com does not load, so this is not enough to remove it; a person should rule it not_ic.",https://www.mapquest.com/us/kentucky/aerocrete-precast-corporation-405788185 https://echodata.epa.gov/echo/echo_rest_services.get_facility_info?output=JSON&p_fn=AEROCRETE&p_st=KY
IC-55110,in_scope,,6137 US Hwy 60 E,"deAM-RON Building Systems (DBS) designs and manufactures precast/prestressed concrete building products, including insulated wall panels, at its corporate plant in Owensboro KY (6137 US Hwy 60 E), plus a hollow-core satellite plant in Dayton OH; no Lodiburg plant is mentioned and no other record holds the Owensboro plant, so this row is moved onto it.",https://deamron.com/about/ https://deamron.com/contact/
IC-55302,not_ic,,,"Eason Porta-Buildings makes portable storage sheds, barns, she-sheds and dog kennels (e.g. 12x24 barn buildings) sold through lots, which are sheds, not IC; its own locations page lists its manufacturing in West Monroe and Ruston and nothing at 900 Washington St, Monroe.",https://easonbuildings.com/ https://easonbuildings.com/pages/locations
IC-55958,not_found,,,"No trace of Aluminum Professional Services at 451 Oak Plaza Blvd, Brusly; the only current listing places an 'Aluminum' category business of that name at 14387 University Ave, Hammond, LA, with no evidence it manufactures building systems (a prior run found it listed as a patio-cover contractor). Likely a contractor, but the evidence is too thin for not_ic.",https://www.yellowpages.com/hammond-la/mip/aluminum-professional-services-545287909
IC-56027,not_found,,,"The record is a person's name (Rosevelt Dotson) listed only by directories as a generic 'Metal Fabricator' / hand-tool business at 1750 Jackie Robinson Dr, Shreveport; no website, product information or evidence of building-system manufacturing exists. Probably a small job shop, not IC, but directories alone cannot support a removal.",https://www.chamberofcommerce.com/united-states/louisiana/shreveport/metal-fabricator/40726849-rosevelt-dotson
IC-56472,not_found,,,"Oldcastle Infrastructure's own location finder lists no Massachusetts locations at all (states run Kentucky, Maine, Maryland, Michigan), which suggests the former Chase Precast plant at 70 East Brookfield Rd, North Brookfield is no longer an Oldcastle site, but no closure notice or new occupant was found (property sites show only parcel records). Chase/Oldcastle there made utility precast, so scope is also doubtful; a person should decide closed vs not_ic.",https://locator.oldcastleinfrastructure.com/
IC-56584,not_found,,74 Pratts Junction Road,"Wachusett Precast's own site confirms the plant at 74 Pratts Junction Road, Sterling, but its full product menu is site/utility precast only (septic tanks, leaching pits, ballast blocks, roadway products, jersey barriers, curbing, retaining-wall blocks, steps, bulkheads), with no building panels. Likely not IC; left for a person's utility-precast scope ruling.",https://www.wachusettprecast.com/
IC-56690,not_found,,4 Marion Drive,"MBO Precast's own site confirms the plant at 4 Marion Drive, Carver MA and describes its products as precast for retaining walls, highway construction, underground utilities and wastewater treatment, with no building panels. Plant is real; whether utility/site precast is IC needs a person.",https://www.mboprecast.com/
IC-56727,duplicate,IC-68959,,"15 Parcell (Pacella) Park Dr, Randolph is a two-story Class B office building, not a plant; Wallace Building Products' own site gives its only location as 40 Wallace Lane, Danbury, NH, where it fabricates prefab wood framing and wall panels, which is already IC-68959.",https://www.wallacebp.com/ https://www.showcase.com/15-pacella-park-dr-randolph-ma-02368/36693998/
IC-56780,not_found,,60 Lanides Lane,"STI Precast (formerly Sani-Tank)'s own site confirms it at 60 Lanides Lane, Leominster MA; its products are sewer/drain manholes, catch basins, septic tanks and leaching basins, and MagnumStone retaining walls, with no building panels. Plant is real; utility/site precast scope needs a person.",https://stiprecast.com/
IC-57316,not_found,,,"Coastal Modular Corporation was a Maryland company assembling panels/modular buildings in the 1970s (a 1980 Fourth Circuit opinion covers its Navy control-tower panel work), but no current source shows the company or any plant on Allender Road, White Marsh; the record has no street number. Very likely defunct, but no source states closure, so it cannot be removed.",https://law.justia.com/cases/federal/appellate-courts/F2/635/1102/136084/
IC-57745,not_ic,,,"Forster's Wilton mill on Depot Street made croquet sets, custom turnings and snap clothespins and held a folding-carton division, not building systems. Jarden closed it in spring 2003 and the town has since pursued its demolition and reuse. The town documents give 581 Depot Street rather than 79, but no other Forster plant on Depot Street was found.",https://wiltonmaine.gov/wp-content/uploads/2017/10/CRP-Forster.pdf https://www.centralmaine.com/2015/06/24/wilton-making-progress-toward-demolition-of-forster-mill/
IC-57876,closed,,,"The wood veneer mill on Mill Street in Patten (Appalachian Katahdin, by then owned by Shaw Industries) was closed in 2010 per the Portland Press Herald and PLC of the Northeast, and Huber's current location list has no Patten site. It was a veneer mill, not a mass-timber or building-system plant, in any case.",https://plcloggers.org/patten-mill-closure-to-leave-18-jobless/ https://www.pressherald.com/2010/07/27/northern-maine-wood-veneering-mill-to-close/ https://www.huber.com/about/global-locations/
IC-58431,not_found,,,"A map listing describes Metal Building Specialties at 530 E Grand River Ave, Williamston as specializing in the supply and installation of metal building materials, i.e. likely a metal-building dealer/erector rather than a manufacturer; it has no website and no source shows fabrication at the site. Directory evidence only, so not removed.",https://www.mapquest.com/us/michigan/metal-building-specialties-371228350
IC-59116,not_found,,,"Detroit Precast, LLC (formed 2013, resident agent William Hults) is still listed as an active Michigan LLC at 9501 Conner Street, but no website, product line or plant activity was found, and a prior run found a Detroit planning document describing 9501 Conner (former Cadillac Stamping) as being demolished for redevelopment. Conflicting signals; a person or a site check should decide closed vs operating.",https://companiesmi.com/company/E2750N/detroit-precast-llc
IC-60248,in_scope,,210 Inspiration Lane,"Wells' own location page names 210 Inspiration Lane, Albany, MN as its manufacturing facility and headquarters, a precast concrete plant producing architectural and structural precast panels. The record's HUD Modular capability is wrong; it is a precast concrete panel plant.",https://wells.build/contact/locations/albany-minnesota/
IC-61303,closed,,,"Havens Steel Co. went through bankruptcy and its fabrication assets were sold (Schuff bought its Ottawa, KS plant and hired former Havens staff); the former 7219 E 17th St, Kansas City building is now marketed as 'Havens Industrial', a multi-tenant 137,725 SF industrial property with bays for lease. Havens no longer fabricates here.",https://www.loopnet.com/Listing/7219-E-17th-St-Kansas-City-MO/24642807/ https://www.aist.org/schuff-purchases-former-havens-steel-fabrication-facility
IC-61808,not_found,,,"Searches for New Style (Mobile) Homes in Pineville and for 406 Highway 59 return no manufacturer, plant or closure record; the only 'New Style Homes' found today is an unrelated NH/ME home retailer, and the manufacturedhomes.com Missouri page lists no Missouri-based factory. Likely a long-defunct plant, but no source states closure.",https://www.manufacturedhomes.com/state/missouri/
IC-62223,not_ic,,,"The plant at 2001 Orchard Ave, Hannibal (record's exact address and ZIP+4 63401-6005) is now PTC's 'Enduro Plant', a steel tubing mill (cold-drawn mechanical tubing) per PTC's own locations page and a map listing; it does not make building systems, and no Building Technology Corp metal-building production remains there.",https://ptcsteel.com/about/locations/ https://www.mapquest.com/us/missouri/ptc-alliance-284381628
IC-63546,not_found,,,"Piper Enterprises LLC exists at 817 N Jefferson Ave, Marshall, MO, but directories classify it only as a sheet metal fabricator / metal specialties shop (another lists structural wood members); it has no website and nothing shows it manufactures pre-engineered buildings or other building systems. Scope unresolved; needs a person or a call (660-886-8495).",https://www.superpages.com/marshall-mo/bpp/enterprises-piper-25251391
IC-63588,not_found,,,"481 Trophy Run Road, Branson is the address of Jerry's Boat Storage, not a building plant; a directory (behind a bot check) lists On-Site Manufactured Buildings LLC in Branson West, but no source shows what it builds or where, and the name suggests a portable-building/shed seller. Only one independent page for the address, so not removed; likely closed or not IC.",https://jerrysboatstorage.com/contact-us/
IC-63642,not_found,,,"21421 East Truman Road, Independence is an operating NPCA-certified precast plant of Barbour Concrete Company (23 acres, 60,000+ sq ft enclosed production), the company behind the old Barbour Building Systems equipment shelters. Its current site markets storm, sanitary, utility and custom precast, not buildings or shelters, so whether it still has IC capability is a scope call for a person.",https://www.barbourconcrete.com/
IC-63909,not_found,,,"EPA FRS holds two bare records on Covington Road, Marks (Pacific Southern Building Inc and Pacific Builders Incorporated) with no street number, product code or active flag. A directory lists a Pacific Buildings Inc at 213 Locust St, Marks, but nothing shows what it makes or that a plant still operates.",https://echodata.epa.gov/echo/echo_rest_services.get_facility_info?output=JSON&p_fn=PACIFIC&p_st=MS&p_ct=MARKS https://www.whereorg.com/pacific-buildings-inc-8881673
IC-64132,in_scope,,25 Peps Point Road,"F-S Prestress's own site says its Hattiesburg plant (est. 1957) produces bridge girders and piles plus commercial double tees, flat panels and precast floor slabs, which fits Precast Concrete Panel. EPA FRS lists F-S Prestress LLC at 25 Peps Point Road, Hattiesburg (the record's address), though it also lists 6501 and 7284 Highway 49 N, so the exact production parcel is worth a map check.",http://fsprestress.com/ https://echodata.epa.gov/echo/echo_rest_services.get_facility_info?output=JSON&p_fn=PRESTRESS&p_st=MS
IC-64577,not_found,,,"Huber's own page says its Shuqualak oriented strand board mill 'is being planned' and will sell engineered wood panels to building-materials distributors and lumberyards. It is a commodity OSB mill that is not yet confirmed operating, so whether it counts as IC is a scope call for a person; the other Huber OSB mills in golden carry a CLT capability, which also looks wrong.",https://www.huberwood.com/shuqualak-mill
IC-64813,not_found,,,"The parcel at 1201 36th Ave NE, Great Falls carries land use 'Publicstorage' (a mini-storage site, also proposed as such in a county filing found earlier), and no web presence for a CT Builders metal-building manufacturer exists; the name suggests a contractor. Likely not a plant, but only one readable page, so not removed.",https://www.loopnet.com/property/1201-36th-ave-ne-great-falls-mt-59404/30013-02313836108100000/
IC-64895,closed,,,"3204 S River Rd, Lillington is now occupied by Sandhills Consolidated Services Inc., a wood pallet/container manufacturer founded 2010, per two separate business directories; no manufactured-home plant operates there. Champion's current Lillington plant (#23) is at 4055 US 401 South, already IC-65923.",https://secondary.forestproductslocator.org/manufacturers/sandhills-consolidated-services-inc https://www.dandb.com/businessdirectory/sandhillsconsolidatedservicesinc.-lillington-nc-30811522.html
IC-64915,not_found,,,"Oakwood Homes' FY2002 10-K confirms two owned, operating plants in Rockwell, NC (EPA had plants 5-6 at 1 Viscount Rd and plant 7 at 508 Palmer Rd). MHI's Oct 2024 HUD plant list shows only OKWD07 'Schult Homes Rockwell #957' in Rockwell (IC-64916, 508 Palmer Road per the Rowan Chamber), with no OKWD05/06. So the Viscount Road plants are very likely closed, but no source states it outright.",https://www.sec.gov/Archives/edgar/data/73609/000095014403000409/g79926e10vk.htm https://business.rowanchamber.com/list/member/clayton-homes-rockwell-118 https://www.manufacturedhousing.org/wp-content/uploads/2024/10/Plant-List-10_3_24.pdf
IC-65038,not_found,,,"EnWood Structures (a Keelstone company) designs and manufactures laminated-wood shelters, bridges and architectural beams, which fits Mass Timber, but its site now gives only an office suite at 10224 Durant Road, Raleigh. 5724 McCrimmon Pkwy is an industrial-zoned parcel, but no current source places EnWood's laminating plant there or anywhere else.",https://www.enwood.com/contact.html https://www.enwood.com/ https://www.loopnet.com/property/5724-mccrimmon-pky-morrisville-nc-27560/37183-074604629895000/
IC-65184,not_found,,,"North Carolina air-program data list Brown Woodworking at 132 Depot Street as hardwood dimension and flooring mill (NAICS engineered wood member), while a business directory lists Brown Woodworking Co., Inc. at 874 Iotla Church Rd, Franklin, making millwork and woodworking services. No company page shows glulam, CLT or any building-system product, and nothing settles which site is current, so it stays unresolved; it looks like a millwork shop, not an IC plant.",https://www.city-data.com/zips/28734.html https://www.usbizs.com/NC/Franklin/Brown_Woodworking_Co_Inc_2GG.html
IC-66236,not_found,,,"McDowell Panel & Components, Inc. (formed 1994) is listed as an active NC corporation with its principal office at 220 Columbia Carolina Rd. Zillow shows that parcel as a 1989 single-family home on 7.17 acres (Old Fort 28762). No source says what it makes or shows a plant there.",https://nccompanies.com/company/0353278/mcdowell-panel-components-inc.html https://www.zillow.com/homedetails/220-Columbia-Carolina-Rd-Old-Fort-NC-28762/305451355_zpid/
IC-66664,not_found,,,"MHI's 2020-2024 Manufactured Home Plant List names only two Champion plants in North Carolina (#23 Lillington, #42 Pembroke) and nothing in Plymouth, and no source ties a Champion plant to 2405 Hwy 64 West today (prior research found a roofing contractor inspected there in 2014). Almost certainly no longer a Champion plant, but no source states closure, so it is not removed.",https://www.manufacturedhousing.org/wp-content/uploads/2024/10/Plant-List-10_3_24.pdf
IC-66902,not_found,,,"MHI's Oct 2024 HUD plant list has no plant in Mocksville; Skyline/Homette's remaining plants are in CA, OH, KS, PA, WI, FL and OR. This record and IC-65501 (Homette Corporation, also on Bethel Church Rd; Homette was Skyline's subsidiary) very likely describe the same former plant, but no source gives a house number or a closure statement.",https://www.manufacturedhousing.org/wp-content/uploads/2024/10/Plant-List-10_3_24.pdf
IC-68313,closed,,,"Timber Creek Homes of Stratton, NE, a custom modular home builder whose plant was at One Timber Creek Trail, is marked CLOSED by the ModularToday builder directory, and its USDOT carrier registration is inactive, last reporting mileage in 2004. No current source shows the company or a plant at 450 Country Lane. The similarly named Timber Creek Housing (IC-94991) is an unrelated Alabama company.",https://www.modulartoday.com/Timber-Creek-Homes.html https://bubba.ai/trucking-companies/nebraska/stratton/timber-creek-homes-inc-1025835
IC-68500,duplicate,IC-95198,,"Sand Creek Post & Beam, Inc. operates as Timberlyne (Nebraska MEP lists 'Sand Creek Post & Beam, Inc. / Timberlyne'); Timberlyne's own site gives its only Nebraska site as 1614 Chiefs Way, Wayne, which is already IC-95198. The 1707 Chiefs Way address here appears only in old listings.",https://www.timberlyne.com/why-timberlyne/Timberlyne-history https://nemep.unl.edu/sand-creek-post-beam-inc-timberlyne/
IC-68637,not_found,,,"Workman Precast (founded 2001) was renamed Precast Solutions in 2025 under owners local to Louisville and Springfield NE, per the successor's own About page; its site markets retaining-wall systems (Novum Wall, Redi-Rock, Stone Strong) and installation, and gives no plant street address, so whether 305 W 1st St, Louisville is still a production site is unverified. Retaining-wall block is likely not IC; needs a person's scope ruling. IC-68637 and IC-68641 are two Workman sites ~3 miles apart.",https://precastsolutionsne.com/about/
IC-68641,not_found,,,"Workman Precast (founded 2001) was renamed Precast Solutions in 2025 under owners local to Louisville and Springfield NE, per the successor's own About page; its site markets retaining-wall systems (Novum Wall, Redi-Rock, Stone Strong) and installation, and gives no plant street address, so whether 20225 S Hwy 50, Springfield is still a production site is unverified. Retaining-wall block is likely not IC; needs a person's scope ruling. IC-68637 and IC-68641 are two Workman sites ~3 miles apart.",https://precastsolutionsne.com/about/
IC-68881,closed,,,"88 Pine St, Manchester is the former KalWall Corp. site: the Union Leader reports a 167-apartment residential redevelopment planned there, and the 72,553 SF 88 Pine St/121 Valley St office/manufacturing building has been marketed for sale (pending). Kalwall's remaining Manchester plant is IC-68702 at 1111 Candia Road.",https://www.unionleader.com/news/local-news/developer-plans-167-apartments-for-site-near-valley-street-jail-5102a00f https://stebbinscommercialproperties.com/property/88-pine-street121-valley-street-manchester-nh-03103-officemanufacturingwarehouse-sale
IC-69383,closed,,,"XS Smith, a greenhouse-structure manufacturer, closed its doors in summer 2012 and Rough Brothers bought its assets, equipment and trade names; its production facility was in North Carolina, not Eatontown. Nothing operates under this record (and greenhouses are likely outside IC scope anyway).",https://www.greenhousegrower.com/technology/structures/xs-smith-ending-66-years-in-business-this-summer/ https://www.gardencentermag.com/news/nm-rough-brothers-xs-smith/
IC-70033,not_ic,,,"Wallach Concrete's Eunice NM site (1500 Wallach Rd, now PB Materials) is a ready-mix concrete batch plant; the operator's product list is ready-mix, crushed limestone, sand/gravel and frac sand, with no precast building products.",https://pb-materials.com/eunice-nm-ready-mix-concrete-cement/ https://pb-materials.com/products/
IC-70127,not_found,,318 South Hill,"Buildology's own site confirms a precast production operation at 318 South Hill, Bernalillo, but its precast line appears to be landscape/utility products (Redi-Rock retaining walls, pole bases), not building panels. Scope question for a person: is landscape/utility precast IC?",https://buildologyinc.com/location/bernalillo/ https://buildologyinc.com/project-type/precast/
IC-70487,not_found,,,"2220 Ross St, Clovis is today Southern Self Storage (self, climate-controlled and vehicle storage) per the Clovis chamber listing, and the only trace of Closest Meadow Building Inc is a stale federal NAICS 332311 entry with 'no recent operating signal'. Almost certainly not an operating building plant (possibly the storage owner, misclassified), but no source states closure, so not removed.",https://business.clovisnm.org/list/member/southern-self-storage-6067 https://www.factoryregistry.com/facility/nm/clovis/closest-meadow-building-inc-110070336327
IC-70734,not_found,,2750 Marion Dr,"Champion Truss LLC's own site gives 2750 Marion Dr, Las Vegas and mentions a new Pahrump facility, but no page says what it manufactures; its services page reads like construction management. The Precast Concrete Panel tag (NAICS 327331) looks wrong for a truss-named firm, but there is no evidence for a leaf.",https://www.championtrussllc.com/ https://www.championtrussllc.com/services
IC-70741,not_found,,,"No web presence for Morgan Willows Homes beyond the 2006 state mention found earlier; 215 Lyon Drive appears only in industrial land/space lease listings (LoopNet, OfficeSpace, which could not be read), and manufacturedhomes.com lists no factory in Fernley. Likely a short-lived 2006 operation, but no source states closure.",https://www.manufacturedhomes.com/city/Fernley/Nevada/
IC-70929,not_ic,,,"EPA ECHO registers Bush Industries Inc at 1 Mason Dr., Jamestown under furniture NAICS 337125/337211/337214 (SIC 2519/2511/2521); Bush makes ready-to-assemble home and office furniture, not mass timber or building systems.",https://echodata.epa.gov/echo/echo_rest_services.get_facility_info?output=JSON&p_fn=BUSH%20INDUSTRIES&p_st=NY
IC-70974,not_found,,,"108 Varick Ave, Brooklyn 11237 (the record says 'Street') is a 7,500 SF warehouse-use parcel zoned M3-1 per LoopNet's parcel record. No current trace of Wood-Tex Panels Inc, its products or a plant there was found, and earlier NY environmental filings described it only historically.",https://www.loopnet.com/property/108-varick-ave-brooklyn-ny-11237/36047-029760041/
IC-71198,not_found,,,"EPA FRS lists H M Quackenbush Inc at Riverside Industrial Park, Little Falls, coded NAICS 32191 (millwork), with no street number or active flag. The company's active FRS plant is 220 Prospect St, Herkimer, coded fabricated metal products (33251/332813). Nothing shows building-system production at Little Falls. Likely not IC, but there is no direct evidence.",https://echodata.epa.gov/echo/echo_rest_services.get_facility_info?output=JSON&p_fn=QUACKENBUSH&p_st=NY
IC-71378,in_scope,,20 Stiriz Road,"Long Island Precast's own site describes itself as a precast manufacturer (sound walls, precast utility buildings, retaining walls) at 20 Stiriz Road, Brookhaven; Recon Walls also lists it as a licensed producer there. This is a precast production plant, not just a batch plant.",https://www.li-precast.com/ https://reconwalls.com/locations/long-island-precast/
IC-72249,not_found,,,"255 Douglass St, Gowanus is a two-storey 1931 commercial building, and its owner of record is a real-estate holding LLC (255 Douglas RE LLC). No source names a wood-product or building-component manufacturer operating there, so the NAICS 32199 tag cannot be tied to a plant; likely not IC, but no second source supports a removal.",https://streeteasy.com/building/255-douglass-street-brooklyn
IC-72465,closed,,,"American Buildings' own plant list names only four plants (Swansea SC, El Paso IL, Terrell TX, Brigham City UT) and none in Ohio, while 5100 Waynesville-Jamestown Rd is now 'Plant 1' of Twist, Inc.'s Jamestown campus; American Buildings no longer manufactures at this address.",https://www.americanbuildings.com/about-us/locations/ https://twistinc.com/contact/
IC-72772,not_found,,,"Directories list 'Wolfhaus Custom Log Homes' at 523 Maple Creek Rd, Moscow, OH, but MapQuest's description of the listing is of an artwork/gift business ('Wolfhaus & the Artisan Center'), and no source shows a log-home or component production shop operating there now. Not enough to place a plant or to remove it.",https://www.mapquest.com/us/ohio/wolfhaus-custom-log-homes-5901981
IC-72792,closed,,,"New Millennium announced in March 2009 that it would close its Continental, Ohio steel joist plant and consolidate it into Butler, IN; an older company fact sheet later mentioned Continental for castellated beams, but New Millennium's current locations page lists no Ohio facility at all.",https://www.kpcnews.com/article_d7c6c983-41ab-5b96-8ec0-d025071c045c.html https://www.newmill.com/who-we-are/contact-us/locations/
IC-72836,not_ic,,,"AKM Building Systems of Chillicothe is a general/commercial construction contractor ('superior construction services for commercial new builds and remodels') based at 211 Hopetown Rd, and the record's own NAICS is 23622 (commercial building construction); no source shows off-site manufacturing at 440 Chambers Drive or anywhere else.",https://www.findglocal.com/US/Chillicothe/198609897643877/AKM-Building-Systems https://www.chamberofcommerce.com/business-directory/ohio/chillicothe/general-contractor/10342745-akm-building-systems-inc
IC-73249,not_found,,,"A Jagger Auctioneers sale (Aug 17) liquidated equipment of 'ALD Precast & Anderson Concrete' at 1600 Haul Rd, Columbus, which suggests the plant wound down, but no second source confirms closure and EPA ECHO has no ALD Precast record. Probable closure; needs a person.",https://www.jaggerauctioneers.com/auctions/detail/bw124325 https://echodata.epa.gov/echo/echo_rest_services.get_facility_info?output=JSON&p_fn=ALD%20PRECAST&p_st=OH
IC-73421,not_found,,7108 Shona Drive,"Rough Brothers is now Prospiant (Gibraltar), which calls itself North America's largest greenhouse manufacturer; its About page says the Cincinnati operation moved in 2025 to a new 60,000 sq ft location, and its contact page lists the only US site as 7108 Shona Drive, Cincinnati, OH 45237, so 5513 Vine St looks vacated. The site does not say outright that manufacturing happens at Shona Drive, and whether greenhouse structures count as IC is a scope call, so no verdict beyond moving the address.",https://www.prospiant.com/contact-us/ https://www.prospiant.com/about-us/ https://www.prospiant.com/
IC-73423,duplicate,IC-73417,,"Metal Framing Industries LLC does business as FrameCo, a light-gauge steel wall-panel prefabricator now listed at 9005 Bank St, Valley View, which IC-73417 already holds; 4820 Briar Rd (Cleveland) is the company's earlier address, still shown under the FrameCo name in older listings.",https://app.fenderr.com/carrier/3109852 https://www.mapquest.com/us/ohio/frameco-657809904 https://www.chamberofcommerce.com/united-states/ohio/cleveland/construction-company/33694391-frameco-inc
IC-73569,in_scope,,3361 Deskin Dr,Aztec Building Systems' own site gives its Norman location as 3361 Deskin Dr and describes in-house manufacturing of control houses (prefabricated equipment buildings); 2900 Dewey Ave is a 1998 OSHA address and Aztec now operates from Deskin Dr in the same city.,https://aztecbuildingsystems.com/ https://aztecbuildingsystems.com/manufacturing/
IC-73611,not_ic,,,"All Wood Products Company of Tulsa (today listed at 538 S Victor Ave; the EPA notifier record gives 208 S Norfolk) is a custom woodworking and cabinet shop (Yellow Pages categories: Woodworking, Cabinet Makers, Cabinets), not a maker of building panels, trusses or modules.",https://www.yellowpages.com/tulsa-ok/mip/all-wood-products-company-4845853 https://www.mapquest.com/us/oklahoma/all-wood-products-company-8889346
IC-73664,not_ic,,,"Steel Service Company (Steel Service Building Co) at Amah Pkwy, Claremore describes itself as an open-to-the-public provider of structural metals, building components and specialty metals (pipe, rebar, plate, beams) and metal buildings, i.e. a steel service center/supplier; no page describes manufacturing of building systems, and directories list it as a building materials / metal supplier.",https://steelserviceco.com/about/ https://www.chamberofcommerce.com/united-states/oklahoma/claremore/building-materials-supplier/8536225-steel
IC-73821,not_ic,,,"Davis Buildings, Inc (main office 300 S.W. A Street, Stigler) is a portable-building maker whose product lines are storage buildings, cabins, kennel buildings, deer blinds, well houses and small shops/offices in insulated steel and vinyl, i.e. shed-class portable buildings, not a pre-engineered metal building or modular plant.",https://www.davisbuildingsinc.com/ https://www.davisbuildingsinc.com/storage-buildings/
IC-73908,not_found,,,"Gideon Steel Panel (now a Gibraltar / Metal Exterior Solutions company) manufactures metal roofing panels and sells pre-engineered metal building packages as a 'Component Sale'; the site gives no plant street address, so neither 814 Overhead Dr nor another plant address could be confirmed. Scope question for a person: a metal roofing panel roll-former plus PEMB component seller may not be IC.",https://gideonsteel.com/ https://gideonsteel.com/pemb
IC-73943,not_found,,,"Deere Built Manufacturing is still listed at 1402 Refinery Rd, Ardmore, where it fabricates steel storm shelters/safe rooms (directories file it under Storm Shelters); no company site was found and nothing shows it making building systems or metal building components. Scope question for a person: a steel storm-shelter fabricator is probably not IC.",https://www.mapquest.com/us/oklahoma/deerebuilt-mfg-379411254 https://www.superpages.com/ardmore-ok/bpp/deere-built-manufacturing-452238002
IC-73955,closed,,,"EPA's facility registry now names the 8600 S I-35 Oklahoma City site 'FORMER STAR BUILDING SYSTEMS'; Star (formerly Robertson-Ceco) still uses the address as an office for its custom-engineered metal buildings, but no current source shows fabrication there, so the plant at this address is treated as no longer operating.",https://echodata.epa.gov/echo/echo_rest_services.get_facility_info?output=JSON&p_fn=STAR%20BUILDING&p_st=OK https://www.starbuildings.com/about-star/
IC-73964,not_ic,,,"The Tri-Fab business on W Highway 51, Sand Springs (listed at 19000 W Highway 51) is a build-to-print custom sheet metal fabrication job shop (covers, doors, enclosures), not a maker of metal building systems; the record's only IC signal is an old OSHA NAICS 332311 code, and the Tri Fab LLC entity was earlier found inactive.",https://www.tri-fab.net/capabilities https://www.mapquest.com/us/oklahoma/tri-fab-inc-791357903
IC-74099,duplicate,IC-74049,,"The City of Woodburn business profile places Fleetwood Homes of Oregon, the only Fleetwood manufactured-home plant in Woodburn, at 2655 Progress Way, which is record IC-74049; no source ties Fleetwood to 2855 National Way (the National Way frontage is a Copart salvage yard at 2885).",https://www.woodburn-or.gov/878/FLEETWOOD-HOMES-INC
IC-74106,not_found,,,"EPA FRS holds the Willamette Industries Saginaw Laminating Plant on 'E Saginaw Rd' (NAICS 321213) and a later 'Weyerhaeuser Co-Saginaw Lam Plant' record, neither with a street number or active flag. No current source shows a glulam plant operating at Saginaw.",https://echodata.epa.gov/echo/echo_rest_services.get_facility_info?output=JSON&p_fn=SAGINAW&p_st=OR
IC-74244,not_found,,,"A 1972 Oregon Supreme Court case shows Air King Manufacturing Corp supplied roof trusses, so it was a truss maker then. No current source ties it to 8905 SW Burnham St, Tigard, or shows it still operating.",https://law.justia.com/cases/oregon/supreme-court/1972/501-p-2d-790-4.html
IC-74296,not_found,,,"Benson Industries (now MiTek Benson Curtain Wall) is a real curtain-wall assembler headquartered at 1414 NW Northrup St, Portland, which describes an assembly facility, but no page names where that facility is or ties it to 1350 NW Raleigh St (a 2016 OSHA visit there found no establishment). The Benson Portland plant is not otherwise in the database.",https://www.superpages.com/portland-or/bpp/mitek-benson-curtain-wall-565090315
IC-74331,not_found,,,"Beaver Buildings, Inc. made prefabricated metal buildings in Corvallis; its founder's 2018 obituary says he and his wife owned and operated it from 1967 until the 1980s. No later trace of the company or of a plant at 3410 SE Van Buren was found. It is likely long closed, but no source states the plant closed.",https://www.legacy.com/us/obituaries/gazettetimes/name/donald-davis-obituary?id=13559490
IC-74439,not_found,,,"SCOPE FLAG: Webb Core is a real manufacturer, but of aluminum honeycomb cleanroom wall and ceiling panels and framing systems for semiconductor and data-center fit-outs, not a pre-engineered metal building; whether interior cleanroom panel systems count as IC needs an owner ruling. Its About page also says it is located in Portland, Oregon, so the Hubbard plant address is unconfirmed.",https://webbcore.com/about/
IC-74885,in_scope,,,"The record's website is Cascadia Structural Timber Solutions, which says it manufactures fabricated glulam, heavy timbers and glulam trusses in its own plant; a local listing places Cascadia at 5555 N Channel Bldg 2, Portland, the record's site (bay 10 vs the record's bay 11).",https://cascadiastructural.com/ https://www.findglocal.com/US/Portland/316245194899817/Cascadia-Structural-Timber-Solutions
IC-74958,duplicate,IC-95375,,"Murphy Company's only North River Road plant is its softwood plywood plant at 5205 North River Road; EPA FRS holds both an OSHA-derived '5025 N RIVER RD' Murphy record and the 5205 N River Rd plant, so 5025 is a transposed house number of the plant already held as IC-95375.",https://murphyplywood.com/about/locations/ https://echodata.epa.gov/echo/echo_rest_services.get_facility_info?output=JSON&p_fn=MURPHY&p_st=OR&p_ct=GOLD%20HILL
IC-74999,not_found,,,"SCOPE FLAG: Alpha Steel Corporation does operate at 2929 Zena Rd NW, Salem (directory lists it as a steel fabricator, phone 503-585-8378), but no page shows it makes pre-engineered metal buildings or other building systems; it looks like a structural/miscellaneous steel fabrication shop, which may be out of scope (job shop) pending an owner ruling.",https://www.chamberofcommerce.com/united-states/oregon/salem/steel-fabricator/2000319800-alpha-steel-corporation
IC-75098,not_found,,,"Western States Prestress is real: its GM says it built a PCI-certified (B3,C3) plant in La Grande, and a Linn County document lists it at 60831 McAlister Road. But the plant makes prestressed bridge slabs (voided slabs), not building products. Scope question for a person: is bridge-only precast IC?",https://www.linkedin.com/posts/sam-jewell-9b1b5628_around-one-year-ago-to-the-day-of-this-set-activity-7353836833614520322-oxd0 https://www.linncountyor.gov/media/58026
IC-75122,not_ic,,,"NW Green Panels designs, builds and installs cedar-framed backyard greenhouses (pre-assembled modular cedar/polycarbonate components), not building systems for off-site construction; its shops are now at 14079 SW Commercial Loop, Terrebonne OR and 2211 East Flynn St, Alva OK, and nothing ties production to 429 NW Cherry Ln, Madras.",https://www.nwgpanels.com/about-us https://www.nwgpbuildings.com/
IC-75124,not_ic,,,"NW Green Panels designs, builds and installs cedar-framed backyard greenhouses (pre-assembled modular cedar/polycarbonate components), not building systems for off-site construction; its shops are now at 14079 SW Commercial Loop, Terrebonne OR and 2211 East Flynn St, Alva OK, and nothing ties production to 67367 Trout Ln, Bend (a residential parcel).",https://www.nwgpanels.com/about-us https://www.nwgpbuildings.com/
IC-75314,not_ic,,,"Outbuilders (561 SE 1st Street, Redmond; the record has 541) builds outdoor storage sheds, garages and pole barns for Central Oregon customers and says 'We can build it exactly where you want it', with a display lot rather than a building-system plant; a shed and pole-barn builder is not in IC scope.",https://www.outbuilders.com/about-us/ https://www.outbuilders.com/contact-us-2/
IC-75348,closed,,,"2519 N Front St, Woodburn is now occupied by Pacific Metallurgical, Inc. (its own site gives that address), and Steel Tech Enterprises is now listed at 1420 S Township Rd, Canby, OR 97013, so the Woodburn site no longer houses Steel Tech (moved to Canby; it appears to be a welding/steel fabrication shop rather than a building-system maker).",https://pacmet.us/about https://www.chamberofcommerce.com/business-directory/oregon/canby/welder/9770239-steel-tech-enterprises
IC-75366,not_found,,,"Pacific Green Innovations was a 2009 Portland start-up bringing German-made SwissCell recycled-paper panels to the US for homes in Haiti. A 2011 university item calls it an Oregon modular-home manufacturer, but no source shows a US plant. The record's address is an office suite (Ste 150).",https://oregonbusiness.com/1609-portland-company-to-build-paper-homes-in-haiti/ https://www.cpp.edu/news/content/2011/11/afford_housing_haiti_earthquake/index.shtml
IC-75471,not_found,,,"'Park & Morrison' is a downtown Portland street intersection, not a plant address; the record name carries an OSHA inspection number, so it is most likely a Benson curtain-wall installation jobsite. Benson's own base is 1414 NW Northrup St (headquarters with an assembly facility), so this row is probably not a plant, but no second source confirms the jobsite, so it is not removed.",https://www.superpages.com/portland-or/bpp/mitek-benson-curtain-wall-565090315
IC-75713,not_found,,,"Directories list Maura Buildings Inc only as a ~5-employee structural-steel fabricator at 201 (or 239) N 5th Ave, Lebanon, a multi-tenant mailing address; no company site or source shows a production plant or that it makes building systems rather than erecting steel buildings, so neither a plant nor a removal can be supported.",https://www.macraesbluebook.com/search/company.cfm?company=763901 https://www.buzzfile.com/business/Maura-Buildings-Inc-717-277-0245
IC-75771,not_found,,,"Manta confirms Beck Industries LP at 74 Newport Road, Leola as a tiny (about 2 employees) miscellaneous manufacturer; the earlier-found PA air-permit notice ties the site to mobile-home frames and equipment trailers, which are chassis rather than a building-system product, but no current source shows whether the site still operates or builds anything in a capability group. Needs a scope ruling on chassis makers.",https://www.manta.com/c/mt1l842/beck-industries-lp
IC-76128,not_found,,,"The only evidence of Princess Homes Inc on W Sassafras St, Selinsgrove is a 1964 SEC financing digest; no later source names an operating plant, a house number, a successor or a closure date, so the record is very likely a defunct 1960s mobile-home maker but a removal cannot be cited.",https://www.sec.gov/news/digest/1964/dig102664.pdf https://en.wikipedia.org/wiki/Penn_Lyon_Homes
IC-76263,duplicate,IC-76328,,"The First State Manufactured Housing Association lists the company as 'Pine Grove Manufactured Homes by Pleasant Valley Homes, Inc.' at 100 Hammersmith Drive, Pine Grove, which is record IC-76328; the 2 Pleasant Valley Rd parcel was transferred to another owner in 2012 per the earlier county parcel finding.",https://www.firststatemha.org/company/pine-grove-manufactured-homes-by-pleasant-valley-homes-inc/ https://gis.vgsi.com/SchuylkillCountyPA/Parcel.aspx?pid=24745
IC-76336,duplicate,IC-95832,,"Directory listing for Corle Building Systems at 114 Rosemont Ln, Imler carries the same phone (814-276-9611) and website (corle.com) as Corle's own contact page, which gives its single Imler facility as 404 Sarah Furnace Rd (record IC-95832); the two addresses describe the same Imler plant.",https://www.superpages.com/imler-pa/bpp/corle-building-systems-6617734 https://www.corle.com/contact
IC-77917,not_found,,,"OSHA records (via SafetyRecord) place StarFlite Systems at 409 Saxonburg Boulevard under NAICS 332311 with inspections around 2012, so the site was a StarFlite fabrication location; StarFlite's current contact page gives only its Zelienople headquarters at 22329 Perry Highway (record IC-95121). No source says whether the Saxonburg shop still operates or was vacated, so neither closed nor duplicate can be supported.",https://safetyrecord.org/company/starflite-systems-inc-saxonburg-pa https://www.starflitesystems.com/contact-us
IC-77982,not_found,,,"610 Corporate Drive, Reading appears to be a multi-tenant flex building in Berks Corporate Center: an electronics recycler (Texas Recovery Systems) operates there, and a leasing flyer (seen only as a search snippet) offers flex space. No current Eternit operation was found, and Eternit made fiber-cement roofing rather than precast panels. Likely closed or not IC; needs a second source.",https://berksconnect.com/business/texas-recovery-systems
IC-80245,not_found,,,"EPA ECHO carries two MESCO Metal Buildings locators in Chester SC: 2218 Dawson Dr (NAICS 332311) and this 107 Welborn Dr record, whose last listed inspection is 11/16/1994 and whose coordinates are coarse. No source ties 107 Welborn Dr to a current plant or shows it is the same site as 2218 Dawson Dr; MESCO's present-day status in Chester is unconfirmed (an NCI filing reported a Chester plant closed and sold).",https://echodata.epa.gov/echo/echo_rest_services.get_facility_info?output=JSON&p_fn=MESCO&p_st=SC
IC-82104,not_found,,,"A BBB address page still lists Champion Homes of Tennessee at 560 Atlantic Ave, Henry, but current listings place the company's Tennessee factory at 2073 Evergreen St, Dresden (record IC-94098). No source states whether the Henry plant closed, moved to Dresden or still runs, so a person should rule on Henry vs Dresden.",https://www.bbb.org/us/tn/henry/profile/manufactured-home-manufacturers/champion-homes-of-tennessee-0543-5091/addressId/2061 https://www.buzzfile.com/business/Champion-Homes-of-Tennessee-731-364-4600
IC-82119,in_scope,,1720 Pleasant Grove Rd,"1720 Pleasant Grove Rd, Westmoreland is Clayton Supply Westmoreland (directory listings), the plant Clayton announced in 2019 to manufacture wall panels and trusses for site-built single- and multifamily homes; it is a component plant, not a distribution centre as the earlier not_ic reading assumed.",https://www.areadevelopment.com/newsItems/4-22-2019/clayton-supply-westmoreland-tennessee.shtml https://www.mapquest.com/us/tennessee/clayton-supply-westmoreland-429519284
IC-82698,not_found,,,"The row comes only from an EPA FRS entry with a road-only address (Stockyard Road, Knoxville); Clayton's history and current Knoxville listings show a retail lot, not a plant, and no source places a Clayton factory on Stockyard Road or records its closure. Likely an early, long-gone Clayton Industries site, but unproven.",https://en.wikipedia.org/wiki/Clayton_Homes https://www.ojp.gov/redirect-legacy/ncjrs/pdffiles1/Digitization/108102NCJRS.pdf
IC-83069,duplicate,IC-83004,,"Butler Manufacturing Co in Jackson TN is listed at 2404 Dr F E Wright Dr, phone 731-422-6290, the same address and phone as the BlueScope (formerly Butler) plant record IC-83004; the EPA locator's 2040 appears to be a transposition of 2404, and no separate 2040 factory exists.",https://www.chamberofcommerce.com/business-directory/tennessee/jackson/manufacturer/2004786089-butler-manufacturing-co https://echodata.epa.gov/echo/echo_rest_services.get_facility_info?output=JSON&p_fn=BUTLER&p_st=TN&p_ct=JACKSON
IC-83485,closed,,,"BlueScope's Selmer TN plant was Liberty Building Systems, which BlueScope Steel North America announced in July 2008 would close in phases by early 2009; BlueScope Buildings' current locations page lists no Selmer site (its Tennessee plant is 2404 Dr F E Wright Dr, Jackson).",https://www.nwtntoday.com/2008/07/14/plant-in-selmer-to-close-in-2009/ https://bluescopebuildings.com/locations/
IC-83730,duplicate,IC-86639,1497 N. Kealy ave.,"EPA lists Metl-Span (NCI) at 1497 N Kealy St, Lewisville TX 75057, and a 2025 TDLR filing names the same 1497 N Kealy site as Nucor Insulated Panel Group (Nucor bought NCI/Metl-Span), which is record IC-86639 at the same address.",https://echodata.epa.gov/echo/echo_rest_services.get_facility_info?output=JSON&p_fn=METL-SPAN&p_st=TX https://www.tdlr.texas.gov/TABS/Search/Print/TABS2025017591
IC-83773,not_found,,,"1020 Industrial Loop was an Oakwood home factory in the 1990s, but Clayton (Oakwood's successor) lists its Texas home factories as Waco, Bonham, Sulphur Springs and Belton; its only current Hillsboro operation is Clayton Supply at 216 Pecos Street, a supply/manufacturing site not shown to be this plant. Whether 1020 Industrial Loop closed or is the same campus as 216 Pecos St is unresolved.",https://www.claytonhomesburleson.com/news/clayton-homes-built-in-texas-factories https://business.hillsborochamber.org/members/member/clayton-supply-of-hillsboro-3404 https://texashistory.unt.edu/ark:/67531/metapth716092/m1/15/
IC-83820,closed,,,"4101 South I-45, Ennis, the old Homes by Oakwood plant, is now occupied by The Texas Mattress Factory, whose own site gives that address; Clayton (Oakwood's successor) lists its Texas home factories as Waco, Bonham, Sulphur Springs and Belton, with no Ennis plant.",https://www.thetexasmattressfactory.com/about-5 https://www.claytonhomesburleson.com/news/clayton-homes-built-in-texas-factories
IC-83972,not_found,,,"Only EPA-derived registries (FactoryRegistry from FRS 110005032197) and 1970s Federal Register notices tie National Steel Products Co to 11919 Spencer Road; searches found no current company, website, operator or closure notice for the plant, so its present status cannot be settled.",https://www.factoryregistry.com/facility/tx/houston/national-steel-products-co-110005032197
IC-83974,closed,,,"Kirby's own history says its Houston, TX plant was where product was originally made and that the company eventually moved production to Portland, TN; its location page names the Portland plant at 124 Kirby Drive (record IC-82764) as its manufacturing plant, so no Kirby plant remains in Houston.",https://www.kirbybuildingsystems.com/about-us/company-profile/ https://www.kirbybuildingsystems.com/contact/our-location/
IC-84019,not_found,,,"No current page ties Engineered Components to a metal-building plant at 13410 Murphy Rd, Stafford; search results for that address now show Longhing Wholesale (a food distributor), and Engineered Components appears only in old OSHA and corporate-registry listings. Likely closed or relocated (possibly folded into NCI/Cornerstone's ECI brand), but evidence is not strong enough for removal.",https://www.mapquest.com/us/texas/long-hing-wholesale-company-llc-9504965 https://safetyrecord.org/company/engineered-components-and-co-stafford-tx
IC-84075,not_found,,,"EPA FRS holds Wall Services Inc at 8108 Tri Star Dr, Irving (NAICS 321992, no active flag) and at 4300 Pennsylvania Ave, Dallas. No web source shows what Wall Services makes or that either site is a current plant; 8108 Tristar is described elsewhere as distribution/office space.",https://echodata.epa.gov/echo/echo_rest_services.get_facility_info?output=JSON&p_fn=WALL%20SERVICES&p_st=TX
IC-84114,not_found,,,"El Paso tax records list 525 Americas Avenue as owned by FEATHERLITE BLOCK CORP (a block maker), and FMCSA mirrors show Featherlite Precast Corporation's carrier authority as inactive. Together with the earlier finding that Justin Industries discontinued Featherlite Precast in 1987, this precast operation is probably defunct, but I could not open the annual report to confirm. Likely closed; needs a person.",https://www.city-data.com/el-paso-properties/A/Americas-Avenue-12.html https://carriernetwork.ai/carrier-profile/334095/featherlite-precast-corporation
IC-84158,not_ic,,,"Whip Industries (Fort Worth) describes itself as a custom metal fabricator and contract manufacturer (laser/plasma cutting, forming, welding, powder coat) now at 3010 South Main Street; it is a job shop, not a pre-engineered metal building maker, and no Bryan Ave plant is named.",https://whipindustries.com/about/ https://whipindustries.com/services/
IC-84261,in_scope,,900 NE Loop 7,"Athens Steel Building, a family-owned pre-engineered metal building manufacturer in Athens TX since 1976, gives its only address as 900 NE Loop 7, Athens TX 75752; the record held a road name only (Rocky Ridge Road).",https://www.athenssteelbuilding.com/contact/ https://www.athenssteelbuilding.com/
IC-84523,not_found,,,"No web presence exists for Enersave Homes beyond one MacRAE's listing at 1902 Gonzalez St, Laredo; that address is otherwise listed for small non-construction businesses (Casa Luis Novelties, a gifts business), which suggests an office or mixed-use lot rather than a plant, but nothing shows a plant, a product line or a closure.",https://www.macraesbluebook.com/search/company.cfm?company=706386 https://www.hotfrog.com/company/1099502469541888/casa-luis-novelties-incorporated/laredo/gifts-and-novelties
IC-84575,not_found,,,"5 Star Fabrications (Jonestown TX) is a real company but a structural steel fabrication-and-erection contractor serving Austin commercial/industrial projects, not a pre-engineered metal building manufacturer; left not_found pending the owner's scope ruling on structural steel fabricators.",https://5starfabrications.com/ https://www.bbb.org/us/tx/jonestown/profile/steel-fabrication/5-star-fabrications-inc-0825-1000182
IC-85882,not_ic,,,"Jackson Buildings at 1234 FM 2808, Kempner (legal name Jackson Portable Buildings Inc) is a portable-building/shed and carport seller, listed under Sheds and Portable Buildings, Awnings/Canopies and Car Storage; sheds and portable buildings are out of IC scope.",https://www.yellowpages.com/kempner-tx/mip/jackson-buildings-575838503 https://www.usbizs.com/TX/Kempner/Jackson_Buildings_1IaM.html https://dot.report/usdot/3453650
IC-86017,not_found,,,"6601 Schubert Rd (Rabbs Prairie/La Grange) is a 15.9-acre rural parcel with a 1977 single-family house; a MapQuest listing for Metal Mart there was shown by Bing as CLOSED but the page now returns not found, and no page shows metal-building manufacturing at the site. Probably a closed small shop or a Metal Mart roofing-supply outlet; evidence too thin for removal.",https://www.zillow.com/homedetails/6601-Schubert-Rd-Rabbs-Prairie-TX-78945/231687551_zpid/ https://www.firmguide.us/company-metal-mart-in-la-grange-tx-65956
IC-86125,not_ic,,,"5 El Paso Rd, Brownsville is All-In-One Shade & Shutter, listed as a shutters supplier: a window shade/shutter business, not an off-site construction plant.",https://shutter-dealers.cmac.ws/all-in-one-shade-shutter/4069/ https://www.yellowpagesdirectory.com/Brownsville-TX/All-In-OneShade-and-Shutter
IC-86152,not_found,,,"General Shelters of Texas is real (OSHA record at 21117 IH-10 Wallisville) but makes portable storage buildings and pier-and-beam finished cabins, not metal buildings; whether Wallisville is a plant or a sales lot is not shown, and the company's main Center TX sites are IC-85937/IC-94119. Shed/finished-cabin scope needs an owner ruling.",https://safetyrecord.org/company/general-shelters-of-texas-ltd-wallisville-tx https://www.generalshelters.com/
IC-86193,closed,,,"Best Steel Buildings now gives its address as 7510 Wright Rd, Houston 77041 and describes design/site-prep/erection services with no manufacturing mentioned; the record's 7938 Wright Rd (91,780 SF, 13.9 ac industrial) is listed for sale on LoopNet. The company left this address; whether it still fabricates anywhere is unshown.",https://beststeelbuildings.com/ https://www.loopnet.com/Listing/7938-Wright-Rd-Houston-TX/35312710/
IC-86348,not_found,,,"5711 E FM 40, Lubbock was an MBCI (Metal Building Components, Cornerstone) site per older directories, but Lubbock is absent from MBCI's current locations list (Houston, Adel, Atlanta, Atwater, Indianapolis, Mt. Pleasant, Oklahoma City, Phoenix, Rome NY, Salt Lake City, Florence AL, Caldwell ...), so it is probably closed; absence alone is not proof. MBCI is mainly a metal roof/wall panel roll-former, a scope question pending.",https://www.mbci.com/locations/ https://start.cortera.com/company/research/k4j2kyj9m/mbci/
IC-86459,not_ic,,,"EPA ECHO registers 500 Nexfor Blvd, Jefferson as NORBORD TEXAS JEFFERSON OSB, now WEST FRASER US EWP - JEFFERSON, under NAICS 321219 / SIC 2493 (reconstituted wood products): it is a commodity oriented-strand-board sheathing mill, not a CLT/glulam or other building-system plant.",https://echodata.epa.gov/echo/echo_rest_services.get_facility_info?output=JSON&p_fn=WEST%20FRASER&p_st=TX
IC-86639,duplicate,IC-83730,,"1497 N Kealy Ave/St, Lewisville is the Metl-Span (Nucor Insulated Panel Group) insulated-metal-panel plant; EPA ECHO lists METL-SPAN A DIV OF NCI GROUP INC at 1497 N KEALY ST, which is already record IC-83730. Same plant under the parent's name.",https://echodata.epa.gov/echo/echo_rest_services.get_facility_info?output=JSON&p_fn=METL&p_st=TX https://www.mapquest.com/us/texas/metl-span-i-385154331
IC-87220,not_ic,,,"3100 Pennsylvania Ave, Ogden is JBT AeroTech (now Oshkosh AeroTech), which builds aviation ground-support equipment and Jetway passenger boarding bridges, listed under Aircraft Equipment, Parts & Supplies; it does not make building systems.",https://www.superpages.com/ogden-ut/bpp/jbt-aerotech-451474773 https://careers.oshkoshcorp.com/us/en/job/R37591/Jetway-Laborer https://start.cortera.com/company/research/k7o4qql5p/jbt-aerotech/
IC-87622,not_found,,,"Big B Construction Inc. appears only in an OSHA-derived listing coded as prefabricated metal building manufacturing in American Fork; the record's 413 E 620 S is a residential rental property on Realtor.com/Zillow, and no company site or plant address was found (a 'Big B Construction' Facebook page describes a general contractor in Sandy UT, identity unconfirmed). Likely a home-based contractor, but not enough for removal.",https://www.fastdol.com/employers/big-b-construction-inc-2147323b-c57e-90a7-d392-c70d0de977cf https://www.realtor.com/realestateandhomes-detail/413-E-620-S_American-Fork_UT_84003_M93207-82550
IC-87639,not_found,,,"EPA ECHO holds only a bare UPRITE SYSTEMS registry entry at 350 South 300 West, Moroni, with no NAICS; a business listing places Pitman Farms (turkey processing) at that same address, so the record looks like a contractor working on a poultry plant, not a panel factory. upritesystems.com is a parked domain; no panel plant could be tied to the company, but two independent sources for a removal were not found.",https://echodata.epa.gov/echo/echo_rest_services.get_facility_info?output=JSON&p_fn=UPRITE&p_st=UT https://www.loc8nearme.com/utah/moroni/pitman-farms/4718074/ http://upritesystems.com/
IC-87731,not_found,,,"The Blue Book lists Engineered Wall Systems in South Salt Lake UT 84115 (search snippet gives 204 W 2855 S) under architectural metals and prefabricated panel systems, but no page describes a production plant there; other directories put Engineered Wall Systems LLC in West Jordan (5591 Leo Park Rd), and IC-87692 holds an Engineered Wall Systems LLC at 9342 Hawley Park Rd, West Jordan. Possibly the same company relocated; could not confirm which site is the plant.",https://www.thebluebook.com/iProView/979341/engineered-wall-systems-llc/material-suppliers/
IC-87739,not_ic,,,"Two independent directories list Wasatch Choice Homes at 1928 N 1120 W, Provo only as a ~4-employee single-family general contractor (SIC 1521, 'Contractors'); nothing anywhere shows it manufacturing homes or components, so it is a site builder, not a plant.",https://www.whereorg.com/wasatch-choice-homes-17030600 https://provo-ut.superlocalfirm.com/comp/wasatch-choice-homes-1.html
IC-87954,in_scope,,1134 Bayshore Rd.,"1134 Bayshore Rd is the former Bayshore Concrete Products plant (directory listings place Bayshore Concrete there); in 2019 Coastal Precast Systems bought the Bayshore property and reopened it as its Cape Charles plant. CPS lists a Cape Charles plant with its Eastern Shore office at 1134 Bayshore Rd, so the 'office' wording does not make this a non-plant. CPS makes building structures as well as marine and bridge precast.",https://www.cpsprecast.com/plant-sites https://easternshorepost.com/2019/08/31/new-business-in-cape-charles-is-concrete/ https://www.thebluebook.com/iProView/1008391/bayshore-concrete-products-corp/material-suppliers/locations-contacts/ https://www.cpsprecast.com/new-page
IC-88494,not_found,,,"A business directory lists 'Southeast Precast Inc' under precast concrete products at 1968 Black Lick Rd, Rural Retreat (276-620-1014), so the record's address matches a listed precast business. No company site, product list or current-operation evidence was found, so I can't tell whether it makes building products or utility items (tanks/vaults).",https://www.whereorg.com/businesses/concrete-products-except-block-and-brick-in-rural-retreat-va
IC-88523,not_ic,,,"Kingspan Insulation's Winchester VA site (172 Pactiv Way / 200 Kingspan Way) makes GreenGuard XPS foam insulation board and building wraps/flashing; EPA ECHO classes it NAICS 326140 polystyrene foam products. Insulation materials, not panels or building systems.",https://echodata.epa.gov/echo/echo_rest_services.get_facility_info?output=JSON&p_fn=KINGSPAN&p_st=VA https://buildingclean.org/manufacturers/facility/5490
IC-89199,in_scope,,4163 Old Calverton Rd,"Buzzfile places First Colony Homes, a wooden roof-truss manufacturer, in a 14,000 sq ft facility at 4163 Old Calverton Rd, Calverton. The record's HUD Modular capability looks wrong (it should be wood trusses), and its website value (violationtracker.goodjobsfirst.org) is not the company's site; no company site exists to correct either.",https://www.buzzfile.com/business/First-Colony-Homes-540-788-4222
IC-89273,not_ic,,,"Chadwick International sits in an office suite at 8300 Arlington Blvd # C2, Fairfax, and directories list it under Exporters. That is an office or trading business, not a plant. Buzzfile carries a prefab-wood-buildings industry code, but no source shows any manufacturing at this address.","https://www.411.info/business/Chadwick-International-Fairfax-VA-4513902 https://www.chamberofcommerce.com/business-directory/virginia/fairfax/exporter/6289634-chadwick-international https://www.buzzfile.com/business/Chadwick-International,-Inc.-703-560-0970"
IC-89451,not_found,,,"3935 Jackson River Rd, Monterey is a 3-bed, 2-bath home on 48 acres per Trulia; no web presence for Jackson Valley Structures was found, and nothing shows a plant or what it builds. The earlier 'sheds' reading concerned a different company named Valley Structures.",https://www.trulia.com/home/3935-jackson-river-rd-monterey-va-24465-194472992
IC-89807,not_ic,,,"4300 South 104th Place, Seattle is listed as Lindal Cedar Homes' corporate headquarters (office), not a plant; Lindal's US factory is in Burlington, WA, already held as IC-90715/IC-90308.",https://www.openingtimes.co/lindal-cedar-homes-corporate-headquarters-seattle-wa https://pcad.lib.washington.edu/building/9921/
IC-89874,not_found,,,"No source links H.W. Blackstock Co to 4000 W Marginal Way SW (a Duwamish industrial and port frontage) or describes what it makes; the only other address seen for the company, 11337 Durland Ave NE, is a single-family house. No plant, product line or closure can be cited.",https://www.redfin.com/WA/Seattle/11337-Durland-Ave-NE-98125/home/319813
IC-89934,closed,,,"Garco Building Systems closed its Airway Heights manufacturing plant in November 2016 and laid off 112 workers, keeping only sales and IT staff there (Spokesman-Review and AP).",https://www.spokesman.com/stories/2016/nov/15/garco-building-systems-closing-airway-heights-manu/ https://apnews.com/article/business-49e62182ebd34db780babecdf2931b1c
IC-90025,closed,,,"1203 Lum Rd, Centralia is now a retail store in the Centralia Factory Outlets (Carter's), per Carter's own store page and a Yellow Pages listing; no source shows American Pacific Industries or any home plant operating there or elsewhere in Centralia.",https://www.carters.com/l/wa/centralia/carters-centralia-factory-outlets-0626 https://www.yellowpages.com/centralia-wa/mip/carters-884246
IC-90308,not_found,,,"The plant is real: Building Clean lists Lindal Building Products at 11596 Water Tank Road, Burlington, making cedar windows and doors, and Lindal sells pre-cut kit-home packages. But no page says pre-cut packages or panels are made at Burlington, and windows/doors fit no capability group, so whether it is IC is a scope call for a person (HUD Modular is certainly wrong).",https://buildingclean.org/manufacturers/facility/6821 https://lindal.com/experiences/blog/lindal-kit-homes/
IC-90311,closed,,,"Olympic Panel Products in Shelton closed in July 2016 (WARN notice, 217 layoffs) after Swanson Group bought its assets and moved operations to a new plant in Springfield, OR.",https://www.panelworldmag.com/washingtons-olympic-panel-products-announces-shutdown/ https://www.thenewstribune.com/news/business/article79854167.html
IC-90382,closed,,,"The HCI Steel Building Systems production plant near Arlington Airport (then owned by BlueScope/Butler) shut down on Dec. 12, 2011, ending 25 years of manufacturing; the successor HCI Steel Buildings LLC also retired and auctioned its Arlington equipment (6310 188th St NE) in June 2026.",https://www.heraldnet.com/2011/11/30/hci-steel-plant-in-arlington-is-closing/ https://murphyauction.com/Auction/Details/9905
IC-90589,not_found,,,"Nothing identifies Statesville West LLC beyond its EPA FRS registration. Its address, 5915 176th St E, Puyallup, is a 4.61-acre parcel with a 1950 manufactured home on it, and OX Engineered Products lists an Old Hickory Sheds store there (a shed sales lot); no source shows a building-system plant. Likely not IC, but no source names this entity, so it is not removed.",https://www.oxengineeredproducts.com/store/old-hickory-sheds/ https://www.redfin.com/WA/Puyallup/5915-176th-St-E-98375/home/28544379
IC-90638,not_ic,,,"BK Metal Buildings LLC (Olympia WA) is a Washington L&I-licensed construction contractor (licence BKMETMB873MQ, now expired/suspended July 2023) registered at a PO box, and BuildZoom lists it as a contractor with building permits; nothing shows it manufactures building systems, and 2210 Black Lake Blvd SW is not tied to a plant.",https://opengovwa.com/labor-industries-contractor/BKMETMB873MQ https://www.buildzoom.com/contractor/bk-metal-buildings-llc
IC-90691,duplicate,IC-90584,,"EPA FRS lists Shakertown Corp at 1200 Kerron St and Shakertown 1992 Inc at 1200 Kerron N.W., Winlock: one cedar shingle/siding plant, also held as IC-90584. Scope is doubtful either way: Shakertown's site describes cedar siding and paneling, not building systems.",https://echodata.epa.gov/echo/echo_rest_services.get_facility_info?output=JSON&p_fn=SHAKERTOWN&p_st=WA https://shakertown.com/
IC-90721,not_found,,,"OSHA records (via SafetyRecord) show Alpac Components at 213 Caledonia Ave, La Conner, coded NAICS 321992 prefab wood buildings, with the last inspection in March 2013. MacRae's says it makes hardwood plywood panels instead. No company site or recent source confirms what it makes or that it still operates.",https://safetyrecord.org/company/alpac-components-co-la-conner-wa https://www.macraesbluebook.com/search/company.cfm
IC-90731,duplicate,IC-90888,,"The Truss Co. bought Craft Wall Roof Trusses (Port of Pasco since about 1982) and consolidated it into its new Pasco plant; Craft Wall Roof Truss now lists the same phone at 355 N Commercial Ave, the address of IC-90888 The Truss Company - Pasco.",https://www.tri-cityherald.com/news/business/article32218197.html https://www.yellowpages.com/pasco-wa/mip/craft-wall-roof-truss-531795622
IC-90833,closed,,,"HCI Steel Buildings LLC, a steel building manufacturer, retired after 30+ years and sold its plant equipment at an online auction ending June 10 (2026) at 6310 188th St NE, Arlington WA; no operation at 742 Mission St, Wenatchee was found and the company's website domain no longer resolves.",https://murphyauction.com/Auction/Details/9905 https://hibid.com/catalog/747551
IC-91553,not_found,,,"The record's pin (43.18826,-89.44701) is 600 Marshall Dr, Waunakee, which federal data list as Marshall Erdman & Assoc (NAICS 332311) with no recent operating signal; search results now show Dane Manufacturing, a contract metal fabricator, at 600 Marshall Dr, so Erdman's steel/building-systems plant is probably closed. The Dane page could not be opened (browser dropped), so not removed.",https://www.factoryregistry.com/facility/wi/waunakee/marshall-erdman-assoc-110037072057
IC-91719,not_found,,,"Located: H&L Industries' live company site places its 17,000 sq ft headquarters and pre-finishing facility in Solon Springs, WI, so the earlier 'closed' reading is not supported. But its product is half-log siding (cladding), so whether it is IC needs a person's scope call.",https://www.hlindustriesinc.com/aboutus
IC-92550,not_found,,,"The record is only a Florida BCIS manufacturer registration (201 NE 2 Ct, Dania) marked expired in 2011. Searches on the name and phone 954-922-7467 found no plant, website or current activity, and the Florida licence and directory pages could not be opened this run. Probably a lapsed registration, but no citable source shows closure.",https://www.myfloridalicense.com/portalsearches/VerifyLicensee/LicenseDetail?ID=CA185559F594189CAF878BD740AFB5D0
IC-92737,duplicate,IC-93497,,"This row's only source (FL BCIS) places 'CXT Incorportated' at 901 N Hwy 77, Hillsboro TX with phone 254-296-6114, the same plant as IC-93497. L.B. Foster lists CXT's Hillsboro precast plant at 901 N. Waco Street in Hillsboro. The Spokane tie plant the earlier research found is a different site.",https://lbfoster.com/locations
IC-92879,closed,,247 AIRPORT RD.,"Florida's corporate registry shows Hexaport Building Systems of Florida, LLC (principal address 247 Airport Rd, Carrabelle) INACTIVE, administratively dissolved for failure to file its annual report on 09/23/2011; no later activity of the Carrabelle steel-home factory was found.",https://search.sunbiz.org/Inquiry/CorporationSearch/SearchResultDetail?inquirytype=EntityName&directionType=Initial&searchNameOrder=HEXAPORTBUILDINGSYSTEMSFLORIDA%20L070000078640&aggregateId=flal-l07000007864-e5058982-582a-46a0-9c08-694f99e226a1&searchTerm=HEXAPORT&listNameOrder=HEXAPORTBUILDINGSYSTEMSFLORIDA%20L070000078640
IC-93142,not_found,,,"No precast operation is tied to 1209 Mack Todd Rd, Zebulon. Search results show it listed as ~45-63 acres of vacant commercial land for sale (the listings have since expired), which may mean a planned or never-built site. Performance Precast's known operations are elsewhere (Charlotte, Hillsborough). Possibly a planned plant or not a plant at all; needs a person.",https://properties.zoomprospector.com/northcarolina/property/1209-Mack-Todd-Rd-Zebulon-North-Carolina/944408 https://www.moodyscre.com/marketplace/listing/38124180/1209-Mack-Todd-Rd-Zebulon-NC-27597
IC-93497,in_scope,,901 N. Waco Street,"L.B. Foster's locations page lists CXT Incorporated's Hillsboro, TX precast concrete plant at 901 N. Waco Street (the state registries' '901 N Hwy 77'), and L.B. Foster markets CXT precast concrete buildings.",https://lbfoster.com/locations
IC-93604,not_found,,,"Listings put Schneider Electric at 9701 Windisch Rd, Suite 300, West Chester, a multi-tenant suite (GE is also listed there), which looks like an office rather than a plant. Schneider's West Chester services facility does switchgear modernization, not prefabricated modules; no source ties volumetric skid or module production to this address.",https://us.placedigger.com/schneider-electric2060892466.html https://www.mapquest.com/us/ohio/general-electric-company-536916117 https://www.powertech-upsc.com/utility-market-source/schneider-electric-services-facility-now-open-in-west-chester-oh
IC-93631,in_scope,,23015 FM 2100,"Richard Automation is now TxLa Systems (homepage says it is now MCG); its contact page lists 23015 FM 2100, Huffman as corporate office and manufacturing facility, building modular metal control/electrical buildings and electrical equipment.",https://txlasystems.com/contact/ https://txlasystems.com/
IC-93823,in_scope,,279 N 8th Street,"Michigan LARA's approved-manufacturer list registers 'Ritz-Craft Custom Homes PA - Plant 3' at 279 N 8th Street, Mifflinburg, separate from Plant 2 at 15 Industrial Park Road (IC-93827), so this is a distinct registered Ritz-Craft modular plant.",https://www.michigan.gov/-/media/Project/Websites/lara/bcc-media/Plan-Review/Approved_Manufacturers_Listings.pdf?rev=c54c4d3e272a404e81c09333ba28e3f4
IC-93882,duplicate,IC-95182,,"PFB Manufacturing LLC is the PFB Corp. (Insulspan) operating entity in Blissfield; MapQuest places PFB Manufacturing's SIP plant at 9012 E US Highway 223, which Insulspan's contact page gives as Insulspan - Blissfield and which is already IC-95182. The Jipson St listing (245/247 N Jipson) shows no separate production activity.",https://www.mapquest.com/us/michigan/pfb-manufacturing-369584583 https://www.insulspan.com/contact-us/
IC-94086,not_ic,,,"Automation & Electronics, Inc. (Casper, WY; Texas office in Hempstead) is an industrial automation, controls and electrical engineering/construction firm: its site touts control systems built and industrial construction hours, and its contact form offers electrical engineering, controls design and electrical construction. Its 'panels' are electrical control panels, not building panels.",https://www.autoelect.com/ https://www.autoelect.com/contact
IC-94087,not_ic,,,"Automation & Electronics, Inc. (Casper, WY; Texas office in Hempstead) is an industrial automation, controls and electrical engineering/construction firm: its site touts control systems built and industrial construction hours, and its contact form offers electrical engineering, controls design and electrical construction. Its 'panels' are electrical control panels, not building panels.",https://www.autoelect.com/ https://www.autoelect.com/contact
IC-94101,not_ic,,,"901 E Levee St, Brownsville is the office of cdcb (Community Development Corporation of Brownsville), which its own site describes as a multifaceted affordable-housing organization offering home purchase, build and rent programmes, down-payment assistance, mortgage financing and financial coaching. It is a nonprofit developer/lender office, not a factory.",https://cdcb.org/ https://cdcb.org/about-us/
IC-94248,in_scope,,6110 CULLEN BLVD,"EPA ECHO lists an active TAS ENERGY facility at 6110 Cullen Blvd, Houston 77021, which TAS gives as its main address; TAS says its modular solutions are made in its Houston facilities (about 600,000 sq ft). No page gives a production description specific to Cullen alone.",https://echodata.epa.gov/echo/echo_rest_services.get_facility_info?output=JSON&p_fn=TAS%20ENERGY&p_st=TX https://www.findglocal.com/US/Houston/106833595334822/TAS-Energy-Inc.
IC-94466,not_found,,,"Bevyhouse is a real IC maker: its own site says it builds custom modular homes in its factory, so the earlier 'not IC' reading is wrong. But no source places the factory at 630 Todd Lane, Santa Paula: Housing Innovation lists it at 2215 Palma Dr, Ventura, and the company site now says its factory is in Central California. The current plant location needs a person or a call to the company.",https://bevyhouse.com/ https://housinginnovation.co/factory/bevyhouse/ https://bevyhouse.com/what-we-do/
IC-94476,not_found,,,"Connest is IC: an HCD-certified maker of steel-frame modular housing, whose own site says units are 'precision-crafted in our high-tech facility'. Its profile places production in Tijuana, Mexico and Huntington Park, CA. No page ties 2421 E 57th St (90058, next to Huntington Park) to Connest, so the plant address is plausible but unconfirmed.",https://connest.com/ https://theorg.com/org/connest
IC-94545,not_found,,,"The only record of Rocky Mountain Prestress at 1302 First Avenue, Greeley is a 2017 OSHA referral inspection citing construction standard 1926.503 (fall-protection training), which points to an erection jobsite, not a plant. Rocky Mountain Prestress (acquired by Wells in 2019) is a Denver precast producer (directories give 5801 Pecos St / 301 W 60th Pl, Denver); Wells' Colorado plant is IC-19470 in Brighton. Likely a jobsite row, but no source states it directly.",https://safetyrecord.org/company/rocky-mountain-prestress-greeley-co
IC-94549,not_found,,,"No operating business called Sunpanel can be found at 2984 Wellington Circle, Tallahassee: its old Manta profile now redirects to a Tallahassee 'Reconstituted Wood Products' category page that lists only an unrelated countertop shop, and the LoopNet parcel page for the address is gone. Likely defunct, but there is no evidence strong enough to remove it.",https://www.manta.com/c/mt1jxg0/sunpanel
IC-94619,not_ic,,,"5901 Peachtree Dunwoody Rd (Ste 500/B500), Atlanta is Arauco North America's headquarters office suite in an office building (Usearch lists it as headquarters; The Blue Book lists the suite with an office administrator), not a production site.",https://usearch.com/company/arauco-north-america/overview https://www.thebluebook.com/iProView/1324528/arauco/subcontractors/locations-contacts/
IC-94658,not_found,,,"Red Suspenders Timber Frames, Inc. is a timber-frame designer/builder listed at 4418 Co Rd 256, Nacogdoches (the record says 4412). No company site or registry confirms a shop at either number, and whether a hand-cut solid-timber frame shop counts as Mass Timber IC is a scope call for a person, so it stays unresolved.",https://www.chamberofcommerce.com/business-directory/texas/nacogdoches/home-builder/7660215-red-suspenders-timber-frames-inc
IC-94680,in_scope,,3976 State Route 39,"Modular Home Builders Association manufacturer listing places Buckhorn Builders at 3976 State Route 39, Millersburg, and says it handcrafts its modular homes in its own facility. These are site-set modular (log) homes, so the HUD Modular leaf likely should be Wood Volumetric Modular.",https://members.modularhome.org/manufacturers/Details/buckhorn-builders-3828109
IC-94701,not_found,,,"Only directory listings exist: contractor directories list Boegh Building Systems at 3549 N Highway 16, Denver NC as a building/home construction contractor, and BBB lists it under Modular Buildings at 245 Peach Orchard Rd, Salisbury. It has no website and no source shows it manufactures modules; it looks like a modular builder/dealer, but the evidence is too thin for a removal.",https://www.bbb.org/us/nc/salisbury/profile/modular-buildings/boegh-building-systems-0503-4001240 https://www.licensed.contractors/north-carolina/denver/28546-near-me-boegh-building-systems-902556.html
IC-94724,not_found,,,"Manta confirms a 'Cornerstone Manufacturing' at 2446 SW Redmond Hill Road, McMinnville (about 2 employees, est. 2008), but no source says what it makes; no company site, modular-plant listing or product evidence was found, so whether it builds IC units cannot be settled.",https://www.manta.com/c/mtvmt5g/cornerstone-manufacturing
IC-94727,not_found,,5765 W 400 S,"Located: Creekside Sawmill, 5765 W 400 S, Topeka, IN (phone 260-768-8126 matches the record; the record's 5655 W 400S looks like a typo). Yellow Pages says it offers 'log buildings, log homes, saw mill, storage sheds'. Whether a sawmill making log-home packages and sheds counts as IC is a scope call for a person, so I am not marking it in_scope or not_ic.",https://www.yellowpages.com/topeka-in/mip/creekside-sawmill-507300988 https://www.mapquest.com/us/indiana/creekside-saw-mill-364200379
IC-94826,in_scope,,,"Indiana DHS industrialized-building manufacturer registry lists Precision Systems with its facility at 22498 Miller Rd., Steger, IL 60475 (the record's address). The company builds packaged mechanical/electrical systems and generator enclosures for water/wastewater, so the HUD Modular leaf is wrong; it is at best Specialty Volumetric MEP and needs a scope call.",https://oas.dhs.in.gov/dfbs/code/main.do?method=view&manufacturerNameId=4448 https://www.scrapmonster.com/company/precision-systems/27109
IC-94865,not_found,,,"TMI (now TMI Climate Solutions, custom air-handling units) still describes a 160,000 sq ft main manufacturing facility in Michigan, and map listings put TMI at 200 Quality Way, Holly. But its contact page now lists only Pointe-Claire QC and Mesquite TX, and the old tminc.net site is down, so whether Holly still operates, and whether air handlers count as IC, is unresolved.",https://tmiclimatesolutions.com/solutions/ https://tmiclimatesolutions.com/contact-us/ https://www.mapquest.com/us/michigan/tmi-custom-air-systems-289494756
IC-94888,in_scope,,3110 N.W. Campus Drive,"The Sandy Post reports Sauter Timber opened its new production plant at 3110 N.W. Campus Drive in the Estacada Industrial Campus (Dec 2025), and Sauter's own page says the Estacada facility is open for production of CLT/mass-timber fabrication. The record's address is confirmed.",https://sandypost.com/2025/12/05/sauter-timber-opens-production-plant-in-estacada/ https://sautertimber.com/oregongrandopening/
IC-94892,not_found,,,"613 State Highway 46 E, Boerne is the listed address of Texas Timber Frames, which Timberlyne acquired (Timberlyne's history page) and now brands as Timberlyne; that page describes CNC-cut timber frames, post & beam and mass timber but does not say where the Texas cutting happens, and Timberlyne's headquarters and production facility are in Wayne, NE (IC-95198). Whether Boerne is a shop or a sales/design office remains unconfirmed.",https://www.timberlyne.com/texas-timberframes https://www.timberlyne.com/why-timberlyne/Timberlyne-history https://www.mapquest.com/us/texas/texas-timber-frames-290603485
IC-94902,not_ic,,,"Team AXE is a culinary engineering/foodservice design and procurement consultancy; its site describes design, data models, procurement and project management, with no plant. MBI lists it at 716 Woodcliff Court, Waxhaw, and at an office suite (8201 Arrowridge Blvd Suite 105, Charlotte); there is no evidence of a manufacturing facility.",https://www.teamaxe.co/ https://members.modular.org/manufacturerdirect/Details/axe-co-llc-culinary-engineering-4142572 https://members.modular.org/member-directory/Details/axe-co-llc-culinary-engineering-4142571
IC-94913,duplicate,IC-54009,,"3504 Deibel Way is a 1956 single-family home (likely a principal's residence); Enerpan's own contact page gives the company address as 1000 West Ormsby Ave., Building 11, Louisville, which record IC-54009 already holds.",https://enerpan.com/contact/ https://www.zillow.com/homedetails/3504-Deibel-Way-Louisville-KY-40220/73451798_zpid/
IC-94915,not_ic,,,"445 E FM 1382 in Cedar Hill is The UPS Store; Frameclad USA's address there is mailbox Ste 3221. Frameclad's own MBI profile says it manufactures from two facilities in Kingswinford (UK), so this US record is a sales/mailing address, not a plant.",https://members.modular.org/manufacturerdirect/Details/frameclad-usa-4646765 https://locations.theupsstore.com/tx/cedar-hill/445-e-fm-1382
IC-94976,in_scope,,11735 Hana Cir,"Waldroop Steel's own site calls it a pre-engineered and structural steel building manufacturer based in Edmond, OK; Procore lists 'waldroop steel manufacturing and components' at 11735 Hana Cir, Edmond (a commercial parcel per LoopNet). No other plant location found.",https://waldroopsteel.com/ https://waldroopsteel.com/contact-us https://network.procore.com/p/waldroop-steel-manufacturing-and-components-edmond
IC-94986,in_scope,,,"MHI's October 2024 HUD plant list still carries two Elliott Manufactured Homes plants in Presidio, TX (ELOT04 and ELOT05), after the 2023 Comptroller outlet closure the previous run relied on. Treated as an operating HUD-code plant; the street address 16461 FM 170 was not independently confirmed on a page I could open.",https://www.manufacturedhousing.org/wp-content/uploads/2024/10/Plant-List-10_3_24.pdf
IC-95016,duplicate,IC-94168,,"Map listings put 'TAS Energy, Inc. - Fidelity' at 4208 Fidelity St, while EPA ECHO registers the TAS ENERGY Fidelity plant at 4204 Fidelity St (IC-94168); these are the same TAS Fidelity St site on adjacent parcels.",https://echodata.epa.gov/echo/echo_rest_services.get_facility_info?output=JSON&p_fn=TAS%20ENERGY&p_st=TX https://www.mapquest.com/us/texas/tas-energy-796799293
IC-95057,in_scope,,349 East Railroad Street,"The former Fleetwood Homes #41 plant at 349 East Railroad Street, Pembroke, is now operated by Champion Homes as manufacturer member 'Champion Homes Pembroke - 042' of the NC Manufactured & Modular Homebuilders Association. No other record holds the Champion Pembroke plant, so this row is the live plant under a new operator name.",https://members.nc-mha.org/active-member-directory/Details/champion-homes-pembroke-042-3629933
IC-95085,closed,,,"Maricopa Monitor reported in December 2008 that Mobile Mini shut its Maricopa fabrication plant, cut about 135 jobs and left the fabrication business. About 15 staff stayed on to repair and rebrand existing portable storage units, which is a branch or yard, not IC production.",https://www.pinalcentral.com/maricopa_monitor/news/local/breaking-news-mobile-mini-closes-maricopa-plant-axes-135-employeessome-small-operations-to-remain-at/article_360de978-8e5c-597e-8d7c-f058425e0bdc.html https://www.pinalcentral.com/maricopa_monitor/news/mobile-mini-closes-plant-axes-135-local-employees/article_e3c422b8-34a3-570c-869b-11c61c3a46ab.html
IC-95120,duplicate,IC-95980,,"Same company and plant as IC-95980 (Southern Structures, Inc., 334 Cypress Rd, Ocala FL 34472); this row holds only the company's PMB mailing address at 3035 SE Maricamp Rd.",https://southernstructuresinc.com/about/ https://www.modulartoday.com/Southern-Structures.html https://southernstructuresinc.com/
IC-95189,not_found,,,"The record's phone (907-345-3323) belongs to Superior Products, Inc., an Anchorage installer and supplier of steel siding and metal roofing at 11900 Industry Way, with no precast or Superior Walls products on its site. No Superior Walls plant or licensee was found at 222 Eagle Street or anywhere in Alaska. Likely not a precast plant (possibly a defunct Superior Walls dealer); needs a second source to remove.",https://spialaska.com/contact-us/
IC-95343,not_ic,,,"Sto Panel Technology is a branded program, not a plant: Sto Corp's own page says affiliate fabricators manufacture StoPanel walls in their own facilities across the country, and TJ Wies Prefab describes it as a partnership program. The Atlanta Camp Creek Parkway address is Sto Corp's office; the affiliate plants (e.g. TJ Wies, Raymond Group) belong in their own records.",https://www.stocorp.com/panelization-us/ https://www.tjwiesprefab.com/prefab-solutions/sto-panel
IC-95349,not_found,,,"Directories place United Structural Products LLC at 560 Wharton Cir SW, Atlanta, but its website is down and listings describe it only as an aluminum-products / fabrication job shop (<10 employees); no page shows it making metal buildings. Possibly aluminum canopies (scope ruling pending) - needs a person.",https://www.mfg.com/manufacturer/united-structural-products-atlanta-georgia-1114294/ https://www.yellowpages.com/atlanta-ga/mip/united-structural-products-460619798
IC-95357,closed,,,"Holston Steel Structures, Inc. is defunct: its Tennessee contractor licence expired 07-31-1987 and its Maryland foreign registration is Forfeited. The successor name Holston Steel Services is a small steel wholesaler at 777 Anderson St, Bristol TN, not a metal-building plant at 21 Third Street.",https://www.buildzoom.com/contractor/holston-steel-structures-inc https://businesswiki.info/company/md/F00025031/holston-steel-structures-inc https://www.buzzfile.com/business/Holston-Steel-Services-Inc-276-466-6000
IC-95359,not_found,,,"EPA FRS holds Pacific Bay Inc only as a bare record at 7205 Rosemount Circle Lot #36, a lot in a residential park, with no NAICS, SIC or program data. Washington corporate listings put Pacific Bay, Inc. at 6003 78th St W, Lakewood, but no source says what it makes or shows a plant.",https://echodata.epa.gov/echo/echo_rest_services.get_facility_info?output=JSON&p_fn=PACIFIC%20BAY&p_st=WA
IC-95384,in_scope,,,"Precast Systems, Inc. of Allentown NJ supplies precast concrete for building and bridge systems; a directory lists its production yard ('Precast Systems Yard') at 189 County Rd 526, matching the record. MapQuest gives 57 Sharon Station Rd as the company address, probably its office. The company site did not load.",https://www.chamberofcommerce.com/business-directory/new-jersey/allentown/manufacturer/2029237444-precast-systems-yard https://www.mapquest.com/us/new-jersey/precast-systems-279438137
IC-95394,in_scope,,,"Con-Fab California is a manufacturer of structural precast, prestressed concrete in Lathrop, CA, and listings place it at 1910 Lathrop Rd, matching the record (the company site is behind a bot check). IC-12781 (701 Golds Ave, ZIP 92363) is a separate Con-Fab row worth a look but is not this Lathrop address.",https://www.yellowpages.com/lathrop-ca/mip/con-fab-california-corp-10551299
IC-95397,in_scope,,660 Edgegrove Road,"Conewago Manufacturing's own site gives its Hanover HQ (precast, steel fabrication, ready-mix departments) at 660 Edgegrove Road, not the record's 576 Edgegrove Rd; the earlier research tied the PCI-certified precast plant to 660 Edgegrove Rd. No other record holds 660 Edgegrove, so this row should move there.",https://www.conewagomfg.com/contact/
IC-95402,in_scope,,688 Wilbur Ave.,"The Fort Miller Group's own contact page gives its location as 688 Wilbur Ave., Greenwich, NY 12834 (mailing PO Box in Schuylerville); the record's 707 Wilbur Ave appears to be a nearby or wrong number, so the plant address is corrected to 688.",https://www.fmgroup.com/contact/
IC-95471,in_scope,,,"Not closed: ClarkDietrich acquired Studs Unlimited (single Oklahoma City location, cold-formed steel framing fabrication) effective Oct 1, 2024 and said it would expand the operation; studsunlimited.com now redirects to ClarkDietrich, whose locations list (per search snippet) shows Oklahoma City at 809 S. Agnew, Suite D. The plant makes CFS studs/framing, so the Closed LGS Panel leaf is likely wrong (Light Gauge Steel Structural Components).",https://buildsteel.org/news/clarkdietrich-announces-acquisition-of-studs-unlimited/
IC-95505,not_found,,,"Surecast West at 8203 Alabama St, Redlands is a real precast fabricator, and its Caltrans lab listing is plant QC, not a testing business. Its products are highway/civil precast (K-rail barriers, sound walls, MSE wall panels), not building systems. Scope question for a person: is highway/civil precast IC? The listing also gives ZIP 92374, not the record's 92346.",https://www.mapquest.com/us/california/surecast-414928742
IC-95574,not_found,,,"No source ties a manufactured-home factory to Lakeside Manufactured Homes LLC; 7140 US Highway 93 S, Lakeside is listed as the Edgewater RV Park and Motel. The attached website lakesidegarages.com belongs to an unrelated storage-unit business and should be cleared.",https://www.loopnet.com/Listing/7140-US-Highway-93-S-Lakeside-MT/6380883/
IC-95590,not_found,,,"Superior Precast Concrete's own site says its products are cast in Cable, Wisconsin, not at the record's Hayward PO box; earlier research gave the plant as 42950 US Highway 63, Cable, but I could not re-read the street address. Its products are retaining-wall blocks (Novum, Redi-Rock, LockBlock) and agricultural bunker walls, not building panels. Scope question for a person: is landscape/agricultural precast IC?",https://superiorprecast.us/
IC-95604,not_ic,,,"Mayer Bros. makes septic, storm and utility precast (vaults, grease interceptors, wastewater treatment units), not building panels or other building systems; its site says it is located in Elkridge, MD while the contact page gives 100 Sharp Rd, Denton.",https://www.mayerprecast.com/ https://www.mayerprecast.com/about https://www.mayerprecast.com/contact
IC-95608,not_ic,,,"Keeler Precast in Hudson, NY makes burial vaults, septic tanks, catch basins, dry wells, manholes, steps and other site/utility precast; its site lists no building panels or building systems.",https://keelervault.com/ https://keelervault.com/precast-products
IC-95610,not_ic,,,"Indiana Barrier Wall's NPCA-derived listing at 252 S 600 E, Marion (same phone 260-747-5777) says its products are temporary concrete highway barrier walls (J-J Hook), a road-safety product, not building panels or other building systems.",https://www.findprecast.com/marion/precast-products-services/indiana-barrier-wall-llc https://www.yellowpages.com/fort-wayne-in/mip/indiana-barrier-wall-1094370
IC-95617,not_ic,,6141 US-78,"Foley Products' Waco plant at 6141 US-78 makes stormwater pipe, box culverts, manholes, catch basins and utility vaults (drainage/utility precast), not building panels or other building systems.",https://www.foleyproducts.com/locations/waco-ga/ https://gradickcommunications.com/company-will-reopen-haralson-county-plant-to-make-concrete-pipes-will-hire-50-employees/
IC-95624,not_found,,,"The plant exists at 850 Industrial Parkway, North Liberty (phone 574-336-9603 matches), but its NPCA-derived listing shows only underground/utility precast (septic tanks, manholes, catch basins, grease interceptors, utility vaults), no building panels. Likely not IC, but only one directory page supports that, short of the two-source bar for removal.",https://www.findprecast.com/north-liberty/precast-products-services/cherokee-precast-inc
IC-95753,not_found,,,"Lemaster Incorporated is a small Florida corporation (2016) registered at 10080 Cobb Rd, Brooksville, which Trulia shows as a 1,216 sq ft single-family home; no website or page shows it manufacturing metal buildings (LeMaster Steel Erectors is an unrelated Indiana/Ohio erector). Likely a home-based fabricator/erector, not a plant.",https://www.trulia.com/home/10080-cobb-rd-brooksville-fl-34601-195288896 https://www.flbusinessgo.com/companies/P16000091831/
IC-95769,in_scope,,2000 Plain Ave,"EPA FRS lists an active Dukane Precast Co facility at 2000 Plain Ave, Aurora, and Dukane's own site says it makes precast prestressed concrete wall panels and has two sites in Aurora (its production hiring page gives 1875 Plain Ave, the other Aurora site). The record's address is a real Dukane production site.",https://echodata.epa.gov/echo/echo_rest_services.get_facility_info?output=JSON&p_fn=DUKANE&p_st=IL https://www.dukaneprecast.com/ https://www.dukaneprecast.com/hiring-event-production-associate
IC-95779,not_ic,,,"The record comes from an OSHA inspection; 1491 Brayton Point Rd, Somerset MA is the Stateline Chrysler Jeep Dodge Ram car dealership (a job site), not a plant. New England PEMB, Inc. is a 2019 New Hampshire corporation based in Plaistow, NH; no manufacturing plant found.",https://www.mapquest.com/us/massachusetts/stateline-jeep-464608466 https://www.storeshours.com/jeep/massachusetts/somerset/braytonpointrd https://www.nhcompanyregistry.com/companies/new-england-pemb-inc/
IC-95782,duplicate,IC-93603,,"Record comes from an OSHA inspection at 1876 Elmwood Ave, Buffalo, which is a SONIC Drive-In (a job site for Ventaire's modular QSR buildings). Ventaire LLC's plant is at 909 N. Wheeling Ave, Tulsa OK, already held by IC-93603.",https://www.sonicdrivein.com/locations/us/ny/buffalo/1876-elmwood-avenue/store https://www.arcat.com/company/-ventaire-llc-54245 https://ventairecorp.com/
IC-95790,not_found,,,"The record comes only from an OSHA inspection case at 11636 US Highway 98 North, Lakeland; no web source ties State Wide, Incorporated to a manufactured-home plant there, and no matching active Florida entity was found. An OSHA inspection address may be a job or setup site rather than a plant.",https://search.sunbiz.org/Inquiry/corporationsearch/SearchResults?inquiryType=EntityName&searchTerm=STATE+WIDE+INCORPORATED
IC-95813,not_ic,,,"1155 W 60 S, Tooele is KCC Manufacturing, a plant of KCC Companies (Louisville KY HVAC group) whose contact page lists it alongside HVAC parts, tech support and curbs & adapters; listings describe KCC in Tooele as HVAC solutions. It makes HVAC equipment/curbs, not metal buildings.",https://www.kcccompanies.com/contact https://www.mapquest.com/us/utah/kcc-heating-and-cooling-357571989
IC-95824,not_found,,,"Reid Steel Builders, LLC is a small Mississippi LLC formed January 2020; the record (from an OSHA inspection) sits on rural Bass-Burkett Rd, Bassfield, and no website, plant listing or product page was found. The name suggests a steel-building erector/contractor rather than a manufacturer, but no page confirms either.",https://www.bizapedia.com/ms/reid-steel-builders-llc.html https://www.mississippicompanyregistry.com/companies/reid-steel-builders-llc/
IC-95830,not_found,,,"Cowell Steel Structures' own site gives 7695 Highway 64, Atkins as its office and says it 'designs and supplies' steel building kits (barns, barndominiums, RV covers, carports, red-iron shops) delivered nationwide; no page says it fabricates them in-house or names a plant. Kit supplier vs. manufacturer needs a person's ruling (carport/barn segment is out of scope).",https://www.cowellsteel.com/ https://www.cowellsteel.com/contact
IC-95840,closed,,,"Entekra, the off-site framing manufacturer started in Ripon, CA in 2017 and majority-owned by LP, was dissolved and wound down operations by June 30, 2023 per HousingWire and SBCA reports.",https://www.housingwire.com/articles/entekra-to-dissolve-and-shut-down-operations-by-june-30/ https://www.sbcacomponents.com/media/entekra-to-cease-operations-within-60-days
IC-95852,closed,,,"WKBN (Apr 2025) reports the Phillips Manufacturing plant in Niles permanently closed, and the Business Journal (Apr 2026) reports the former Phillips building at 504 Walnut St. was sold to 504 Walnut LLC. It made drywall, stucco and roofing trim accessories, not mass timber, in any case.",https://www.wkbn.com/news/local-news/niles-news/local-manufacturing-plant-permanently-closed/ https://businessjournaldaily.com/former-phillips-manufacturing-building-sells-for-2-2m/ https://www.phillipsmfg.com/
IC-95879,closed,,,"HCI Steel Buildings LLC held a 'Retiring after 30+ years' liquidation auction (598 lots, June 3-10, 2026) at 6310 188th St NE, Arlington, and its website domain no longer resolves. Its former HCI Steel Building Systems production plant near Arlington Airport (18520 67th Ave NE) already shut down in Dec 2011 per HeraldNet.",https://hibid.com/auction/747551/hci-steel-buildings-llc---retiring-after-30--years https://www.heraldnet.com/2011/11/30/hci-steel-plant-in-arlington-is-closing/ https://www.allbiz.com/business/hci-steel-buildings_15-360-403-4900
IC-95888,not_ic,,,"1515 N Eager Rd, Howell comes only from an OSHA inspection record (likely a Fabcon panel-erection job site), not a plant: Fabcon's locations page lists its manufacturing facilities (Grandville MI, Charlestown IN, Grove City OH, Mahanoy City PA, Pleasanton KS, Savage MN, Selkirk NY, ...) with none in Howell, and EPA FRS shows Fabcon's only Michigan facility at 3373 Busch Dr SW, Grandville (already IC-95450).",https://fabconprecast.com/locations/ https://echodata.epa.gov/echo/echo_rest_services.get_facility_info?output=JSON&p_fn=FABCON&p_st=MI
IC-95890,duplicate,IC-75635,,"Record comes from an OSHA inspection at 2400-2418 E Huntingdon St, Philadelphia, which is the Views of Fishtown apartment building (a job site). Lehigh Structural Components' truss plant is at 1550 Lehigh Dr, Easton PA, already held by IC-75635.",https://www.apartments.com/views-of-fishtown-philadelphia-pa/yt8m5sr/ https://viewsoffishtown.com/ https://www.chamberofcommerce.com/united-states/pennsylvania/easton/truss-manufacturer/2003920108-lehigh-structural-components-llc
IC-95896,duplicate,IC-30836,,"Record comes from an OSHA inspection at 6007 Tezel Rd, San Antonio, which is a commercial site where the Miller BBQ food trailer operates (a job site, not a plant). Frey-Moss Structures' plant is at 1801 Rockdale Industrial Blvd, Conyers GA, already held by IC-30836 (the earlier research also found plants only in Conyers GA and Silverton OR).",https://www.miller-bbq.com/home https://www.mapquest.com/us/texas/miller-bbq-775211610
IC-95930,not_ic,,,"StoneMill Log & Timber Homes is a design-build log and timber-frame home firm; its own pages describe design, project management and construction services in partnership with Creekside Construction, and 10024 Parkside Drive is its Knoxville office. No panel or component plant is named.",https://stonemill.com/about-us/ https://stonemill.com/our-process/ https://stonemill.com/
IC-95934,not_found,,,"The only trace is one OSHA planned inspection (Apr 2023) of an individual, Yoan Corteras, at 37 Hickory Corner Rd, Philippi, citing only construction scaffolding standard 1926.451, which points to a jobsite subcontractor rather than a plant; no business, website or manufacturing activity was found. Likely not IC, but one third-party OSHA mirror is not enough to remove it.",https://safetyrecord.org/company/yoan-corteras-philippi-wv
IC-95941,not_found,,,"Sumter County parcel data show Consolidated Industries LLC owns 212 W Seminole Ave, Bushnell, a single 2006 building on a commercial lot coded for vehicle/trailer/mobile-home sales and service. No source shows the company manufactures homes or building components there; it may be a sales or service yard, but that is not proven.",https://floridaparcels.com/property/70/N16A460
IC-95960,duplicate,IC-93594,,"112 Dexter, Elk Rapids is the Dexter Hotel (a 17-unit inn proposed for a vacant downtown lot), so the OSHA record is a job site, not a plant. Ritz-Craft's only Michigan facility is its Midwest Division at 118 Deal Parkway, Jonesville, already held by IC-93594.",https://www.dexterhotel.com/contact-us https://www.traverseticker.com/news/new-inn-proposed-for-downtown-elk-rapids/ https://www.ritz-craft.com/contact-us
IC-95973,in_scope,,5033 Feather River Blvd,"US LBM's own family-of-companies page lists Homewood Building Supply - Truss at 5033 Feather River Blvd, Olivehurst; directories list Homewood Truss (truss manufacturer) at the same address, so the record is the US LBM truss plant.",https://uslbmfoundation.org/family_of_companies/homewood-building-supply-truss/ https://www.mapquest.com/us/california/homewood-truss-288718151
IC-95980,in_scope,,334 Cypress Rd,"Southern Structures' FAQ says it is headquartered at its own manufacturing plant in Ocala, opened in 1978. Modular Today and Houzz give the business address as 334 Cypress Rd, Ocala, which is this record; IC-95120 holds only the Maricamp Rd PMB mailing address and is the likely duplicate.",https://southernstructuresinc.com/f-a-q/ https://www.modulartoday.com/Southern-Structures.html https://www.houzz.com/professionals/home-builders/southern-structures-inc-pfvwus-pf~1200248656
IC-96008,not_found,,,"Northern Building Systems at 199 W Hartford Ave, Uxbridge is a metal-building company (search snippets of its site describe design, manufacturing and support services for building contractors and metal buildings), so the record's precast capability looks wrong; its site sits behind a bot check, so neither the capability nor a production plant at this address could be confirmed from a page I could open.",https://northernbuildingsystems.com/ https://echodata.epa.gov/echo/echo_rest_services.get_facility_info?output=JSON&p_fn=NORTHERN%20BUILDING&p_st=MA
IC-96022,not_ic,,,"Majestic Homes, Inc. is a manufactured-home retailer: Clayton lists it as a home center and ManufacturedHomes.com as a retailer, both at 5202 Laurel Rd, Billings. The record's 308 6th Ave N is the MetraPark / NILE fairground address, an OSHA event or job-site address, not a plant.",https://www.claytonhomes.com/locations/majestic-homes-inc/ https://www.manufacturedhomes.com/dealer/883/majestic-homes/billings/ https://thenile.org/contact-us/
IC-96035,duplicate,IC-94509,,"California Modulars' own site puts its factory at 6401 Automall Parkway, Gilroy ('Modular Manufacturing in the Heart of Gilroy'), the plant already held by IC-94509 (Modules Inc., 6401 Auto Mall Parkway). 3589 McCarthy Rd, Palm Springs is the site of its Palm Springs Navigation Center project, a job site, not a plant.",https://californiamodulars.com/commercial/ https://californiamodulars.com/company/
IC-96049,not_ic,,,"418 S Franklin St, Toulon is Stark County Jr/Sr High School, not a precast plant (likely a Dukane job site). Dukane Precast's EPA-registered facilities are in Aurora, Naperville and Plainfield, and its site names solar-equipped facilities only in Aurora, Naperville and Plainfield.",https://jhhs.stark100.com/contact https://echodata.epa.gov/echo/echo_rest_services.get_facility_info?output=JSON&p_fn=DUKANE&p_st=IL https://www.dukaneprecast.com/
IC-96054,not_found,,,"Business directories classify 1994 Steel Factory Corp (McKees Rocks, single location, ~8 staff) as a metals service center / metal merchant wholesaler (NAICS 423510); no page shows it manufacturing building systems. Likely not IC (steel service centre), but only modelled directory classifications support that, so not removed.",https://www.buzzfile.com/business/1994-Steel-Factory-Corporation-412-771-2944
IC-96065,in_scope,,16580 Clay County Highway,"Eco-Panels of Tennessee (licensed Eco-Panels franchise) makes structural insulated panels at a 35,000 sq ft plant in Hermitage Springs, Clay County TN; its site gives 16580 Clay County Highway, Red Boiling Springs TN 37150 as its address. Nothing ties it to 1965 Estes Lane, Columbia.",https://www.ecopanelsoftn.com/about-us/ https://www.ecopanelsoftn.com/
IC-96073,in_scope,,5231 Kane Rd,"Directory listing names the site 'Midwest Manufacturing Truss Plant' at 5231 Kane Rd, Eau Claire (trusses wholesale & manufacturer); Midwest Manufacturing (Menards' manufacturing arm) states it is headquartered in Eau Claire and manufactures building materials incl. MM Truss. Record capability (Pre-Engineered Metal Building) looks wrong; trusses (or MM Steel products in Building 9) need a person's ruling.",https://www.superpages.com/eau-claire-wi/bpp/midwest-manufacturing-truss-plant-571527706 https://www.midwestmanufacturing.com/MidwestWebsite/AboutUs.do
IC-96079,not_found,,,"11737 N Broad St, Brooksville is the yard/office of Affordable Building Products of Florida, a licensed contractor that sells and installs custom steel truss pole barns; D&B Manufacturing LLC (formed 2016, listed at the same address) is probably its fabrication arm, but no page names D&B's products. Pole-barn steel trusses look not IC, but the link to D&B is only the shared address, so not removed.",https://www.affordablebuildingsfl.com/ https://www.affordablebuildingsfl.com/meet-the-team https://www.bizprofile.net/fl/brooksville/d-b-manufacturing-llc
IC-96096,not_ic,,,"Cascade Enterprises, Inc. of Idaho (Boise office, 8067 W Mossy Cup St) describes itself as a construction contractor (steel erection, plumbing, process piping, design-build for federal/state projects incl. Mountain Home AFB work); no plant. The Mountain Home address is most likely an OSHA-inspected job site, not a factory.",https://www.cascade-enterprises.com/about-us https://www.cascade-enterprises.com/
IC-96103,not_found,,,"4708 Hunting Creek Church Rd, Hamptonville is a rural residential/farm parcel where directories list Vinyl Structures LLC, a portable-building (shed) maker; no page describes what Rollforming LLC makes or shows a plant there. Probably a small metal roofing/trim roll-former (scope ruling pending) or shed supplier, not a building-systems plant.",https://www.chamberofcommerce.com/united-states/north-carolina/hamptonville/portable-building-manufacturer/5355416-vinyl-structures-llc https://www.zillow.com/homedetails/4708-Hunting-Creek-Church-Rd-Hamptonville-NC-27020/194257849_zpid/
IC-96111,not_found,,,"J-Rod Metal Buildings LLC appears only in an OSHA inspection record (Morristown) and a state business-filing aggregator (La Vergne, TN); 475 Sagewood Dr, Morristown shows on property sites as a residential parcel. No website or page describing a manufacturing plant; the name suggests a metal-building erector/dealer rather than a manufacturer.",https://safetyrecord.org/company/j-rod-metal-buildings-llc-morristown-tn https://www.bizapedia.com/tn/j-rod-metal-buildings-llc.html https://www.zillow.com/homedetails/475-Sagewood-Dr-Morristown-TN-37813/41497470_zpid/
IC-96130,duplicate,IC-56716,,"34 Meshacket Rd, Edgartown is the Meshacket Commons affordable-housing construction site on Martha's Vineyard (an OSHA jobsite address for Cape Cod Panel, whose mailing address is 210 Airport Way, Hyannis), not a plant. Cape Cod Panel's wall-panel plant is already IC-56716 at 210 Airport Way, Hyannis.",https://www.ihtmv.org/portfolio/meshacket-commons/ https://www.capecodpanel.com/
IC-96133,not_found,,,"Nine Ships is an Erie holding company (1802 Cranberry St) whose units are Modular Engineering, which builds prefabricated industrial enclosures (crane cabs, e-houses, water-filtration buildings, some from shipping containers), and Corporate Glass; a 2023 Fairview Township zoning appeal ties Corporate Glass/Nine Ships Real Estate to Fairview, but no page shows what happens at 7400 McCray Rd. Whether e-house/enclosure building counts as IC (Specialty Volumetric MEP?) needs a person.",https://www.erienewsnow.com/news/nine-ships-planned-expansion-will-double-employment/article_5bf34db2-3498-464e-ad22-c466cdbed247.html https://www.fairviewtownship.com/zoning/zoning/agenda/appeal-7-2023-corporate-glassnine-ships-real-estate-llc
IC-96143,not_ic,,,"Capital Builders (Kansas City) is a construction manager / design-build general contractor that erects pre-engineered metal buildings; 60 SE Thompson Dr, Lee's Summit is its Flex Spaces Lee's Summit project (a 24,000 sq ft multi-tenant flex building it built), i.e. a job site, not a factory.",https://www.capitalbuilderskc.com/ https://www.capitalbuilderskc.com/case-studies/flex-spaces-lee's-summit https://www.crexi.com/lease/properties/969444/missouri-flex-spaces-lees-summit
IC-96171,not_ic,,,"Adaptive Steel Buildings' own site describes it as a Dallas-based furnish-and-erect contractor that procures pre-engineered metal building systems from manufacturers and subcontracts erection; it has no fabrication plant, so 3740 FM 1385, Aubrey is not a factory.",https://www.adaptive-steel.com/ https://www.adaptive-steel.com/about-us
IC-96196,not_ic,,,"Synergy Modular describes itself as a general contractor dedicated to managing modular construction that works with outside modular manufacturers; it does not operate a plant, and 1598 University Ave, Berkeley is an office.",https://synergymodular.com/about https://synergymodular.com/
IC-96208,not_ic,,,"Rapid Building Solutions (Ocoee, FL, 9000 W. Colonial Dr. Ste 401) describes itself as self-storage developers, contractors and building erectors, not a manufacturer; '18317 Forest Rd Lot A', Lynchburg VA looks like one of its self-storage job sites.",https://rapidbuildingsolutions.com/about-us/ https://rapidbuildingsolutions.com/
IC-96222,not_found,,,"Padron Metal Buildings and Construction LLC appears only in OSHA inspection aggregators (one late-2025 inspection at 150 Pawnee Rd, Ault, self-coded NAICS 332311); no website, directory or news describes a plant. The name ('metal buildings and construction') suggests a metal-building erector/contractor, and the OSHA address may be a job site.",https://safetyrecord.org/company/padron-metal-buildings-and-construction-llc-ault-co
IC-96245,duplicate,IC-95322,,"Topek, LLC's New Hampshire registration gives its principal office as 131 Yankee Barn Road, Grantham, with a yankeebarnhomes.com contact email and purpose 'own/operate a prefabricated post and beam home construction business', i.e. Topek is the Yankee Barn Homes entity already held as IC-95322; 53 Hedges Lane, Sagaponack is not a plant address.",https://www.nhcompanyregistry.com/companies/topek-llc/
IC-96248,not_found,,,"The only record of 'Eli Lapp' at 1347 Indian Field Rd, Genoa is a Mar 2026 OSHA inspection whose citations are construction standards (1926.760 steel-erection fall protection, 1926.453 aerial lifts); the OSHA snippet gives a mailing address in New Holland, PA. This looks like a steel-erection job site of a Lancaster-area crew, not a plant; OSHA.gov itself was behind a bot check, so not removed.",https://safetyrecord.org/company/eli-lapp-genoa-ny
