facility_id,verdict,duplicate_of,capability_leaf_asserted,website,phone,email,address,submitted,reason,sources
IC-01033,not_found,,,,,,,yes,"Could not confirm a volumetric modular plant at 351 Airport Rd, Hamilton: directories list Modular Engineering Manufacturing / Modular Metals Manufacturing there as sheet metal work / steel fabricators / storm shelters. modularengineering.com belongs to an unrelated Erie, PA company. Cortera shows phone (205) 621-9966, not the 921 number on file. No website or email found.",https://start.cortera.com/company/research/k2q7ozk5o/modular-engineering-manufacturing-inc/ https://www.yellowpages.com/hamilton-al/mip/modular-metals-manufacturing-inc-15574711 https://www.modularengineering.com/
IC-10675,in_scope,,,https://silvercreekmodular.com,9519435393,info@silvercreekmodular.com,2830 Barrett Avenue,yes,"Company site confirms Silver Creek Modular builds permanent modular buildings (14K+ modules built) from 2830 Barrett Ave, Perris; IC confirmed. Leaf left as-is (no page states steel vs wood framing). Website, phone (corrects 951-943-4014 to 951-943-5393) and email info@ found. Note IC-93054 (Modtech Holdings, same 2830 Barrett Ave address) appears to be the predecessor/duplicate of this plant.",https://silvercreekmodular.com/contact/ https://silvercreekmodular.com/about/
IC-12007,in_scope,,Steel Volumetric Modular,https://www.americanmodular.com,2098251921,,,yes,"American Modular Systems' main office and manufacturing facility is at 787 Spreckels Ave, Manteca; it builds steel moment-frame modular school buildings, so the Steel Volumetric leaf is confirmed. Phone confirmed on the company site; website confirmed; no email published.",https://www.americanmodular.com/lets-talk/ https://www.yellowpages.com/manteca-ca/mip/american-modular-systems-inc-2153280
IC-14704,in_scope,,,https://www.vbc.co,8006749340,,2302 E. Paradise Rd.,yes,"VBC's site lists its 'California Modular Factory & Office' at 2302 E. Paradise Rd., Tracy (ex-Katerra plant acquired by VBC); IC confirmed, Modular group confirmed (leaf left as Wood Volumetric; no framing statement read). Website vbc.co and company main line (800) 674-9340 found (no plant-specific number shown); no email published.",https://www.vbc.co/contact https://www.vbc.co/factories
IC-17609,in_scope,,Steel Volumetric Modular,https://www.model-z.com,,info@model-z.com,,yes,"Model/Z runs a modular factory in Watts, Los Angeles that built the 6200 Broadway project; its modules are U.S. structural steel, so the Steel Volumetric leaf is confirmed. Email found on the site; website confirmed; no phone published.",https://www.model-z.com/ https://www.model-z.com/modules
IC-19559,not_found,,,,,,,yes,"No current modular plant found for 'Kremmling Mfg' (row has no address); the only hit is a Denver Public Library index card for a Rocky Mountain News item (May 11, 1989) saying Kremmling Manufacturing Company 'leaves drifts of sawdust after bankruptcy' - likely long closed, but one index card is not enough to remove it. No website, phone or email found; category not verifiable.",https://digital.denverlibrary.org/nodes/view/1509364 https://www.modularhomes.com/city/Kremmling/Colorado/
IC-19958,in_scope,,Wood Volumetric Modular,https://www.beracahhomes.com,3023494561,,9590 Nanticoke Business Park Dr.,yes,"Company site says Beracah builds stick-framed modular homes inside its factory at 9590 Nanticoke Business Park Dr., Greenwood; IC confirmed and Wood Volumetric Modular leaf confirmed. Website and phone (302) 349-4561 confirmed; no email address published (form only).",https://www.beracahhomes.com/ https://www.beracahhomes.com/contact-us
IC-51359,in_scope,,Wood Volumetric Modular,https://www.rochesterhomesinc.com,8008604554,info@rochesterhomesinc.com,1345 N. Lucas St,yes,"IC confirmed: Rochester Homes manufactures custom modular homes (50+ years) at 1345 N. Lucas St, Rochester IN; Wood Volumetric Modular confirmed. Company site gives website, main phone (800) 860-4554 (replaces 574 number; site shows no plant-specific line) and email info@rochesterhomesinc.com.",https://www.rochesterhomesinc.com/ https://www.rochesterhomesinc.com/en-us/contact
IC-51787,in_scope,,Wood Volumetric Modular,https://heckamanhomes.com,5747734167,,2676 E. Market Street,yes,"IC confirmed: Heckaman Homes manufactures custom modular homes at its original Nappanee plant (2676 E. Market Street), sold through independent builders; Wood Volumetric Modular confirmed. Website, address and phone confirmed on the company contact page; no email is published (contact forms only).",https://www.heckamanhomes.com/Contact https://heckamanhomes.com/
IC-52384,in_scope,,Wood Volumetric Modular,https://www.advancedsystemshomes.com,8004449652,,4711 S Santa Fe Avenue,yes,"IC: company site says ASH builds custom modular homes inside a production facility; its only listed site is 4711 S Santa Fe Ave, Chanute (labelled model home; site does not separately name the plant address). Wood Volumetric Modular confirmed. Phone 1-800-444-9652 from company site; no email published (contact form only).",https://www.advancedsystemshomes.com/contact/contact-us https://www.advancedsystemshomes.com/about/the-advanced-systems-homes-story https://www.yelp.com/biz/advanced-systems-homes-chanute
IC-55084,in_scope,,Steel Volumetric Modular,https://www.mmyus.com,5023062428,hello@mmyus.com,1344 Beech Street,yes,"IC: MMY US runs a steel modular manufacturing facility at 1344 Beech St, Louisville (company site footer; WHAS11 report on the facility lease). Steel Volumetric Modular confirmed. Website, phone +1 502 306 2428 and email hello@mmyus.com from company contact page.",https://www.mmyus.com/contact-us https://www.mmyus.com/ https://www.whas11.com/article/money/business/modular-housing-mmy-west-louisville-parkland-manufacturing-facility/417-d75a55ab-9233-4466-aeff-6c3b1b0dd210
IC-59211,in_scope,,Wood Volumetric Modular,https://dickinsonhomes.com,9067745800,info@dickinsonhomes.com,1500 W. Breitung Ave,yes,"IC: Dickinson Homes' modular home factory is at 1500 W. Breitung Ave, Kingsford MI (company factory page; Iron Mountain address is its design center/office). Wood Volumetric Modular confirmed. Website, factory phone (906) 774-5800 and email info@dickinsonhomes.com from company site.",https://dickinsonhomes.com/factory/ https://dickinsonhomes.com/contact/ https://dickinsonhomes.com/about/
IC-60471,in_scope,,Wood Volumetric Modular,https://dynamichomes.com,2188472611,,525 Roosevelt Ave,yes,"IC: Dynamic Homes builds custom modular homes in its 110,000 SF factory in Detroit Lakes, 525 Roosevelt Ave (company site). Wood Volumetric Modular confirmed. Website and plant phone 218-847-2611 (plant tours line; toll-free 800-492-4833 also listed) from company site; no email published.",https://dynamichomes.com/ https://dynamichomes.com/contact/
IC-65721,in_scope,,Wood Volumetric Modular,https://holmesmodular.com,9109482270,,2863 Plank Rd,yes,"Holmes Building Systems builds modular homes in its Robbins plant (physical 2863 Plank Rd) and holds an Active NCDOI modular manufacturer licence (1&2 Family + Commercial); Wood Volumetric Modular confirmed. Website, address and sales phone 910-948-2270 confirmed on its contact page (building center 910-948-2516); no email published.",https://holmesmodular.com/contact-us/ https://holmesmodular.com/the-modular-home-difference/ https://apps.ncdoi.net/f?p=119:57
IC-66614,not_found,,,,9104258162,,4204 Camden Rd,yes,"Regal Industries Inc (prefabricated wood buildings, NAICS 321992, founded 1969) is listed only in directories at 4204 Camden Rd; the NC corporation appears as admin. dissolved in a directory snippet (SoS site behind Cloudflare), no company website or product page found, so IC status, product type and operation cannot be confirmed. Leaf unverified. Filled address/zip/phone from directories; no website or email (FactoryRegistry's regal-industries.com is an unrelated packaging firm).",https://prefabricated-modular-building-dealers.cmac.ws/regal-industries-inc/3698/ https://www.factoryregistry.com/facility/nc/fayetteville/regal-industries-inc-110070316296 https://nccompanies.com/company/0122793/regal-industries-inc.html
IC-71358,not_found,,,,,,,yes,"United Structures, Inc. (Indiana corporation, NY address 5 Pine Camp Drive, Binghamton) shares phone 607-772-9810 with row IC-93392 at 413 Commerce Rd, Vestal, described by directories as prefabricated wood buildings and components; no company site, plant description or product evidence found (unitedstructuresinc.com and unitedstructures.net are unrelated WI/GA firms), so IC status, steel leaf and whether the two rows are one plant are unconfirmed. No new contact data.",https://www.bizapedia.com/us/united-structures-inc.html https://start.cortera.com/company/research/k2m3lqm3r/united-structures-inc/
IC-73132,not_ic,,,,,,,yes,"Not IC: Lakeside Cabins & Sheds at 7389 State Route 13 N, Shiloh is a shed/cabin/park-model builder and retail lot (sheds, log cabins, playhouses, dog kennels), excluded by scope ruling. Contact (419-895-1998, sales@mylakesidecabins.com) not asserted since row is removed.",https://mylakesidecabins.com/locations/shiloh-oh/ https://www.yelp.com/biz/lakeside-cabins-and-sheds-shiloh
IC-73178,not_found,,,,7409477710,,,yes,"No plant found: every source lists Superior Kraft Homes LLC (306 W North St, Waverly) as a general contractor / home builder, and a related 'Superior Kraft Factory Showcase' at 881 W Emmitt Ave looks like a factory-built-home sales lot; no evidence of a factory, so likely not IC but evidence is directories only. Category unverifiable; phone filled from a directory, no website or email found.",https://start.cortera.com/company/research/k3r1rrk5m/superior-kraft-homes-llc/ https://www.merchantcircle.com/superior-kraft-homes1-waverly-oh https://us-construction.info/company-superior-kraft-factory-svc-in-waverly-oh-35830 https://ohio-corp.com/co/superior-kraft-homes-llc
IC-75546,not_ic,,,,,,,yes,"Not IC: Operation Tiny Home (620 Stearns Ln, Oakland) is a 501(c)(3) nonprofit that does project development and coordinates outside builders, donors and volunteer workshops for NOAH-certified tiny homes; it is not a volumetric modular factory (tiny homes / coordinator excluded by scope ruling). No contact fields asserted since row is removed.",https://www.operationtinyhome.org/ https://www.operationtinyhome.org/programs https://www.nrtoday.com/news/operation-tiny-homes-builds-small-scale-residences-in-oakland-for-vets/article_f81c3296-9177-11ef-80df-db076ae1d966.html
IC-75870,in_scope,,Wood Volumetric Modular,https://vbc.co,8006749340,,499 W 3rd St,yes,"IC confirmed: the former Deluxe/iBUILT plant at 499 W 3rd St, Berwick was bought by Volumetric Building Companies in 2022 and is listed on vbc.co as its Pennsylvania Modular Factory, building 1-5 storey wood-frame modules, so Wood Volumetric Modular is right (operator name should be VBC, not iBUILT). Website vbc.co confirmed; phone is VBC's company-wide line (no Berwick-specific number shown); no email published.",https://www.vbc.co/contact https://www.vbc.co/factories https://www.vbc.co/blog/volumetric-building-companies-acquires-factory-to-offer-more-solutions-to-housing-crisis-in-northeast-cities https://ibuilt.com/connect/
IC-75953,not_found,,Wood Volumetric Modular,https://modularbuildingsystemsofpa.com,8008374552,info@modularbuildingsystemsofpa.com,,yes,"Unresolved: 72 East Market Street, Middleburg is listed as the Corporate Office of Professional Building Systems (a division of Modular Building Systems of PA), not a plant; MBSP says it runs two manufacturing facilities a mile apart, one of which is 200 Custom Avenue (IC-93549), and the second plant's street address was not found. The company builds custom wood modular homes and multifamily units, so Wood Volumetric Modular fits. Found company website, main phone 800.837.4552 and info@ email (company-wide, no plant-specific line).",https://modularbuildingsystemsofpa.com/contact-us/ https://modularbuildingsystemsofpa.com/about-modular-building-systems-of-pa/ https://www.chamberofcommerce.com/business-directory/pennsylvania/middleburg/general-contractor/2005592960-professional-building-systems-inc-corporate-office https://www.pbsmodular.com/contact-us/
IC-76328,in_scope,,Wood Volumetric Modular,https://pleasantvalleymodularhomes.com,5703456500,info@pvmhi.com,100 Hammersmith Drive,yes,"IC confirmed: Pleasant Valley designs and builds modular homes at its Pine Grove plant (100 Hammersmith Dr); leaf Wood Volumetric Modular confirmed. Website, phone 570-345-6500 and email info@pvmhi.com found on the contact page (FAQ also lists sales@pleasantvalleymodularhomes.com). Note: IC-76263 Pine Grove Manufactured Homes at 2 Pleasant Valley Rd is a separate HUD row nearby; not checked here.",https://pleasantvalleymodularhomes.com/contact https://pleasantvalleymodularhomes.com/ https://pleasantvalleymodularhomes.com/faqs
IC-78042,in_scope,,Wood Volumetric Modular,https://www.iconlegacy.com,5703743280,info@iconlegacy.com,246 Sand Hill Rd,yes,IC confirmed: Icon Legacy's own site describes it as a B2B manufacturer of custom systems-built modular components at 246 Sand Hill Rd; leaf Wood Volumetric Modular confirmed. Website and phone 570-374-3280 confirmed on the contact page; email info@iconlegacy.com from the Modular Today directory (site publishes none).,https://www.iconlegacy.com/contact https://www.modulartoday.com/Icon-Legacy.html
IC-78051,in_scope,,Steel Volumetric Modular,https://steelmodularsystems.com,5705204062,Gary@steelmodularsystems.com,11 Edwards Drive,yes,"IC confirmed: Modular Steel Systems' own site describes it as a steel modular manufacturer in Bloomsburg making light- and heavy-gauge steel framed modular units at 11 Edwards Drive; Steel Volumetric Modular confirmed. Website and main phone 570-520-4062 confirmed, sales email Gary@steelmodularsystems.com found on the contact page.",http://steelmodularsystems.com/ContactUs.aspx http://steelmodularsystems.com/AboutUs.aspx https://www.chamberofcommerce.com/united-states/pennsylvania/bloomsburg/manufacturer/2004149847-modular-steel-systems-inc
IC-78067,in_scope,,Wood Volumetric Modular,https://signaturebuildingsystems.com,5707741000,info@sbsmod.com,1004 Springbrook Ave,yes,"IC confirmed: Signature Building Systems' plant page describes its 80,000 sq ft purpose-built modular plant at 1004 Springbrook Ave, Moosic (PFS TECO inspected), building custom homes and multifamily modules with framing stations; Wood Volumetric Modular confirmed. Phone (570) 774-1000 and email info@sbsmod.com found on the site; website confirmed.",https://www.signaturebuildingsystems.com/signature-building-systems-modular-plant
IC-82625,not_ic,,,,,,,yes,"Campbell & Dann Mfg Co of Tullahoma is a historic wagon-parts maker (TN corporate record nature of business 'mfg wagons'; 1925 letterhead 'Shafts, Bows & Rims'), not a modular or off-site construction plant; the row appears to come from an EPA facility record with only a 'DRAWER F' mailing address. No website, phone or email found.",https://al.ltddir.com/companies/campbell-dann-manufacturing-company/ https://www.worthpoint.com/worthopedia/campbell-dann-mfg-co-1925-letterhead-4896428068 https://www.greencompanydb.com/facilities/view/612419
IC-85399,not_ic,,,,,,,yes,"Las Casitas on E FM 2812, Edinburg is a portable/metal storage building seller with lots in Edinburg, La Feria, San Juan, Falfurrias and Kingsville (MapQuest), listed as a shed builder (Chamber of Commerce at 3404 E FM 2812); sheds/portable buildings are out of scope. No website or email found.",https://www.chamberofcommerce.com/business-directory/texas/edinburg/shed-builder/2006418244-las-casitas-buildings https://www.mapquest.com/us/texas/las-casitas-400351894
IC-88122,closed,,,,,,,yes,"Excel Homes of Virginia (formerly Mod-U-Kraf) at 260 Weaver St closed in May 2016 when parent Innovative Building Systems went bankrupt (Franklin News-Post, Roanoke Times); in 2025 Franklin County took an option from Champion Modular to buy the former Mod-U-Kraf facility for a career and technical education center and public safety use.",https://thefranklinnewspost.com/news/article_24a2500c-16d4-11e6-b057-8f6249904016.html https://smithmountainlake.com/news/local/rocky-mount-modular-home-building-company-could-be-bought-manager-hopes/article_42ee443c-78d4-50c5-8243-f1ab040743be.html https://www.newsbreak.com/news/3819380574226-franklin-county-board-of-supervisors-approves-option-agreement-for-former-mod-u-kraf-facility
IC-88190,in_scope,,Wood Volumetric Modular,https://virginiahomesofboydton.com,4347386807,loydking@virginiahomesofboydton.com,142 Virginia Homes Lane,yes,"IC confirmed: company site says homes are built in its climate-controlled factory at 142 Virginia Homes Lane, Boydton (since 1969), to the state residential code; leaf Wood Volumetric Modular confirmed. Website updated to virginiahomesofboydton.com; phone (434) 738-6807 confirmed; email is the general manager's company address (no generic info@ published).",https://virginiahomesofboydton.com/
IC-89495,in_scope,,Wood Volumetric Modular,https://huntingtonhomesvt.com,8024793625,,344 Fassett Rd,yes,"IC confirmed: company site says homes are built indoors in its 100,000 sq ft shop at the East Montpelier main office/manufacturing facility; Wood Volumetric Modular confirmed. Website and phone found on company site; no email published (contact form only).",https://huntingtonhomesvt.com/contact-us/ https://huntingtonhomesvt.com/
IC-91167,in_scope,,Wood Volumetric Modular,https://wisconsinhomesinc.com,7153842161,,425 West McMillan Street,yes,IC confirmed: Wisconsin Homes builds modular homes and offers factory tours at its Marshfield plant; Wood Volumetric Modular confirmed. Website and phone confirmed on company contact page; no email published (contact form only).,https://www.wisconsinhomesinc.com/contact https://www.wisconsinhomesinc.com/
IC-92527,in_scope,,,https://www.integratedmetal.com,8636874110,info@integratedmetal.com,2923 Old Tampa Highway,yes,"ADM Manufacturing, LLC shares 2923 Old Tampa Highway, Lakeland with Integrated Metal Products (current email is CEO Wayne Albritton's integratedmetal.com address), whose site describes it as a 'Manufacturer of Mobile and Modular Buildings' fabricated off-site in metal - IC confirmed; steel leaf left as-is (consistent, no explicit framing statement). Website, phone 863.687.4110 and email info@integratedmetal.com taken from Integrated Metal's site; consider renaming the row to Integrated Metal Products.",https://www.integratedmetal.com/ https://www.integratedmetal.com/modular-buildings/
IC-92541,in_scope,,Steel Volumetric Modular,http://www.mssi.us,2566232338,sales@mssi.us,1741 Main St,yes,"Company site confirms Maximum Security Systems fabricates modular steel detention cells at 1741 Main St, Fyffe; Steel Volumetric Modular leaf confirmed. Website, phone and email (sales@mssi.us) found on company site.",http://www.mssi.us/
IC-92568,closed,,,,,,,yes,"Georgia Secretary of State lists both ARABI HOMES, INC. entities (J519285, K312015) as Admin. Dissolved, and 113 Industrial Blvd, Arabi is now occupied by Chem Meherrin / Meherrin Ag (farm chemicals/supplies); no operating modular plant found. State GA.",https://ecorp.sos.ga.gov/BusinessSearch https://www.mapquest.com/us/georgia/chem-meherrin-467402020 https://al.ltddir.com/companies/arabi-homes-inc/
IC-92574,closed,,,,,,,yes,"Arthur Industries (modular office buildings, South Main St, Terryville/Plymouth CT; row phone 203-582 is that area) is gone: its South Main Street building had been vacant since 1991 when American Modular Corp took it over in 1998 (Hartford Courant), and its MA foreign registration is Involuntary Revocation. The row street 1610 Ashley Rd belongs to an unrelated Arthur Industries in Hoffman Estates IL. No contact fields asserted.",https://www.courant.com/1998/08/06/company-takes-over-building/ https://www.bizapedia.com/ma/arthur-industries-inc.html https://www.bizapedia.com/vt/arthur-industries.html https://www.chamberofcommerce.com/united-states/illinois/hoffman-estates/salvage-yard/41324382-arthur-industries-inc
IC-92587,closed,,,,,,,yes,"Hopeman Brothers (marine joiner / ship-interior maker, parent AWH Corp) has not operated since selling its shipbuilding assets in 2003 and filed Chapter 11 in 2024 as a no-operations asbestos debtor with no employees; 155 Sunnynoll Ct, Winston-Salem is a suite office (AWH Corp listing), not a plant. Also never a building-module maker. No contact fields asserted.",https://elevenflo.com/blog/hopeman-brothers-bankruptcy https://sheet-metal-wholesalers.cmac.ws/awh-corp/1107/
IC-92595,closed,,,,,,,yes,"BBC Manufactured Buildings, Inc. (FL corp 199822, filed 1957; made small buildings for housing banking equipment, OSHA record in Clearwater FL, matching the 813 phone) is INACTIVE, administratively dissolved for annual report 10/09/1992; its Georgia foreign registration is also admin dissolved. 520 Palmer Rd, Rockwell NC is listed as BBC Distribution, a mobile-home parts wholesaler. No contact fields asserted.",https://search.sunbiz.org/Inquiry/CorporationSearch/SearchResultDetail?inquirytype=EntityName&directionType=Initial&searchNameOrder=BBCMANUFACTUREDBUILDINGS%201998222&aggregateId=domp-199822-56e12e15-7c59-4513-931d-7bc6695c6f5f&searchTerm=BBC%20MANUFACTURED&listNameOrder=BBCMANUFACTUREDBUILDINGS%201998222 https://www.bizapedia.com/ga/bbc-manufactured-buildings-inc.html https://trademarks.justia.com/owners/bbc-manufactured-buildings-inc-303248/ https://www.buzzfile.com/business/BBC-Distribution-Corp.-704-209-0862
IC-92597,duplicate,IC-94695,Wood Volumetric Modular,https://americanmodulartechnologies.com,3366226200,info@americanmodulartechnologies.com,6306 Old 421 Road,yes,"Same plant as IC-94695 (American Modular Technologies, 6306 Old 421 Road, Liberty, NC): AMT's site states Beaman Corporation is now American Modular Technologies. AMT designs and manufactures commercial modular buildings (QSR, c-stores), so Wood Volumetric Modular fits better than IC-94695's HUD Modular. Website, phone 336-622-6200 and info@ email found; this row's 903 phone is stale. Note the AMT site footer reads 'Copyright 2008', so current operation is not freshly confirmed.",https://americanmodulartechnologies.com/index.htm https://americanmodulartechnologies.com/contactus.htm
IC-92601,closed,,,,,,,yes,"Besteel Industries Inc (Irvine CA; Besteel division at 3421 N Sylvania Ave, Fort Worth TX, matching the row 817 phone) is defunct: its Florida foreign registration 828796 is INACTIVE, administratively dissolved 10/09/1992, and its CA and NM contractor licences expired in 1996. No contact fields asserted.",https://search.sunbiz.org/Inquiry/CorporationSearch/SearchResultDetail?inquirytype=EntityName&directionType=Initial&searchNameOrder=BESTEELINDUSTRIES%208287961&aggregateId=forp-828796-0a489c47-b65d-4d78-a812-bf69246bbf5f&searchTerm=BESTEEL%20INDUSTRIES&listNameOrder=BESTEELINDUSTRIES%208287961 https://www.buildzoom.com/contractor/besteel-industries-inc-nm https://www.buildzoom.com/contractor/besteel-industries-inc
IC-92605,closed,,,,,,,yes,"BGP Buildings, Inc. (Live Oak FL; 386 phone) is INACTIVE in Florida corporate records, administratively dissolved for annual report on 09/16/2005 with no annual reports filed; 2005 news describes it as a small business that constructs portable buildings (sheds, which would also be not IC). No contact fields asserted.",https://search.sunbiz.org/Inquiry/CorporationSearch/SearchResultDetail?inquirytype=EntityName&directionType=Initial&searchNameOrder=BGPBUILDINGS%20P040001215730&aggregateId=domp-p04000121573-9aa235bd-34ad-4d06-8742-507cc9ab8cd8&searchTerm=BGP%20BUILDINGS&listNameOrder=BGPBUILDINGS%20P040001215730 https://valdostadailytimes.com/2005/12/21/lafayette-county-receives-200000-for-industrial-park-expansion/
IC-92619,closed,,,,,,,yes,"Boxvana (luxury tiny-home maker) officially vacated its Honey Branch Industrial Park building in Debord KY on May 5, 2023 after Chapter 11 and the EDA's lease rejection; the county has re-listed the building. Products were tiny homes, so not a modular plant in any case. No current contact data for this site.",https://mountaincitizen.com/2023/05/17/boxvana-saga-concludes/ https://mountaincitizen.com/2022/10/26/eda-rejects-boxvana-lease/
IC-92625,not_found,,,,5123693525,,,yes,"Brodie Modular's Facebook says its homes are built in a factory in Austin and directories list 4400 Supply Ct (Suite 100, ~6 employees), but brodiemodular.com does not load and no current page confirms the plant is operating; leaf Wood Volumetric Modular plausible but unconfirmed. Directory phone 512-369-3525 found (existing 832 number not seen anywhere); no website or email confirmed.",https://www.facebook.com/Brodie-Modular-102100798869668/ https://www.chamberofcommerce.com/business-directory/texas/austin/home-builder/2013256422-brodie-modular https://contactout.com/company/Brodie-Modular-LLC-16091
IC-92628,duplicate,IC-94705,,,,,,yes,"Duplicate: 'Builder Modules #2 Brazil' at 8002 SR 59 N, Brazil is the same Builder Modules LLC / Home Nation site as IC-94705 (8002 IN-59, same 574-202-7070 phone). Whether a module plant actually operates there is unresolved (address is Home Nation's display lot) - see IC-94705.",https://www.skylinehomes.com/retailers/in/brazil/home-nation https://homenation.com/blog/about-builder-modules
IC-92634,closed,,,,,,,yes,"Row phone 910-277 is Butler Manufacturing Laurinburg NC (13421 Rocky Ford Rd, PEMB components). Border Belt reports Butler Manufacturing and BlueScope Buildings are among Scotland County plants that have closed since 2000; BlueScope Buildings (Butler parent) locations page no longer lists Laurinburg, and the address now shows a pallet maker. No contact fields asserted.",https://borderbelt.org/laurinburg-nc-grapples-with-st-andrews-closure/ https://bluescopebuildings.com/locations/ https://start.cortera.com/company/research/m1n2ktj0l/edwards-wood-products-inc/ https://www.hotfrog.com/company/1099433572790272/butler-manufacturing-co/laurinburg/building-materials-and-equipment
IC-92635,duplicate,IC-62172,Pre-Engineered Metal Building,https://www.butlermfg.com,8169685700,,13500 Botts Rd,yes,"Row phone 816-968-5700 is Butler Manufacturing (BlueScope Buildings) at 13500 Botts Rd, Grandview MO, the same site as IC-62172 (Butler Manufacturing, 13500 Botts Road). Leaf corrected to Pre-Engineered Metal Building (steel building systems). Website and phone found; no email. Owner note: BlueScope lists the Grandview site as Research, not manufacturing, so IC-62172 itself may not be a plant.",https://bluescopebuildings.com/locations/ https://www.butlermfg.com/
IC-92643,closed,,,,,,,yes,"Cardinal Industries (Columbus OH modular maker; phone 407-321 is Sanford FL) filed Chapter 11 in 1989; the former Cardinal Industries manufacturing plant in Sanford was sold in 1995 to a car-auction company (Orlando Sentinel), and WESH reports the plant has been closed for years. FL foreign registration 832772 is inactive (withdrawn). No contact fields asserted.",https://www.orlandosentinel.com/1995/06/02/old-housing-plant-to-auction-autos/ https://www.wesh.com/article/investigation-underway-after-warehouse-fire-in-sanford/4449953 https://search.sunbiz.org/Inquiry/CorporationSearch/SearchResultDetail?inquirytype=EntityName&directionType=Initial&searchNameOrder=CARDINALINDUSTRIES%208327720&aggregateId=forp-832772-ab32b1b3-6dd0-4f53-ac4f-2c29193e3da6&searchTerm=CARDINAL%20INDUSTRIES&listNameOrder=CARDINALINDUSTRIES%208327720
IC-92647,duplicate,IC-00506,HUD Modular,,,,601 County Highway 69,yes,"FL modular registry entry 'Cavalier Home Builders - Winfield' (expired 2009, Winfield 205-487 phone) is Cavalier's Winfield AL HUD-code plant at 601 County Highway 69, already in golden as IC-00506 (Cavalier Mfg. Buccaneer Homes Plant 3 Div.); current operating status not confirmed. Leaf corrected to HUD Modular; no website or new email found.",https://www.floridabuilding.org/mb/mb_org_srch.aspx https://www.whereorg.com/cavalier-home-builders-iii-23000040 https://www.factoryregistry.com/facility/al/winfield/cavalier-mfg-buccaneer-homes-plant-3-div-110000604891
IC-92649,not_ic,,,,,,,yes,"17645 County Road 41, Addison (this row's address, same 256-747-1575 line) is now Clayton Park Models, whose Addison facility 'only builds park models, nothing else' (ANSI park-model RVs, excluded by the owner's scope ruling); Cavalier's FL modular listing for 'Addison 2' expired in 2009. Category moot; no contacts asserted.",https://claytonparkmodels.com/about/ https://claytonparkmodels.com/contact/ https://www.floridabuilding.org/mb/mb_org_srch.aspx https://frvca.growthzoneapp.com/supplier-list/Details/clayton-park-models-3883474
IC-92653,duplicate,IC-23806,HUD Modular,https://www.cavcohomes.com,,,250 R W Bryant Road,yes,"250 RW Bryant Rd is Cavco's Moultrie, GA HUD-code plant (city Moultrie, not Martinsville), the same plant as IC-23806 'Cavco Moultrie-inactive' row; the plant is operating per Cavco's site and holds accepted 2023 FL Manufactured Buildings plans. Leaf corrected to HUD Modular; website found.",https://www.cavcohomes.com/moultrie https://members.gmha.com/directory/Details/cavco-of-moultrie-1200613 https://www.floridabuilding.org/mb/mb_plan_srch.aspx https://www.manufacturedhomes.com/manufacturer/2693/cavco-moultrie/moultrie/ https://html.duckduckgo.com/html/?q=Cavco+Moultrie+Georgia+plant+address
IC-92664,closed,,,,,,,yes,"Centennial Industries (contact Dan Dodrill, 813 phone) had its FL modular manufacturer application denied, and Florida's corporate registry shows Centennial Industries, Inc. (Daniel W. Dodrill, Ft. Myers) administratively dissolved in 1992. The row's '1000 Aullwood Road' is a Dayton, OH address with no link to the company. No website or email found.",https://search.sunbiz.org/Inquiry/CorporationSearch/SearchResultDetail?inquirytype=EntityName&directionType=Initial&searchNameOrder=CENTENNIALINDUSTRIES%20J729770&aggregateId=domp-j72977-4bf94e2d-7649-47d2-bad9-c158d05ded01&searchTerm=CENTENNIAL%20INDUSTRIES&listNameOrder=CENTENNIALINDUSTRIES%208362350 https://www.floridabuilding.org/mb/mb_org_srch.aspx
IC-92665,closed,,,,,,,yes,"Center View Homes, LLC (contact Donny Pitts, Adel GA 229-896 phone) let its FL modular manufacturer approval expire in 2007, and the Georgia Secretary of State lists the LLC as Admin. Dissolved. No website found; category unverifiable.",https://ecorp.sos.ga.gov/BusinessSearch https://www.floridabuilding.org/mb/mb_org_srch.aspx
IC-92667,not_found,,,https://cmc-cms.com,3867407600,info@CMSModular.com,1309 E. International Speedway Blvd.,yes,"Company site (dated, image-only) calls CMS 'manufacturers and developers of modular multi-family and two-family housing' and lists 1309 E. International Speedway Blvd, DeLand, but no page confirms a currently operating plant at that address (Sunbiz-derived listing shows 201 S. Amelia Ave as principal office), so IC status left undecided. Steel Volumetric leaf unsupported - the apartment page describes single-story Florida-code modular units (likely wood); not changed without a framing statement. Website, phone and email info@CMSModular.com found (email corrects cmc7600@cfl.rr.com).",https://www.cmc-cms.com/contact.html https://cmc-cms.com/index.html https://www.cmc-cms.com/apartment.html
IC-92668,closed,,,,,,,yes,"Certified Building Specialties, Inc. (officer Allen Blenden, RA Ronald Chaffin, 9660 NW 77 Ave, Hialeah Gardens) was administratively dissolved in 2005 per Florida's corporate registry; its FL modular approval expired 2005, and the same address and people ran Sheds America, a shed retailer. Not an operating IC plant; no website found.",https://search.sunbiz.org/Inquiry/CorporationSearch/SearchResultDetail?inquirytype=EntityName&directionType=Initial&searchNameOrder=CERTIFIEDBUILDINGSPECIALTIES%20P990000223070&aggregateId=domp-p99000022307-209603f5-6d33-4f07-9f0a-6a4ddd910c9b&searchTerm=CERTIFIED%20BUILDING%20SPECIALTIES&listNameOrder=CERTIFIEDBUILDINGSPECIALTIES%20P990000223070 https://www.floridabuilding.org/mb/mb_org_srch.aspx https://www.buzzfile.com/business/Sheds-America-305-817-2600 https://www.yellowpages.com/hialeah-fl/sheds-america-inc
IC-92674,closed,,,,,,,yes,"Champion Modular Restaurant Co. was Checkers Drive-In's Clearwater modular-restaurant factory, which Checkers closed in 2000 for lack of demand (Tampa Bay Times); its Florida corporations are inactive (merged) and its FL modular application was denied. No website or email.",https://www.tampabay.com/archive/2002/10/18/checkers-changes-promote-efficiency/ https://search.sunbiz.org/Inquiry/CorporationSearch/SearchResultDetail?inquirytype=EntityName&directionType=Initial&searchNameOrder=CHAMPIONMODULARRESTAURANT%20S811401&aggregateId=domp-s81140-2316a3b3-234f-4729-ad08-406e40b7ca95&searchTerm=CHAMPION%20MODULAR%20RESTAURANT&listNameOrder=CHAMPIONMODULARRESTAURANT%20L711320 https://www.floridabuilding.org/mb/mb_org_srch.aspx
IC-92682,not_found,,,,8637358830,,3966 US Highway 17 S,yes,"Only directories found: a business at 3966 US Hwy 17 S, Zolfo Springs (phone matches), sharing the address with Custom Craft Modulars Inc; no company site, no current FL Manufactured Buildings plans, so plant operation and product could not be confirmed. Category unverified; no website or email found.",https://www.merchantcircle.com/classic-modular-structures-zolfo-springs-fl https://www.bizapedia.com/addresses/3966-hwy-17-s-zolfo-springs-fl-33890.html https://www.floridabuilding.org/mb/mb_plan_srch.aspx
IC-92684,not_found,,,,,,44073 US Highway 52 N,yes,"Map/directory listings still show 'Clayton Homes Manufacturing Plant' at 44073 US Highway 52 N, New London (phone 704-463-1341, the current value) described as producing manufactured homes, but no Clayton page confirms the plant or its current status; Clayton's nearby Richfield plant (304 E Church St) is a separate site. If confirmed the leaf should be HUD Modular. No website or email found specific to this plant.",https://www.mapquest.com/us/north-carolina/clayton-homes-manufacturing-plant-411354796 https://www.commerce.nc.gov/news/press-releases/2023/08/22/governor-cooper-announces-home-builder-will-create-263-jobs-new-facility-stanly-county
IC-92687,not_ic,,,,,,,yes,"5000 Clayton Road, Maryville is Clayton Homes' corporate home office (Clayton Built contact page: 'Home office Mailing address 5000 Clayton Road'; NC MHA lists it as 'Clayton Homes Corporate Office'), not a home building facility; Clayton's East Tennessee plants are separate rows/locations. Office phone (865) 380-3000.",https://www.claytonbuilt.com/contact-us https://members.nc-mha.org/active-member-directory/Details/clayton-homes-corporate-office-3630152
IC-92700,not_ic,,,,,,,yes,"Not IC: Colcraft, Inc. at 605 N 2nd St, Stillmore is a portable-building (shed) maker retailing through lawn/garden/farm dealers; portable buildings are out of scope per owner ruling. Stored phone 9155624497 is a typo of (912) 562-4497 and the myfloridallicense email is not the company's; no website found.",https://www.chamberofcommerce.com/united-states/georgia/stillmore/roofing-contractor/10333253-colcraft-portable-buildings https://www.facebook.com/p/Colcraft-Inc-100054248751738/
IC-92705,duplicate,IC-94147,,,,,,yes,"Same plant as IC-94147: 505 N Interstate 35 East, DeSoto is now Palomar Modular Buildings' manufacturing facility (Palomar contact page), Comark's NC registration is revoked, and Palomar's president was Comark's VP of manufacturing; the Comark name is the plant's former operator. Contacts for the plant (469-727-0727, info@palomarmodular.com, palomarmodular.com) belong on IC-94147; the Comark email/phone on this row are stale.",https://palomarmodular.com/contact/ https://nccompanies.com/company/0749818/comark-building-systems-inc.html https://muraena.ai/profile/john_martin_86d8a4eb
IC-92706,not_found,,,,,,,yes,"Commercial Modular Systems Inc. (est. 1990) was registered at 881 Pennsylvania Ave, Hagerstown MD (CAGE record, last updated 2015; listed as prefab/modular buildings); its FL modular application was denied, and the building is now marketed as vacant industrial space for lease/sale. Could not confirm current operation or product; no website or email. Directory phone 301-293-3550 differs from the row's 301-293-7377 (not asserted).",https://cage.report/CAGE/0KR31 https://www.a-zbusinessfinder.com/business-directory/Commercial-Modular-Systems-Inc-Hagerstown-Maryland-USA/13234846/ https://www.crexi.com/lease/properties/1071014/maryland-881-penn-ave https://www.floridabuilding.org/mb/mb_org_srch.aspx
IC-92707,closed,,,,,,,yes,"'Commercial Modular, Inc.' (contact Paul Curl, Plant City 813-759 phone) had its FL modular application denied; Florida's corporate registry shows Commercial Modulars, Inc. (director Paul Curl, 3404 E Highway 92, Plant City) administratively dissolved in 1996. No website or email found.",https://search.sunbiz.org/Inquiry/CorporationSearch/SearchResultDetail?inquirytype=EntityName&directionType=Initial&searchNameOrder=COMMERCIALMODULARS%20P940000278020&aggregateId=domp-p94000027802-a0902c51-3540-4ed1-9a50-86acc39ad1e4&searchTerm=COMMERCIAL%20MODULAR&listNameOrder=COMMERCIALMODULARCONSTRUCTION%20P240000274830 https://www.floridabuilding.org/mb/mb_org_srch.aspx
IC-92708,not_found,,,,,,,yes,"Only trace is a denied FL modular manufacturer application (contact Wayne Raulerson, 813-858-8655); no corporate record, website, plant address or product description found. IC status, category and contacts unverifiable.",https://www.floridabuilding.org/mb/mb_org_srch.aspx
IC-92713,not_found,,,,,,,yes,"3322 Mennonite School Rd, Montezuma is listed for Overholt Metal Sales and Yoder's Storage Buildings (portable storage sheds), not a modular plant; consolidatedbuildings.com is a blank hosting placeholder and no current FL plans exist. Probably a shed/portable-building maker, but not proven for this company; no contact data found.",https://www.mapquest.com/us/georgia/overholt-metal-sales-537249680 https://www.facebook.com/yodersstoragebuildings/posts/1138413038291022/ https://consolidatedbuildings.com/
IC-92722,closed,,,,,,,yes,"Craftmade Homes (Sylvester, GA; phone 229-776-2667 matches this row) is Admin. Dissolved per the Georgia Secretary of State (older Craftmade Homes, Incorporated also Dissolved), and the row's address 12805 SE US Hwy 441, Belleview, FL is the Factory Direct Homes manufactured-home sales lot, not a plant. No operating Craftmade plant found.",https://ecorp.sos.ga.gov/BusinessSearch https://www.mapquest.com/us/florida/factory-direct-homes-491378369 https://factorydirecthomes.com/buying-a-manufactured-home/
IC-92725,not_found,,,,,,,yes,"Could not confirm a plant at County Rd 44, Haleyville: Crimson Industries was a HUD manufactured-home maker (TX TDHCA records name 'Plant II, Hwy 5 South Industrial Park, Haleyville') that filed bankruptcy in 2000 (N.D. Ala. 00-72372); no current website, phone or email found. Likely defunct but evidence is not strong enough for a removal; if it existed the leaf would be HUD Modular.",https://www.plainsite.org/courts/alabama-northern-bankruptcy-court/crimson-industries-inc/hqgzcedg/ https://rpnet-prod.tdhca.state.tx.us/CRviewer/CRView.aspx?ReportName=mh%5Chome_detail_external.rpt&SelectionString=%7BVW_SOL_HOME.SOL_ID%7D%3D2529756&DBname=MH
IC-92726,not_found,,,,2298687952,,,yes,"Directories list Crossroads Homes Inc at 851 E Willow Creek Ln, McRae as a maker of prefabricated wooden modular and manufactured homes, phone (229) 868-7952 (matches), but no company site or current source confirms an operating plant; no current FL plans. Leaf unconfirmed (could be HUD); no website/email found.",https://www.macraesbluebook.com/search/company.cfm?company=765909 https://start.cortera.com/company/research/k3s8oxm1p/crossroads-homes-inc/
IC-92732,not_found,,,,,,Sardis Road off Hwy 41 North,yes,"Custom Mobile Builders, Inc. is an Alabama corporation (Winston County, 1986, status 'Exists') whose only plant record is a 1988 OSHA woodworking inspection at Sardis Road off Hwy 41 North, Addison (the same road as Cavalier's former plant, IC-00516); its FL modular application was denied. Current operation and product unconfirmed; no website or email.",https://safetyrecord.org/company/custom-mobile-builders-inc-addison-al https://al.ltddir.com/companies/custom-mobile-builders-inc/ https://www.floridabuilding.org/mb/mb_org_srch.aspx
IC-92734,closed,,,,,,,yes,"Custom Modular Solution, Inc. (Baxley GA, 912-367-9755; wood prefab plant at 818 E. Parker St per a 1995 OSHA record) is listed by the Georgia Secretary of State as Admin. Dissolved, and both FL modular applications were denied. IC-92735 is the same company (same phone). No website or current contacts.",https://ecorp.sos.ga.gov/BusinessSearch https://www.floridabuilding.org/mb/mb_org_srch.aspx https://safetyrecord.org/company/custom-modular-solutions-inc-baxley-ga
IC-92735,closed,,,,,,,yes,"Custom Modular Solutions, Inc (Baxley GA, 912-367-9755; wood prefab plant at 818 E. Parker St per a 1995 OSHA record) is listed by the Georgia Secretary of State as Admin. Dissolved, and both FL modular applications were denied. IC-92734 is the same company (same phone). No website or current contacts.",https://ecorp.sos.ga.gov/BusinessSearch https://www.floridabuilding.org/mb/mb_org_srch.aspx https://safetyrecord.org/company/custom-modular-solutions-inc-baxley-ga
IC-92738,not_found,,,,8137522422,,2404 Airport Rd,yes,"D & F Construction, Inc. (William L. Dean, 2404 Airport Rd, Plant City; same 813-752-2422 line) is an active Florida corporation listed in directories as a general contractor; its FL modular manufacturer application was denied and no plant or factory-built product was found. Probably a site contractor, but there is no removal-grade evidence. Address filled; no website or email.",https://search.sunbiz.org/Inquiry/CorporationSearch/SearchResultDetail?inquirytype=EntityName&directionType=Initial&searchNameOrder=DFCONSTRUCTION%20K163750&aggregateId=domp-k16375-e5ac3146-1372-417f-8d6c-f5685767dfad&searchTerm=D%20AND%20F%20CONSTRUCTION&listNameOrder=DFCONSTRUCTION%206202380 https://www.chamberofcommerce.com/united-states/florida/plant-city/general-contractor/3096867-d-f-construction https://www.floridabuilding.org/mb/mb_org_srch.aspx
IC-92739,not_found,,,,,,,yes,"Unresolved: Dallman Industrial Corporation (7676 Zionsville Rd, Indianapolis, est. 1984) appears to be a contractor/fabricator (patents for ATM security kiosks, inactive KY contractor licence) with no evidence it builds volumetric modules; directories list 317-613-1300 and www.dallmancorp.com, but that site would not load, so IC status and category could not be verified. No email found.",https://www.hotfrog.com/company/1099433758179328/dallman-industrial-corporation/in/design-and-architecture https://patents.justia.com/assignee/dallman-industrial-corporation https://www.buildzoom.com/contractor/dallman-industrial-corporation
IC-92742,not_ic,,,,,,,yes,"Florida's manufactured-buildings registry lists 'De Soto County School District of' as Org Type 'School District' (status Inactive): a school district that buys or owns modular classrooms, not a manufacturer.",https://www.floridabuilding.org/mb/mb_org_srch.aspx
IC-92747,not_ic,,,,,,,yes,"The FL registry entry is literally 'Dekalb Conc.Products,Inc.(Home Office)' (Little Rock 501 phone, application denied), listed separately from the company's plant entries (Decatur, Eastanollee, Green Cove Springs). It is a head office, not a plant, and the company makes precast concrete, not wood modules.",https://www.floridabuilding.org/mb/mb_org_srch.aspx https://www.bizapedia.com/us/dekalb-concrete-products-inc.html
IC-92750,not_found,,,,9124875301,,,yes,"Design Space Inc. (commercial modular offices/classrooms, factories in Douglas, Homerville and McRae) has been acquired by Mobile Modular (McGrath RentCorp); no source confirms the Homerville plant still operates at 4153 Bypass Rd (directories show 100 Industrial Blvd and 446 Sweat St). Likely Relocatable Modular, not changed without a plant page; directory phone (912) 487-5301 matches.",https://www.mobilemodular.com/design-space-modular https://www.linkedin.com/company/design-space-incorporated https://citysquares.com/b/design-space-inc-5072182
IC-92752,duplicate,IC-23806,HUD Modular,https://cavcohomes.com,2299856200,,250 R. W. Bryant Road,yes,"Same Moultrie plant as IC-23806 (Cavco Manufacturing / Cavco Moultrie, 250 RW Bryant Rd): the Destiny/Oakwood P.O. 2947 row (GMHA lists Cavco of Moultrie's mailing address as P.O. Box 2947, Moultrie 31776). Cavco's site says Destiny Homes is now Cavco - Moultrie, building HUD-code manufactured homes, so the leaf is HUD Modular, not Wood Volumetric. Website and current phone found; no email published. Note IC-23806's name says 'inactive' but the plant is operating per Cavco and the Moultrie chamber.",https://www.cavcohomes.com/moultrie https://business.moultriechamber.com/list/member/cavco-moultrie-143.htm https://members.gmha.com/directory/Details/cavco-of-moultrie-1200613
IC-92753,duplicate,IC-23806,HUD Modular,https://cavcohomes.com,2299856200,,250 R. W. Bryant Road,yes,"Same Moultrie plant as IC-23806 (Cavco Manufacturing / Cavco Moultrie, 250 RW Bryant Rd): Destiny Industries Plant I (Rte 6 Box 241-C Pavo Road, old 912-985-6100 line). Cavco's site says Destiny Homes is now Cavco - Moultrie, building HUD-code manufactured homes, so the leaf is HUD Modular, not Wood Volumetric. Website and current phone found; no email published. Note IC-23806's name says 'inactive' but the plant is operating per Cavco and the Moultrie chamber.",https://www.cavcohomes.com/moultrie https://business.moultriechamber.com/list/member/cavco-moultrie-143.htm https://members.gmha.com/directory/Details/cavco-of-moultrie-1200613
IC-92754,duplicate,IC-23806,HUD Modular,,,,,yes,"Destiny Industries ran a single plant in Moultrie, GA, acquired by Cavco in 2019 (Cavco press release); the old 'Plant II' FL registry entry (denied, same 912-985 exchange) is that Moultrie operation, which is in golden as IC-23806 (Cavco Moultrie, 250 RW Bryant Rd). Leaf corrected to HUD Modular (mainly manufactured homes, some modular). No new contacts.",https://blog.cavcohomes.com/cavco-industries-announces-closing-of-acquisition-of-destiny-homes/ https://www.floridabuilding.org/mb/mb_org_srch.aspx
IC-92755,duplicate,IC-23806,HUD Modular,https://cavcohomes.com,2299856200,,250 R. W. Bryant Road,yes,"Same Moultrie plant as IC-23806 (Cavco Manufacturing / Cavco Moultrie, 250 RW Bryant Rd): Destiny Industries Plant III (Rte 6 Box 241-C Pavo Road, 912-985-6200 = today's 229-985-6200). Cavco's site says Destiny Homes is now Cavco - Moultrie, building HUD-code manufactured homes, so the leaf is HUD Modular, not Wood Volumetric. Website and current phone found; no email published. Note IC-23806's name says 'inactive' but the plant is operating per Cavco and the Moultrie chamber.",https://www.cavcohomes.com/moultrie https://business.moultriechamber.com/list/member/cavco-moultrie-143.htm https://members.gmha.com/directory/Details/cavco-of-moultrie-1200613
IC-92760,not_ic,,,,,,,yes,"320 Hennein Berry Rd (Greensburg, KY) is Dura-Built, LLC, a maker of portable wood storage buildings, sheds and agricultural products sold through dealers. Sheds/portable buildings are excluded by the owner's scope ruling (the FL listing 'Durabuilt Portable Buildings' expired in 2006).",http://www.durabuiltllc.com/ https://www.chamberofcommerce.com/united-states/kentucky/greensburg/general-contractor/2004811440-dura-built https://www.manta.com/c/mmly1gt/dura-built-llc https://www.floridabuilding.org/mb/mb_org_srch.aspx
IC-92764,closed,,,,,,,yes,"E.M. Enterprises Modular Structures (Haines City, 863-421-6182) let its FL approval expire in 2005. Its corporations are administratively dissolved per Florida's registry: E.M. Enterprises Modular Division, Inc. in 2001 and EME Modular Structures, Inc. in 2014. The ememodular.com domain now belongs to an unrelated Spanish tiny-house firm. No current contacts.",https://search.sunbiz.org/Inquiry/CorporationSearch/SearchResultDetail?inquirytype=EntityName&directionType=Initial&searchNameOrder=EMEMODULARSTRUCTURES%20P970000586980&aggregateId=domp-p97000058698-a816faad-36c5-4e7b-adc6-91394c030801&searchTerm=EME%20MODULAR&listNameOrder=EMEMODULARSTRUCTURES%20P970000586980 https://search.sunbiz.org/Inquiry/CorporationSearch/SearchResultDetail?inquirytype=EntityName&directionType=Initial&searchNameOrder=EMENTERPRISESMODULARDIVISION%203619482&aggregateId=domp-361948-87569f3b-e2dd-49b5-bcdc-d37c2baa06af&searchTerm=E.M.%20ENTERPRISES%20MODULAR&listNameOrder=EMENTERPRISESMODULARDIVISION%203619482 https://www.floridabuilding.org/mb/mb_org_srch.aspx https://www.allbiz.com/business/eme-modular-structures-inc_2a-863-421-6182 https://ememodular.com/sobre-eme/
IC-92768,not_found,,,,,,,yes,"No website, listing or registry page found for Eco Sheds, Inc. at 5120 75th Rd, Live Oak; searches return only unrelated shed dealers and Facebook Marketplace 'Eco Shed' storage-shed ads. The name suggests a shed/portable-building maker (likely not IC), but evidence is insufficient to remove. No contact data found.",https://html.duckduckgo.com/html/?q=%22Eco%20Sheds%2C%20Inc%22%20Florida https://www.facebook.com/marketplace/item/1310262097096912/
IC-92777,closed,,,,,,,yes,"Endure-A-Lifetime Products (Miami-based maker of relocatable booths/offices and honeycomb panels; this row's phone 305-885-9901) has only a federal CAGE record at 906 Beasley St, Blairsville; that address is now occupied by Panel Built, Inc. (already in golden as IC-94029/IC-30953/IC-33556), and no current Endure operation was found. State GA.",https://www.wbparts.com/cage-details.cfm?cage=55043 https://www.superpages.com/blairsville-ga/bpp/panel-built-531844098 https://www.macraesbluebook.com/search/company.cfm?company=311770
IC-92790,not_ic,,,,,,,yes,"Florida's manufactured-buildings registry lists Evans-Hughes Code Inspections, Inc as Org Type 'Third Party Agency' (an approved plan-review/inspection agency, MUR15753), not a manufacturer.",https://www.floridabuilding.org/mb/mb_org_srch.aspx
IC-92800,not_ic,,,,,,,yes,"No plant: 1311 Canterbury Dr, Fort Myers is a 1951 single-family pool home in the historic district (Zillow, Redfin), and the only trace of FireSafe Modular Buildings is a bare MerchantCircle listing at that address with an AOL email, i.e. a home-based office/sales outfit, not a factory. State FL; no website found.",https://www.zillow.com/homedetails/1311-Canterbury-Dr-Fort-Myers-FL-33901/45545332_zpid/ https://www.redfin.com/FL/Fort-Myers/1311-Canterbury-Dr-33901/home/67927415 https://www.merchantcircle.com/firesafe-modular-buildings-fort-myers-fl
IC-92805,not_ic,,,,,,,yes,"FL Portable Building Manufacturers Association is a trade association (lobbying client represented by the Pennington law firm, whose kcrow@penningtonlawfirm.com email is on the row), not a plant; its counsel's letter to the Florida Building Commission speaks for member manufacturers. Category moot.",https://fminus.org/clients/florida-portable-building-manufacturers-association/ https://www.floridabuilding.org/fbc/commission/FBC_0413/Swimming_Pool/Letter-to-RLorenzo-re-Dec_Statement-32713.pdf
IC-92809,closed,,,,,,,yes,"Lakeland Ledger (Dec 2008) reported Fleetwood was closing its Auburndale facility, its only Florida plant; a 2011 Ledger article says Coca-Cola bought the adjoining Fleetwood mobile home plant, which 'closed in 2009'. Plant at 700 Main St is closed; no contact data asserted (Fleetwood brand now under Cavco).",https://www.theledger.com/story/news/2008/12/02/fleetwood-closing-auburndale-plant/25974053007/ https://www.theledger.com/story/news/2011/10/18/auburndale-agrees-to-sell-land-to-coca-cola/26454566007/
IC-92811,duplicate,IC-95057,HUD Modular,,,,349 E. Railroad St,yes,"Same site as IC-95057 (Fleetwood Homes of NC #41, 349 East Railroad St, Pembroke): the former Fleetwood plant at 349 E. Railroad St is now Champion Home Builders' manufactured-housing production facility, so the leaf should be HUD Modular (as on IC-95057). No contact details for the plant found beyond what IC-95057 holds.",https://www.robesonian.com/news/154427/champion-home-builders-inc-plans-to-invest-up-to-13-2-million-in-a-robeson-county-production-site
IC-92813,closed,,,,,,,yes,"Florida Bridge Corporation (doc P96000011990, 761 Wesley Ave, Tarpon Springs - matches the row's 727-942 exchange) was administratively dissolved on 09/22/2000 per Sunbiz; no later activity found. Category moot; no current contact data exists.",https://search.sunbiz.org/Inquiry/CorporationSearch/SearchResultDetail?inquirytype=EntityName&directionType=Initial&aggregateId=domp-p96000011990-c610a244-32da-4198-8f52-e1a783af535c
IC-92817,not_ic,,,,3184021091,,,yes,"Fortified Building Solutions of NW La at 2974 Hwy 534, Homer LA sells portable buildings, pole barns, metal roofing and lean-tos from a stock lot (""over 60 buildings in stock""): a shed/portable-building seller, not a volumetric modular plant per owner ruling. Facebook phone 318-402-1091 recorded; no website or email found.",https://www.facebook.com/people/Fortified-Building-Solutions-of-NW-La/100063506684898/ https://www.facebook.com/story.php/?story_fbid=1490828776377331&id=100063506684898 https://www.findglocal.com/US/Homer/1664656357176854/Fortified-Building-Solutions-of-NW-La
IC-92822,not_ic,,,,,,,yes,"Fred S. Cardwell PE PLS is an individual civil engineer/surveyor office at 1000 S Belcher Rd, Clearwater (the row's 727-524-1905 number), listed under Engineers Civil - a plan engineer, not a plant. Category moot.",https://411.info/business/Cardwell-Fred-S-Pe-Pls-Clearwater-FL-8130845 https://hubbiz.com/w/cardwell-fred-s-pe-pls-fl
IC-92823,in_scope,,Steel Volumetric Modular,https://freymoss.com,18003666385,fms@freymoss.com,1142 Willow Run Road,yes,"Frey-Moss Structures built a ~100,000 sq ft fabrication plant at 1142 Willow Run Rd, Greensboro (relocating from Conyers, IC-30836); it fabricates steel-framed modular buildings, so leaf changed Wood -> Steel Volumetric Modular. Website, main phone and email found on the company site (no plant-specific line shown).",https://freymoss.com/about/ https://www.lakeoconeenews.us/news/conyers-based-company-moving-greensboro https://www.greensboroga.gov/city-clerk/page/planning-and-zoning-board-public-hearing
IC-92834,not_ic,,,,,,,yes,"G.E. Capital Modular Space/FM was a Fort Myers branch of GE Capital's modular-space rental business (construction site trailers, leasing), sold to Resun in 2007 and renamed ModSpace; Modular Space Corporation withdrew its Florida registration in 2019. A leasing branch, not a plant. Category moot.",https://www.lexpert.ca/big-deals/modular-space-acquires-ge-modular-space-business/346301 https://www.usaypage.com/trailer-renting-leasing-category/pennsylvania-imperial/ge-capital-modular-space-p17723.html https://search.sunbiz.org/Inquiry/CorporationSearch/SearchResultDetail?inquirytype=EntityName&directionType=Initial&aggregateId=forp-p40939-23db90c9-0ec0-4ddf-b964-fdfcac818499
IC-92837,not_ic,,,,,,,yes,"9101 NE Birmingham Rd, Kansas City is a ModSpace (formerly GE Capital Modular Space) rental branch, not a plant: directories list it under Mobile Offices & Commercial Units / Trailer Renting & Leasing with this row's main phone 816-455-3260 and describe ModSpace's 'nationwide branch network'. Leasing branch = not IC per owner ruling.",https://www.superpages.com/kansas-city-mo/bpp/modspace-848188 https://411.info/business/Modspace-Kansas-City-MO-27886816
IC-92841,not_found,,,,,,,yes,"No Florida filing or website found for a Georgia Structures with the row's 912-896 number; the only 'Georgia Structures Inc' found (FMCSA, USDOT 1000905) is an Archadeck deck-building franchise in Woodstock GA (770 area code), not this row. IC status, category and contacts unverified.",https://safer.fmcsa.dot.gov/query.asp?query_type=queryCarrierSnapshot&query_param=USDOT&query_string=1000905 https://www.floridabuilding.org/mb/mb_plan_srch.aspx
IC-92859,closed,,,,,,,yes,"Gulf Shelter Industries, Inc. (doc 292577, Tallahassee - matches the row's 904-656 Tallahassee exchange) was administratively dissolved on 09/28/2012 per Sunbiz; BuildZoom also shows its contractor licence inactive. Category moot; no current contact data exists.",https://search.sunbiz.org/Inquiry/CorporationSearch/SearchResultDetail?inquirytype=EntityName&directionType=Initial&aggregateId=domp-292577-cb963d5e-56c0-4ffb-b72b-6672a99b8b20 https://www.buildzoom.com/contractor/gulf-shelter-industries-inc
IC-92870,not_ic,,,,,,,yes,"Florida DBPR Manufactured Buildings plan search lists only Storage Shed plans for Hawkeye Buildings, LLC (MFT-11082), and its approval letter says it is approved to manufacture Storage Sheds; it is a Premier Portable Buildings shed maker, not IC. Category moot; no contact fields asserted.",https://www.floridabuilding.org/mb/mb_plan_srch.aspx https://ocal.csqrcloud.com/community-etrakit/viewAttachment.aspx?Group=PERMIT&ActivityNo=BLD26-1453&key=EPR%3a26070708500940 https://premierbuildings.us/
IC-92873,not_ic,,,,,,,yes,"9727 Green Park Industrial Dr, St. Louis (same address and phone as this row) is Heartland Industries, a non-profit contract packaging/fulfillment workshop, not a modular plant. Leaf not applicable; no contact fields asserted since the facility should be removed.",https://heartlandindustries.org/contact-us/ https://heartlandindustries.org/
IC-92874,closed,,,,,,,yes,"Heartland Park Homes, Inc. (doc J51972, Arcadia; park-model/mobile home builder) was administratively dissolved on 09/24/2010 per Sunbiz, and the 6192 SW Highway 72 property was sold in 2025. Category moot; no current contact data exists.",https://search.sunbiz.org/Inquiry/CorporationSearch/SearchResultDetail?inquirytype=EntityName&directionType=Initial&aggregateId=domp-j51972-78f1715d-2e0f-4c7d-afe2-e11c97dc5416 https://www.zillow.com/homedetails/6192-SW-Highway-72-Arcadia-FL-34266/336632379_zpid/
IC-92882,closed,,,,,,,yes,"Hi-Tech Building System of Miami, Inc. (doc P93000053273, 8582 NW 70 St, Miami) was administratively dissolved on 08/25/1995 per Sunbiz; the row's 305-599-2826 number now belongs to another business. Category moot; no current contact data exists.",https://search.sunbiz.org/Inquiry/CorporationSearch/SearchResultDetail?inquirytype=EntityName&directionType=Initial&aggregateId=domp-p93000053273-d3df229e-ebd6-49a7-b4d3-224fd4b43d55
IC-92884,not_ic,,,,,,,yes,"Florida's manufactured-buildings registry lists 'Highlands County School District of' as Org Type 'School District' (FBC Organization Number SCH1001, status Inactive): a public school district that buys/owns factory-built classrooms, not a manufacturer. Category moot; no contact data sought.",https://www.floridabuilding.org/mb/mb_org_lst.aspx
IC-92887,closed,,,,,,,yes,"The Hilliman Group, Inc. (doc S62636, 4300 S Sanford Ave, Sanford - matches the row's 407-321 Sanford exchange) was administratively dissolved on 09/15/2006 per Sunbiz. Category moot; no current contact data exists.",https://search.sunbiz.org/Inquiry/CorporationSearch/SearchResultDetail?inquirytype=EntityName&directionType=Initial&aggregateId=domp-s62636-88b44441-30e6-488c-a6b5-f53a338f1adb
IC-92890,not_ic,,,,,,,yes,"Florida's manufactured-buildings registry lists 'Holmes County School District of' as Org Type 'School District' (FBC Organization Number SCH6539, status Inactive): a public school district that buys/owns factory-built classrooms, not a manufacturer. Category moot; no contact data sought.",https://www.floridabuilding.org/mb/mb_org_lst.aspx
IC-92891,closed,,,,,,,yes,"Home Building Investment Company (doc L11616, 209 N Kingsway Ave, Brandon - matches the row's 813-689 Brandon exchange) was administratively dissolved on 10/11/1991 per Sunbiz. Category moot; no current contact data exists.",https://search.sunbiz.org/Inquiry/CorporationSearch/SearchResultDetail?inquirytype=EntityName&directionType=Initial&aggregateId=domp-l11616-81b0499d-f18c-4645-a853-1b7a879adecc
IC-92892,duplicate,IC-66260,HUD Modular,https://claytonrichfield.com,7044637333,,,yes,"Homes by Oakwood (Oakwood Homes, acquired by Clayton) Richfield plant is now Clayton Richfield, same phone 704-463-7333 as row IC-66260 (CMH Clayton Richfield #933, 304 E Church St); 131 Rhea St is listed as Clayton Supply Richfield (IC-64914). Leaf: plant builds HUD and modular homes, mainly HUD, so HUD Modular; website and phone found, no email published.",https://claytonrichfield.com/contact-us/ https://claytonrichfield.com/about/ https://www.chamberofcommerce.com/business-directory/north-carolina/richfield/contractor/2030382602-clayton-supply-richfield https://www.mapquest.com/us/north-carolina/clayton-richfield-nc-363146888
IC-92893,closed,,,,,,,yes,"Homes by Wellington, Inc. (doc G82750, 2600 Industrial St, Leesburg - matches the row's 904-326 Leesburg exchange) was administratively dissolved on 10/11/1991 per Sunbiz. Category moot; no current contact data exists.",https://search.sunbiz.org/Inquiry/CorporationSearch/SearchResultDetail?inquirytype=EntityName&directionType=Initial&aggregateId=domp-g82750-6c458e3b-be7b-46b5-a3cc-1bfa8d5d7d6b
IC-92900,duplicate,IC-95071,,https://hunterknepshield.com,5022259121,sales@modularparkbuildings.com,10 Hunters Trail,yes,"Same plant as IC-95071 (Hunter Knepshield, 10 Hunters Trail, LaGrange, KY): company contact pages give that address. Hunter Knepshield manufactures modular park buildings (restrooms, concessions, showers); Wood Volumetric Modular left as is. Website, phone and sales email (modularparkbuildings.com contact page) found.",https://www.hunterknepshield.com/contact-us/ https://www.modularparkbuildings.com/contact.htm
IC-92903,not_ic,,,,,,,yes,"Not IC: ICC NTA, LLC at 305 N. Oakland Ave, Nappanee is the corporate office of a third-party plan review/inspection agency (ICC subsidiary) serving modular and manufactured housing plants, not a factory - per its own contact page and the MBI member directory.",https://www.icc-nta.org/contact/ https://members.modular.org/member-directory/Details/icc-nta-llc-1962220
IC-92909,closed,,,,,,,yes,"Independence Homes, Inc. (doc G70380, Tallahassee - matches the row's 904-576 Tallahassee exchange) was involuntarily dissolved on 11/01/1985 per Sunbiz. Category moot; no current contact data exists.",https://search.sunbiz.org/Inquiry/CorporationSearch/SearchResultDetail?inquirytype=EntityName&directionType=Initial&aggregateId=domp-g70380-a162a05f-64d9-441d-a424-83a1f9c01d4c
IC-92916,closed,,,,,,,yes,"Integri Homes, Inc. (doc P92000010415, 2320 Montclair Rd, Leesburg - matches the row's 904-787 Leesburg exchange) was administratively dissolved on 08/26/1994 per Sunbiz. Category moot; no current contact data exists.",https://search.sunbiz.org/Inquiry/CorporationSearch/SearchResultDetail?inquirytype=EntityName&directionType=Initial&aggregateId=domp-p92000010415-b33b100a-97fb-4ac6-9fd3-27f65bed2fdd
IC-92919,closed,,,,,,,yes,"International Housing Industries, Inc. (doc P94000015385, Tallahassee - matches the row's 904-562 Tallahassee exchange) was administratively dissolved on 09/26/1997 per Sunbiz. Category moot; no current contact data exists.",https://search.sunbiz.org/Inquiry/CorporationSearch/SearchResultDetail?inquirytype=EntityName&directionType=Initial&aggregateId=domp-p94000015385-226b0316-3aad-4333-8854-2542fef710f3
IC-92920,closed,,,,,,,yes,"International MedDesign, Inc. (doc V57998, 1129 16th St N, St Petersburg - matches the row's 813-327 St Petersburg exchange) was administratively dissolved on 10/16/1998 per Sunbiz. Category moot; no current contact data exists.",https://search.sunbiz.org/Inquiry/CorporationSearch/SearchResultDetail?inquirytype=EntityName&directionType=Initial&aggregateId=domp-v57998-e30973cb-8ff2-4e99-b7d9-0ed8d6ef11f6
IC-92922,not_found,,,,,,,yes,"'International Systems, Inc.' is the Florida cross-reference name of ISI Detention, Inc. (2203 Perimeter St, Mobile AL; foreign registration revoked 1993), a detention-equipment contractor; the row's 205-432 number fits pre-1995 Mobile, but I could not confirm a plant or what it built (possibly steel detention cell modules). IC status, category and contacts unverified.",https://search.sunbiz.org/Inquiry/CorporationSearch/SearchResultDetail?inquirytype=EntityName&directionType=Initial&aggregateId=forp-p33990-614e5b2b-b595-4b02-afd1-777dc343eeeb https://www.thefreelibrary.com/ISI+Detention+Contracting+Group+Inc.-a0135241608
IC-92930,not_ic,,,,,,,yes,"Florida's manufactured-buildings registry lists 'Jefferson County School District of' as Org Type 'School District' (FBC Organization Number SCH6541, status Inactive): a public school district that buys/owns factory-built classrooms, not a manufacturer. Category moot; no contact data sought.",https://www.floridabuilding.org/mb/mb_org_lst.aspx
IC-92942,closed,,,,,,,yes,"Key West Modular Housing, Inc. (doc V26737, 6812 Industrial Ave, Port Richey - matches the row's 813-841 Port Richey exchange) was administratively dissolved on 08/23/1996 per Sunbiz. Category moot; no current contact data exists.",https://search.sunbiz.org/Inquiry/CorporationSearch/SearchResultDetail?inquirytype=EntityName&directionType=Initial&aggregateId=domp-v26737-fbc5a3e7-57f2-4fa0-9ddd-263683e8ac61
IC-92956,not_ic,,,,,,,yes,"Florida's manufactured-buildings register lists this entity with Org Type 'School District' (SCH6542, Lafayette County FL) - a purchaser of modular classrooms, not a manufacturing plant. Not IC; no plant, website, phone or email to fill.",https://www.floridabuilding.org/mb/mb_org_lst.aspx https://www.floridabuilding.org/mb/mb_orgapp_dtl2.aspx?param=cC9IAczbzlO9FomQErdPsu%2fIyXAeCJ9bJgazrMNckJqZ4aXfwpCYWUBf%2f7Xp2A1qVXtCBuayurM%3d
IC-92958,closed,,,,,,,yes,"Georgia Secretary of State lists LAKESIDE PARK HOMES, INC. (70 Peachstate Drive, Adel) as Admin. Dissolved, and the 70 Peach State Dr industrial building is now occupied by Cardinal CT Company, a glass products maker; no current web presence for the home plant. State GA.",https://ecorp.sos.ga.gov/BusinessSearch https://www.mapquest.com/us/georgia/cardinal-ct-company-443054055
IC-92976,closed,,,,,,,yes,"Liberty Homes closed its Statesville NC plant in early 2009 (90 jobs, temporary layoffs made permanent; Hickory Record Jan 28 2009 and WBTV Feb 2009). 101 W Old Well House Rd is now the Contract Building Components (Stark Truss) truss plant, already in golden as IC-95230. Sibling row IC-65098 (Liberty Homes, 101 Old Wellhouse Rd) is the same closed plant. No contact fields asserted.",https://hickoryrecord.com/archive/article_298d6abb-d9b3-5970-b78c-8bd29c38a205.html https://www.wbtv.com/story/9874961/correction-wbtv-apologizes-for-showing-wrong-logo/ https://contractbuilding.com/cbc-statesville/
IC-92981,not_found,,,,,,900 Jorie Blvd.,yes,"Only evidence is a 2000 Florida manufactured-buildings registration (MFT168, Denied) for Lusterlite Corporation, 900 Jorie Blvd, Oak Brook IL (an office-park address); no plant, products or current operation found, so IC status and leaf are unconfirmed. Filled address/city/state/zip and confirmed phone from the register; no website or email found.",https://www.floridabuilding.org/mb/mb_org_lst.aspx https://www.floridabuilding.org/mb/mb_orgapp_dtl2.aspx?param=cC9IAczbzlO9FomQErdPsoa4Z4A8knZL9Zdz36cqmQbpfLFga%2bdRXQah%2bDTbHVZO
IC-92992,not_found,,,,,,3416 Winter Lake Road,yes,"FL register (MFT3971, expired 2007) places Manning Quick Wall at 3416 Winter Lake Rd, Lakeland FL 33803; a 2009 news item describes it as a tilt-wall (concrete wall panel) system, so it is not wood volumetric modular and may not be a plant product at all - IC status and leaf unconfirmed. Filled address/city/state/zip, phone and email (mbs-corp.com, i.e. Manning Building Supplies) from the register; website mbs-corp.com asserted at low confidence as the parent's site.",https://www.floridabuilding.org/mb/mb_org_lst.aspx https://www.floridabuilding.org/mb/mb_orgapp_dtl2.aspx?param=cC9IAczbzlO9FomQErdPssGHR4dg28Kj9lovWwvl7pMf5knsr07qVKLS1gyLCnqzKD07EdOwU7I%3d https://www.staugustine.com/story/news/2009/09/22/manning-quick-wall-system-gives-speed-quality-and-strength-john-valdes/16187422007/
IC-92993,not_found,,,,,,1091 East 52nd. Street,yes,"Only a 2000 FL manufactured-buildings registration (MFT46, Denied) at 1091 East 52nd Street, Hialeah FL; no website or product page found, so IC status and leaf are unconfirmed. Filled address/city/state/zip and confirmed phone from the register; no website or email found.",https://www.floridabuilding.org/mb/mb_org_lst.aspx https://www.floridabuilding.org/mb/mb_orgapp_dtl2.aspx?param=cC9IAczbzlO9FomQErdPsvwV0Zdmdg14xirRCFmLTnLqJljVRhgqthX4N9t6VzcY
IC-92999,closed,,,,,,,yes,"500 S Division St, Waunakee was the Techline (founded by Marshall Erdman) furniture/casework plant, which closed and laid off its 93 workers; the address now hosts Pequod Distribution. Erdman's own building-component manufacturing (Building Supply Group) is the separate row IC-91553 in Waunakee; the FL register lists Erdman at its Madison office (5117 University Ave).",https://www.floridabuilding.org/mb/mb_org_lst.aspx https://www.floridabuilding.org/mb/mb_orgapp_dtl2.aspx?param=cC9IAczbzlO9FomQErdPsrhULa%2fbclegS8KHmJEvXFRjrLpz1KRHUah5HQC2%2fsT2 https://www.channel3000.com/news/local-news/93-people-to-lose-job-in-waunakee-business-closure/article_97164b24-d561-5252-ace4-12df39479555.html https://ibmadison.com/techline-closing-waunakee-plant/ https://www.chamberofcommerce.com/business-directory/wisconsin/waunakee/beer-distributor/2006801985-pequod-distribution
IC-93012,not_found,,,,,,"Industrial Park, Jefferson rd.",yes,"FL register (MFT169, Inactive) lists Metal Foam Industries at Industrial Park, Jefferson Rd, Demopolis AL 36732; only directories (Manta, Bizapedia) otherwise, no products or current operation found, so IC status and leaf (name suggests metal/foam panels) are unconfirmed. Filled address/city/state/zip and confirmed phone; no website or email found.",https://www.floridabuilding.org/mb/mb_org_lst.aspx https://www.floridabuilding.org/mb/mb_orgapp_dtl2.aspx?param=cC9IAczbzlO9FomQErdPsnG65b%2b655zGFy6OGYJVNxNLzlWTRRby7nhqVDXSqHIl
IC-93014,not_found,,,https://www.worldwidemodular.com,3053542126,,,yes,"4837 Pembroke Road, Hollywood is occupied by On-Site Auto Services (Sunbiz), not Miami Modular; Miami Modular, Inc. trades as Worldwide Modular from a North Miami Beach headquarters (17071 W Dixie Hwy) and Florida Trend describes a prototype and patent-pending process, but no source shows a production plant, so IC status undecided (possibly a developer). Directory gives phone 305-354-2126 and site worldwidemodular.com; no email found (current email is a law-firm address).",https://search.sunbiz.org/Inquiry/CorporationSearch/SearchResultDetail?inquirytype=EntityName&directionType=Initial&searchNameOrder=ONSITEAUTOSERVICES%20P090000692830&aggregateId=domp-p09000069283-854ddcbe-4b45-4e9d-aaf9-766dc7d1fc2b https://www.hotfrog.com/company/1099097548402688/worldwide-modular/north-miami-beach/building-materials-and-equipment https://www.floridatrend.com/article/14369/worldwide-modular-brings-modular-construction-to-miami/
IC-93018,not_found,,,,,,,yes,"FL register (MFT223, Denied) lists 'Miller Building Systems, Inc. - KS' only with the Elkhart IN head-office address (58120 County Road 3 South) and phone; the Kansas plant's location was not found (a 'Miller Building Systems of Kansas, Inc.' KS entity exists per directories). IC/leaf unconfirmed; phone confirmed as the parent's line; no address, website or email asserted.",https://www.floridabuilding.org/mb/mb_org_lst.aspx https://www.floridabuilding.org/mb/mb_orgapp_dtl2.aspx?param=cC9IAczbzlO9FomQErdPskgfcO8SN0xjMxMKnkKAJZQkjtVexxlJ35zTeEc4Kcli
IC-93023,not_found,,,,,,206 S. Linn Ave.,yes,"Only a 2000 FL registration (MFT191, Denied; Mercantile occupancy) for Missouri Buildings and Equipment Corp., 206 S. Linn Ave, Wentzville MO 63385; nothing else found online, so IC status and leaf are unconfirmed. Filled address/state/zip and confirmed phone; no website or email.",https://www.floridabuilding.org/mb/mb_org_lst.aspx https://www.floridabuilding.org/mb/mb_orgapp_dtl2.aspx?param=cC9IAczbzlO9FomQErdPsoIYdkgkDODiYCYEqb2DJac%2bxnCee%2fWMMMpKkQOlNqGD
IC-93034,not_found,,,,,,1109 Emmons Avenue,yes,"FL register (MFT48, Denied) lists Mod-Tek, Inc. at 1109 Emmons Avenue, Rock Falls IL; OSHA-derived directory confirms an employer of that name in Rock Falls, but no products or current operation found, so IC status and leaf are unconfirmed. Filled address/city/state/zip and confirmed phone; no website or email.",https://www.floridabuilding.org/mb/mb_org_lst.aspx https://www.floridabuilding.org/mb/mb_orgapp_dtl2.aspx?param=cC9IAczbzlO9FomQErdPsu2A3qOQqr3mAQhBSDvFaYcPyX0XEBxlLVg1fWAQRTDT https://www.fastdol.com/employers/mod-tek-incorporated-3807b0f0-02fb-0f88-447f-2f216cc28aab
IC-93040,not_found,,,,,,715 NW 1st Ave.,yes,"Only a 2005 FL manufactured-buildings application (MFT4602, Denied) for Model T Homes at 715 NW 1st Ave, Fort Lauderdale FL, with a personal yahoo contact; nothing else found, so no plant, IC status or leaf can be confirmed. Filled address/city/state/zip; phone/email confirmed as the applicant's (personal) contacts; no website.",https://www.floridabuilding.org/mb/mb_org_lst.aspx https://www.floridabuilding.org/mb/mb_orgapp_dtl2.aspx?param=cC9IAczbzlO9FomQErdPstebzhXAJItweNSI8Z6qJtYAr%2bisqrLJ6mlPIKHbsD52inJvE0dI9%2fE%3d
IC-93056,not_found,,,,,,8652 S 4000 West,yes,"FL register (MFT6168, valid 1986-1990, Expired) lists Modulaire Industries at 8652 S 4000 West, West Jordan UT 84084; no current plant found (Modulaire Industries Inc. shows as withdrawn/inactive in FL corporate records per a directory). IC status and leaf unconfirmed. Filled address/city/state/zip; the existing email sandi.curlee@dbpr.state.fl.us is a Florida DBPR staff address, not the company's, and should be dropped; phone 727 number is also likely DBPR-entered.",https://www.floridabuilding.org/mb/mb_org_lst.aspx https://www.floridabuilding.org/mb/mb_orgapp_dtl2.aspx?param=cC9IAczbzlO9FomQErdPsh72HbxL%2bg%2f3ciL0JeZS8dLDPyFrpr%2bXWgYyQDzRrQvXIIkzFJ2Z%2bFs%3d
IC-93058,not_ic,,,,,,,yes,"FL register lists Modular Building Systems Association (3029 North Front Street, Harrisburg PA) with Org Type 'Third Party Agency' - it is the modular industry trade association / inspection agency, not a manufacturing plant.",https://www.floridabuilding.org/mb/mb_org_lst.aspx https://www.floridabuilding.org/mb/mb_orgapp_dtl2.aspx?param=cC9IAczbzlO9FomQErdPsp6vpKNH7rDUg%2fUj311mGkhU7XhwH7K0rq4vSTFxAjJ2dH9S9kUx3dU%3d
IC-93065,not_found,,,,,,108-D Industrial Drive,yes,"FL register (MFT173, Denied) and a GA corporate directory place Modular Innovations & Technologies, Inc. (incorporated 1995) at 108-D Industrial Drive, St. Marys GA 31558; no products or current operation found, so IC status and leaf are unconfirmed. Filled address/city/state/zip and confirmed phone; no website or email.",https://www.floridabuilding.org/mb/mb_org_lst.aspx https://www.floridabuilding.org/mb/mb_orgapp_dtl2.aspx?param=cC9IAczbzlO9FomQErdPssVV%2fhCyR1x6ie%2fP6pws5yeTCPSQahSBhgNcO6bvAFC%2f https://www.georgiacompany.org/companies/K537288/
IC-93066,not_found,,,,,,,yes,"Only a 2000 FL registration (MFT146, Denied) for Modular Offices of Florida, Inc., Jasper FL (P.O. Box 1720 / Route 7, Box 439-4); nothing else found online, so IC status and leaf (name suggests relocatable modular offices) are unconfirmed. Filled city/state and confirmed phone; no street address, website or email.",https://www.floridabuilding.org/mb/mb_org_lst.aspx https://www.floridabuilding.org/mb/mb_orgapp_dtl2.aspx?param=cC9IAczbzlO9FomQErdPsmQP73eaqYoIFAJWTP7ls02fizAPWDShQ1IeaFBbmApW
IC-93077,not_found,,,,,,3029 North Post Road,yes,"FL register (MFT232, Denied; Institutional occupancy) lists MSR Technologies, Inc. at 3029 North Post Road, Indianapolis IN 46226; directories show an MSR Technologies, LLC as administratively dissolved, but no source ties it to this plant. IC status and leaf unconfirmed. Filled address/city/state/zip and confirmed phone; no website or email.",https://www.floridabuilding.org/mb/mb_org_lst.aspx https://www.floridabuilding.org/mb/mb_orgapp_dtl2.aspx?param=cC9IAczbzlO9FomQErdPskxnvD61tcUEcDQ6m0w47qBzGXkC6QlfcJMvR9Udj%2bqx
IC-93086,not_found,,,,,,113 Industrial Blvd,yes,"Directories describe Nationwide Homes Inc at 113 Industrial Blvd, Arabi as a maker of prefabricated wooden modular homes, but the listed site nationwide-homes.com now redirects to Cavco Martinsville (VA) and no current source confirms the Arabi plant operates; no current FL plans found. Category plausible but unconfirmed; no website/email asserted.",https://www.macraesbluebook.com/search/company.cfm?company=548814 https://www.hotfrog.com/company/1098952500932608/nationwide-homes-inc/arabi/building-materials-and-equipment https://www.floridabuilding.org/mb/mb_plan_srch.aspx
IC-93092,not_ic,,,,,,,yes,"NewBasis makes fiberglass and polymer-concrete underground utility enclosures, vaults, pull boxes and equipment pads (now made in Riverside CA and Lebanon TN) - not buildings or building components. The FL register row (MFT251, Denied, Toccoa GA) is an old application. Not IC.",https://www.floridabuilding.org/mb/mb_org_lst.aspx https://www.floridabuilding.org/mb/mb_orgapp_dtl2.aspx?param=cC9IAczbzlO9FomQErdPsnwhGSICs0%2fcUoCMAxTb1%2f%2bQE%2bIyTfFb%2br%2fnSCxGRmHz https://www.newbasis.com/
IC-93094,not_found,,,,,,,yes,"Only a 2000 FL registration (MFT107, Denied; Residential/Storage occupancy) for Nissi Buildings, Rt 2 Box 2503, Naples TX; storage occupancy suggests portable buildings/sheds but nothing current found, so IC status and leaf are unconfirmed. Filled city/state/zip and confirmed phone; no website or email.",https://www.floridabuilding.org/mb/mb_org_lst.aspx https://www.floridabuilding.org/mb/mb_orgapp_dtl2.aspx?param=cC9IAczbzlO9FomQErdPspj%2b1%2fDo9kvZZ1vC2jsH6%2b0G80ZhwICfOq1tLH62jkjK
IC-93096,closed,,,,,,,yes,"Norse Building Systems' modular-home plant at 1100 Barnett Road, Ladysmith WI shut (news refers to its 'former location'); the successor Norse Homes division of EdgeBuilder that restarted there is also listed as CLOSED in the Modular Today directory and its closed-builders list. FL registration expired 2009.",https://www.floridabuilding.org/mb/mb_org_lst.aspx https://www.floridabuilding.org/mb/mb_orgapp_dtl2.aspx?param=cC9IAczbzlO9FomQErdPsktublKclk76VZ6YxiTVhbp%2bN%2fmfsXKQES%2bkalF3CDwmXBg66Ozv%2fco%3d https://www.modulartoday.com/Norse-Homes.html https://www.modulartoday.com/Closed.html https://www.ladysmithnews.com/news/article_205ff285-6eac-5c67-bb83-ecb5e16aff1e.html
IC-93099,closed,,,,,,,yes,"Georgia SoS lists Steel Industries, LLC (Hwy 37 West, Adel, GA) as Admin. Dissolved; its Florida modular-manufacturer application (MFT159) was Denied. No operating plant found; leaf not checkable; no website or email exists.",https://www.floridabuilding.org/mb/mb_org_srch.aspx https://ecorp.sos.ga.gov/BusinessSearch https://www.merchantcircle.com/steel-industries-northstar-homes-adel-ga
IC-93105,duplicate,IC-94870,,,,,,yes,"Office Master of Texas (TX corp listed as Merged) is the predecessor at the Glen Rose Gibbs Blvd site: directories list United Modular and Modtech Holdings at 310 Gibbs Blvd with the same phone 254-897-3072, i.e. the same plant as IC-94870 (United Modular, 310 Gibbs Blvd). Macrae's describes it as making mobile commercial buildings; whether the plant still operates is unconfirmed. No website or email found (modtech.com is the old Modtech site); IC-93054 also carries this phone with a Perris, CA address.",https://www.hotfrog.com/company/AD7N7QHKe-mbLcW7Yv_t1Q/united-modular/glen-rose/building-materials-equipment https://www.macraesbluebook.com/search/company.cfm?company=497473 https://www.bizapedia.com/tx/office-master-of-texas-inc.html
IC-93135,not_found,,,,,,300 Lanier Rd,yes,"Only evidence: Florida registry entry (MFT97, Denied, phone (205) 772-0281) and a CAGE record placing PBS Building Systems Inc at 300 Lanier Rd, Madison, AL 35758 (vendor/distributor, record last updated 2015). Products/plant not confirmed, so IC and leaf unverified; directory lists phone 256-772-4920 (205->256 area-code split) but cannot correct; no website or email found.",https://www.floridabuilding.org/mb/mb_org_srch.aspx https://cage.report/CAGE/0V049
IC-93150,closed,,,,,,,yes,"Georgia Secretary of State lists PIONEER HOUSING SYSTEMS, INC. (foreign corp, PO Box 250, Fitzgerald) as Admin. Dissolved, and the plant site at 200 Ocilla Hwy, Fitzgerald is now occupied by Enviro-Log (firelog maker from recycled cardboard) and a trucking firm; no operating home plant found. State GA.",https://ecorp.sos.ga.gov/BusinessSearch https://www.superpages.com/fitzgerald-ga/bpp/enviro-log-inc-464973345 https://www.mapquest.com/us/georgia/enviro-log-company-llc-22129454
IC-93165,not_found,,,,,,,yes,"Florida registry shows only a Denied modular-manufacturer application (MFT156, (419) 529-5669, no address); that number is now listed for a Mansfield, OH car-wash business and the same-named Ohio LLC is a general contractor in North Royalton. No plant confirmed; IC/leaf unverified; no website or email found.",https://www.floridabuilding.org/mb/mb_org_srch.aspx https://finditinmansfield.com/C05~carwash.html
IC-93180,closed,,,,,,,yes,"Professional Building Systems of NC's Mt. Gilead modular plant (610 West Allenton Street) is closed: ModularToday lists it among closed modular home builders, the NC LLC (SosId 0700322) is administratively dissolved, and PBS's own site now lists only its Middleburg, PA plant (200 Custom Avenue, 800.837.4552, info@pbsmodular.com).",https://www.modulartoday.com/Closed.html https://nccompanies.com/company/0700322/professional-building-systems-of-north-carolina-llc.html https://www.pbsmodular.com/
IC-93191,not_ic,,,,,,,yes,"Florida BCIS registry lists Quality Approvals and Inspections LLC (MUR7749) with Org Type 'Third Party Agency', i.e. a modular-program inspection agency (Dunedin, FL), not a manufacturer.",https://www.floridabuilding.org/mb/mb_org_srch.aspx https://www.bizprofile.net/fl/dunedin/quality-approvals-inspections-llc
IC-93194,duplicate,IC-95038,Wood Volumetric Modular,,,,235 Anthony Grove Rd,yes,"R-Anell Housing Group (Crouse, NC) was acquired by Cavco in 2021 and now operates as Cavco-Crouse, already row IC-95038 (235 Anthony Grove Rd, same phone 704-483-5511). The plant builds modular homes, so Wood Volumetric Modular fits (survivor row is labelled HUD Modular). Website on survivor is cavcohomes.com/crouse.",https://www.floridabuilding.org/mb/mb_org_srch.aspx https://www.cavcohomes.com/crouse/about https://www.chamberofcommerce.com/business-directory/north-carolina/crouse/home-builder/8351973-r-anell-housing-group-llc
IC-93196,closed,,,,,,,yes,"Florida filing: RPPD Cell Manufacturers, Ltd. (Winter Garden, FL) is INACTIVE, revoked for annual report in 1999; its Florida modular-manufacturer application (MFT199) was Denied. No plant, website or email exists.",https://www.floridabuilding.org/mb/mb_org_srch.aspx https://search.sunbiz.org/Inquiry/CorporationSearch/SearchResultDetail?inquirytype=EntityName&directionType=Initial&searchNameOrder=RPPDCELLMANUFACTURERS%20A940000007280&aggregateId=domlp-a94000000728-58fad6c7-dbc8-41d2-bb22-45177cf14ce5&searchTerm=RPPD&listNameOrder=RPPDCELLMANUFACTURERS%20A940000007280
IC-93197,not_ic,,,,,,,yes,"Florida BCIS registry lists 'Radco, California' (MUR268) with Org Type 'Third Party Agency' (RADCO is a testing/inspection agency, www.radcoinc.com), not a manufacturer; its approval expired 11/09/2010.",https://www.floridabuilding.org/mb/mb_org_srch.aspx
IC-93202,closed,,,,,,,yes,"Florida filing: Rapid Modular Building Operations, Inc. (officer Barton Eroncing, office suite at 1500 San Remo Ave #247B, Miami) was administratively dissolved in 2000; its Florida modular-manufacturer application (MFT218) was Denied. No plant, website or email exists.",https://www.floridabuilding.org/mb/mb_org_srch.aspx https://search.sunbiz.org/Inquiry/CorporationSearch/SearchResultDetail?inquirytype=EntityName&directionType=Initial&searchNameOrder=RAPIDMODULARBUILDINGOPERATIONS%20P960000141350&aggregateId=domp-p96000014135-84f7a5f1-ea46-410a-8d76-880767f42bc8&searchTerm=RAPID%20MODULAR&listNameOrder=RAPIDMODULAR%20P020001036260
IC-93208,not_found,,,,,,,yes,"Florida registry entry 'Redman Homes' (MFT53, expired 06/30/2008, (813) 665-1214, no address); Redman Homes, Inc. (Champion subsidiary, Troy MI) was revoked in Florida in 2010 and J. Redman Homes' plants page names California and Nebraska plants, none in Florida. No specific plant tied to this row; IC/leaf (likely HUD Modular) unverified; no website/email for this row.",https://www.floridabuilding.org/mb/mb_org_srch.aspx https://search.sunbiz.org/Inquiry/CorporationSearch/SearchResultDetail?inquirytype=EntityName&directionType=Initial&searchNameOrder=REDMANHOMES%208277121&aggregateId=forp-827712-bbf0762e-56d0-47ac-a385-5f67c042bb5c&searchTerm=REDMAN%20HOMES&listNameOrder=REDMANHOMES%208277121 https://www.jredmanhomes.com/plants
IC-93224,closed,,,,,,2718 Brookwood Road,yes,"Roger Carter Corporation (2718 Brookwood Road, Kinston, NC; built modular schools) is Admin. Dissolved per NC SoS data, and its Florida modular-manufacturer organization (MFT88) is Inactive with the additional facility (MAF4771) expired 2008. rogercartercorp.com no longer loads.",https://www.floridabuilding.org/mb/mb_org_srch.aspx https://nccompanies.com/company/0024515/roger-carter-corporation.html https://www.wral.com/archive/113496/
IC-93226,in_scope,,Wood Volumetric Modular,https://lelandsmodular.com,2705600292,,,yes,"IC confirmed: Rolling Acres Cabins' Munfordville plant is Leland's Modular's Kentucky factory, which builds IRC-code certified modular homes (plus some RVIA park models); Wood Volumetric Modular confirmed. Website and Kentucky factory phone found on company site; no email published. IC-94046 'Rolling Acres Cabins - Factory 2' (Munfordville, no address) may be the same plant.",https://lelandsmodular.com/contact https://lelandscabins.com/product/16-x-52-rolling-acres-kentucky-location/
IC-93232,closed,,,,,,,yes,"No trace of an operating Ruf-Nek modular plant: 3500 Moseley Rd (Aubrey/Cross Roads, TX) is listed as a renovated office/warehouse for lease and now hosts other businesses (Clickrange LLC, Payne Real Estate); the only Ruf*nek record is a General Contractor licence that expired 2002-03-31. State TX.",https://www.loopnet.com/Listing/3500-Moseley-Rd-Cross-Roads-TX/16132296/ https://www.mapquest.com/us/texas/clickrange-llc-789427995 https://www.buildzoom.com/contractor/ruf-nek-building-company-inc
IC-93234,duplicate,IC-93586,,https://russomodular.com,8337578776,sales@rjrusa.com,"3836 W. Buckeye Rd, Building C",yes,"Same plant as IC-93586 (Russo Modular, 3836 W. Buckeye Rd, Building C, Phoenix, AZ — identical address and phone). Russo builds factory-built commercial modular buildings (QSR); Steel Volumetric Modular left as is. Website, phone (833) 757-8776 and sales@rjrusa.com confirmed on company contact page.",https://russomodular.com/contact-us/
IC-93235,duplicate,IC-94694,,https://safebuildingscorp.com,8479226627,gary@safebuildingscorp.com,,yes,"Same facility as IC-94694 (Safe Buildings Corporation, 1401 Watts Lane, Quincy, IL — same name, address and phone). SAFE makes prefabricated hazmat storage buildings/modules; the company site now lists only a Chicago office (1350 N Wells St), so the Quincy plant itself is unconfirmed and the leaf (Wood Volumetric here, PEMB on IC-94694) should be reviewed. Website, company main phone and email found.",https://www.safebuildingscorp.com/contact.html https://www.safebuildingscorp.com/
IC-93241,duplicate,IC-93603,,,,,,yes,"Florida registry: Sagebrush Building Systems, LLC (MFT4443, Approved to 08/30/2027) is Ventaire's Tulsa operation (www.ventairecorp.com, (918) 622-1191), already in golden as IC-93603 (Ventaire LLC dba Sagebrush Building Systems, 909 N Wheeling, Tulsa) and IC-93242. Leaf not re-checked (survivor is Relocatable Modular). Phone, email and website found in registry.",https://www.floridabuilding.org/mb/mb_org_srch.aspx
IC-93246,not_ic,,,,,,,yes,"Florida BCIS registry lists 'Santa Rosa County School District of' (SCH6547) with Org Type 'School District' (an owner/purchaser of modular classrooms, status Inactive), not a manufacturer.",https://www.floridabuilding.org/mb/mb_org_srch.aspx
IC-93247,not_ic,,,,,,,yes,"Florida BCIS registry lists 'Sarasota County School District of' (SCH1222) with Org Type 'School District' (an owner/purchaser of modular classrooms, status Inactive), not a manufacturer.",https://www.floridabuilding.org/mb/mb_org_srch.aspx
IC-93248,not_found,,,,,,,yes,"Sauer & Luck is a Florida-licensed construction contractor at 11420 Space Blvd, Orlando (an address shared with a towing firm); permits are for items like a doublewide trailer and no plant or current FL Manufactured Buildings plans were found. Category unverified; no website or email found.",https://www.buildzoom.com/contractor/sauer-luck-construction-inc https://www.loc8nearme.com/florida/orlando/tow-pros-of-orlando-llc/6718816/ https://www.floridabuilding.org/mb/mb_plan_srch.aspx
IC-93252,duplicate,IC-23982,HUD Modular,https://www.scotbilt.com,8772013870,,2888 Fulford Rd,yes,"ScotBilt runs one Waycross plant (HQ and facility in Waycross, GA per its site); directories place it at 2888 Fulford Rd with phone 912-490-7268, so this row is the same plant as IC-23982 (ScotBilt Homes, Waycross, PO Box address, has website). Leaf corrected to HUD Modular (HUD-code homes only). Website, toll-free phone and street address found; no public email. Note IC-22917 (General Manufactured Housing #4, 2885 Fulford Rd) may be the predecessor plant on the same site.",https://www.scotbilt.com/about/why-scotbilt-homes https://www.scotbilt.com/contact-us https://www.chamberofcommerce.com/united-states/georgia/waycross/home-builder/1994948-scot-bilt-homes-inc
IC-93266,not_found,,,,,,,yes,"Florida registry entry 'Skyline Corporation - Oak Springs Div' (MFT1760, expired 07/25/2009, Tony Westberry, (352) 629-7501) has no address; Skyline's Ocala plant(s) are already rows IC-94546 / IC-95671 and nothing found ties this division to a separate operating plant. Possibly a duplicate; leaf likely HUD Modular; no website found specific to it.",https://www.floridabuilding.org/mb/mb_org_srch.aspx
IC-93267,not_found,,,,,,,yes,"Florida registry entry 'Skyline Corporation, dba Camreon Homes' (MFT121, expired 11/01/2010, Ron Bland, (352) 622-5111) has no address; no current source for Camreon Homes found, and Skyline's Ocala plant(s) are already rows IC-94546 / IC-95671. Possibly a duplicate; leaf likely HUD Modular; no website found specific to it.",https://www.floridabuilding.org/mb/mb_org_srch.aspx
IC-93272,not_ic,,,https://southcountrysheds.com,,sales@southcountrysheds.com,,yes,"South Country Sheds at 1460 SW Price Child St, Arcadia builds storage sheds, barns, garages and portable cabin shells (company site; Chamber listing says 'over 450 sheds annually') - a shed/portable-building maker, NOT IC per the owner's scope ruling. Website and sales@ email confirmed.",https://southcountrysheds.com/contact-us/ https://www.chamberofcommerce.com/business-directory/florida/arcadia/shed-builder/2007352962-south-country-sheds https://southcountrysheds.com/
IC-93280,closed,,,,,,,yes,"Florida filing: Southern Comfort Cabins, Inc. (3650 Dundee Road, Winter Haven; officers Karen and Johnny Mathis) was administratively dissolved in 2009; its Florida modular approval (MFT7155) expired 12/14/2010. Directories describe it as a cabin/RV dealer, which would also be out of scope.",https://www.floridabuilding.org/mb/mb_org_srch.aspx https://search.sunbiz.org/Inquiry/CorporationSearch/SearchResultDetail?inquirytype=EntityName&directionType=Initial&searchNameOrder=SOUTHERNCOMFORTCABINS%20P040000280100&aggregateId=domp-p04000028010-f05ad93d-dfec-4542-8f28-1a9b87e8b3a3&searchTerm=SOUTHERN%20COMFORT%20CABINS&listNameOrder=SOUTHERNCOMFORTCABINS%20P040000280100 https://www.merchantcircle.com/business/Southern.Comfort.Cabins.863-439-0400
IC-93284,closed,,,,,,,yes,"Florida filing: Southern Modulars, Inc. (5421 Carmack Rd, Tampa; officer David F Lane, matching the registry administrator David Lane) was administratively dissolved in 2001 with no annual reports filed; its Florida modular-manufacturer application (MFT135) was Denied. No plant, website or email exists.",https://www.floridabuilding.org/mb/mb_org_srch.aspx https://search.sunbiz.org/Inquiry/CorporationSearch/SearchResultDetail?inquirytype=EntityName&directionType=Initial&searchNameOrder=SOUTHERNMODULARS%20P000000640020&aggregateId=domp-p00000064002-a07d15ee-b250-46a0-960f-6aa99eae8b29&searchTerm=SOUTHERN%20MODULARS&listNameOrder=SOUTHERNMODULARS%20P000000640020
IC-93285,closed,,,,,,,yes,"Florida registry shows only a Denied modular-manufacturer application (MFT174, (904) 755-6800, a Lake City exchange); Sunbiz shows Southern States Manufactured Housing Corp. of Lake City, FL administratively dissolved in 1996. No operating plant; leaf not checkable; no website or email exists.",https://www.floridabuilding.org/mb/mb_org_srch.aspx https://search.sunbiz.org/Inquiry/CorporationSearch/SearchResultDetail?inquirytype=EntityName&directionType=Initial&searchNameOrder=SOUTHERNSTATESMANUFACTUREDHOUS%20P940000343540&aggregateId=domp-p94000034354-f1f4dbb2-c950-41c6-92d1-3954b5430676&searchTerm=SOUTHERN%20STATES%20MANUFACTURED&listNameOrder=SOUTHERNSTATESMANUFACTUREDHOUS%20P940000343540
IC-93288,closed,,,,,,,yes,"Florida registry entry MFT1131 (Expired 2004; admin John Miller, (863) 709-0770) matches Sunbiz's Space Assembly Manufacturing, Inc., 820 Creative Dr Ste 16, Lakeland (officer John Miller III), administratively dissolved 2003. No operating plant; leaf not checkable; no website found.",https://www.floridabuilding.org/mb/mb_org_srch.aspx https://search.sunbiz.org/Inquiry/CorporationSearch/SearchResultDetail?inquirytype=EntityName&directionType=Initial&searchNameOrder=SPACEASSEMBLYMANUFACTURING%20P010000134250&aggregateId=domp-p01000013425-1726a714-04cc-4e7b-91e8-4a3abe39194c&searchTerm=SPACE%20ASSEMBLY&listNameOrder=SPACEASSEMBLYMANUFACTURING%20P010000134250
IC-93290,not_found,,,,,,,yes,"Only evidence: Florida registry Denied modular-manufacturer application (MFT180, admin Robert Ross, (407) 933-1245) and an inactive FMCSA carrier record for Spacecoast Manufacturing Inc in Kissimmee, FL. No plant or product confirmed; IC/leaf unverified; no website or email found.",https://www.floridabuilding.org/mb/mb_org_srch.aspx https://otrucking.com/carrier/spacecoast-manufacturing-inc-dot-658979/
IC-93291,duplicate,IC-94050,,https://sunbeltmodular.com,9125346111,marketing@sunbeltmodular.com,2400 Springhead Ch Rd,yes,"Same plant as IC-94050 (Specialized Structures, Inc., 2400 Springhead Ch Rd, Willacoochee, a Sunbelt Modular company), which already has phone and website. IC: confirmed custom commercial modular plant with a chassis weld shop. Leaf disagreement between the rows (IC-94050 Steel, this row Wood Volumetric) not resolved: page says modular buildings on a steel chassis but not the frame material. Phone, address and Sunbelt website/parent email found.",https://sunbeltmodular.com/about/sunbelt-companies/ https://sunbeltmodular.com/contact-us/
IC-93292,closed,,,,,,,yes,"Florida registry entry MFT59 (Denied; admin Richard Hackett, (813) 327-9914) matches Sunbiz's Specialty Modular Structures, Inc., St. Petersburg (president Richard E. Hackett), administratively dissolved 1993. The row's address 517 S Walnut St belongs to an unrelated Boise, ID firm (Specialty Modular, Inc., est. 2012, 208 phone). No website or email.",https://www.floridabuilding.org/mb/mb_org_srch.aspx https://search.sunbiz.org/Inquiry/CorporationSearch/SearchResultDetail?inquirytype=EntityName&directionType=Initial&searchNameOrder=SPECIALTYMODULARSTRUCTURES%20J463951&aggregateId=domp-j46395-2d78086f-b09f-4314-92d7-93d42c0f592a&searchTerm=SPECIALTY%20MODULAR%20STRUCTURES&listNameOrder=SPECIALTYMODULARSTRUCTURES%20J463951 https://united-local.com/companies/idaho/specialty-modular-inc
IC-93303,not_found,,,,,,,yes,"Only evidence: Florida registry Denied modular-manufacturer application (MFT125, admin Erwin Spinner Jr., (404) 445-3834) and unrelated-looking Steeltec Manufacturing records (inactive KY licence KM095, OSHA records in Dallas GA and Knoxville TN). Could not tie any to a module plant; IC/leaf unverified; no website or email found.",https://www.floridabuilding.org/mb/mb_org_srch.aspx https://www.buildzoom.com/contractor/steeltec-manufacturing
IC-93304,not_found,,,,4142636310,,2700 W North Ave,yes,"Florida registry Denied application (MFT207, (414) 263-6310) ties to Steeltech Manufacturing, Inc., 2700 W North Ave, Milwaukee (same phone), described by the city as a steel fabricating and painting facility; no evidence it builds volumetric modules, but not enough to remove. Leaf unverified; no website or email found.",https://www.floridabuilding.org/mb/mb_org_srch.aspx https://start.cortera.com/company/research/k2o0mxl5m/steeltech-manufacturing-inc/ https://city.milwaukee.gov/ImageLibrary/Groups/cityDCD/business/TIF/2019-Reports/TID15.pdf
IC-93305,not_ic,,,,,,,yes,"Not IC per owner scope ruling: Stewart Lodges (Delta, CO) produced RV-style park models (trailer-mounted 12-42 ft units), with no product information after 2002, so it is a park-model maker (and apparently defunct), not a volumetric modular plant. State CO (zip 81416); no website/phone/email found.",https://www.jdpower.com/rvs/2000/stewart-lodges/park-models https://www.allsurplus.com/asset/9/23862 https://start.cortera.com/company/research/k3m9msj2p/stewart-lodges/
IC-93307,closed,,,,,,,yes,"Georgia SoS lists Stewart Park Homes, Inc (219 Industrial Blvd, Thomasville, GA; agent A. Lucas Stewart III, matching the FL registry admin) as Admin. Dissolved, and Yellow Pages marks the Thomasville business CLOSED. It mainly built park-model RVs plus commercial modular buildings. No current website.",https://www.floridabuilding.org/mb/mb_org_srch.aspx https://ecorp.sos.ga.gov/BusinessSearch https://www.yellowpages.com/thomasville-ga/mip/stewart-park-homes-7138079 https://timesenterprise.com/2005/12/09/stewart-park-homes-making-mark/
IC-93310,not_ic,,,,,,,yes,"Storage Pro Manufacturing (Gulf Coast) builds portable storage buildings: backyard sheds, barns, cabins, garages and gazebos sold through dealer lots. Sheds/portable buildings are out of scope under the owner's ruling, even though the FL registry lists it as a modular-unit manufacturer.",https://www.floridabuilding.org/mb/mb_org_srch.aspx https://www.storageproportablebuildings.com/
IC-93312,closed,,,,,,,yes,"Strong Steel of Alabama, LLC (400 Progress Dr, Andalusia; light-gauge steel home products) filed a voluntary Chapter 7 liquidation in 2021 (Case 21-30256, M.D. Ala., closed 2023); its FL modular approval MFT11202 expired in 2019. No operating plant; leaf moot.",https://www.floridabuilding.org/mb/mb_org_srch.aspx https://www.bankruptcyobserver.com/bankruptcy-case/STRONG-STEEL-OF-ALABAMA https://www.scrapmonster.com/company/strong-steel-of-alabama-llc/88157
IC-93313,closed,,,,,,,yes,"The Florida BCIS registry's own entry for Structural Design & Manufacturing (MFT185, Denied) marks the company closed in its administrator field ('Lisa Kolb Co.closed'). No other trace found; leaf not checkable; no website or email.",https://www.floridabuilding.org/mb/mb_org_srch.aspx
IC-93314,closed,,,,,,,yes,"Sunbiz shows Stuff Busters, Inc. (501 N Eglin Pkwy, Fort Walton Beach) administratively dissolved in 2011; FL modular approval MFT3970 expired 2010. Directories list it as 'Stuff Busters Portable Buildings', i.e. a portable-building/shed seller, not IC in any case.",https://www.floridabuilding.org/mb/mb_org_srch.aspx https://search.sunbiz.org/Inquiry/CorporationSearch/SearchResultDetail?inquirytype=EntityName&directionType=Initial&searchNameOrder=STUFFBUSTERS%20P980000538760&aggregateId=domp-p98000053876-388bf802-05d3-40cf-b448-51d08361bdf3&searchTerm=STUFF%20BUSTERS&listNameOrder=STUFFBUSTERS%20P980000538760 https://www.yelp.com/biz/stuff-busters-portable-buildings-fort-walton-beach
IC-93316,closed,,,,,,,yes,"Florida registry entry MFT89 (Denied; admin David Leers, (813) 756-3055) matches Sunbiz's Summerset Homes, Inc. (president David A. Leers, Sarasota), administratively dissolved 1997. No operating plant; leaf not checkable; no website or email.",https://www.floridabuilding.org/mb/mb_org_srch.aspx https://search.sunbiz.org/Inquiry/CorporationSearch/SearchResultDetail?inquirytype=EntityName&directionType=Initial&searchNameOrder=SUMMERSETHOMES%20H741880&aggregateId=domp-h74188-acd66630-161f-4683-bb50-71a43b8db9e8&searchTerm=SUMMERSET%20HOMES&listNameOrder=SUMMERSETHOMES%205806960
IC-93321,duplicate,IC-66627,Wood Volumetric Modular,,7042796600,,850 Gold Hill Ave,yes,"Same plant as IC-66627 (Sunshine Manufactured Structures, 850 Gold Hill Ave, Rockwell NC; same phone). IC: Rowan EDC lists it as a custom modular structures maker, NAICS 321992 prefab wood building mfg; leaf Wood Volumetric Modular supported (IC-66627 says Relocatable). Phone/address/zip found; the listed site sunshinemodulars.com now serves an unrelated concrete-contractor page, so no website or email asserted (IC-66627 website looks stale).",https://rowanedc.com/manufacturers/sunshine-manufactured-structures-inc http://www.sunshinemodulars.com/
IC-93322,not_found,,,,,,,yes,"Sunstar Manufactured Homes, LLC is an Arizona LLC (formed 7/9/2004) whose address 28150 N Alma School Rd #103-409 is a mailbox suite; a same-name Georgia LLC (70 Peachstate Dr, Adel GA, filed Aug 2004) is admin dissolved. No plant, website, phone or product page found; possibly a defunct GA HUD plant or retailer. Not enough to remove.",https://opencorporates.com/companies/us_az/L11441824 https://www.bizapedia.com/ga/sunstar-manufactured-homes-llc.html https://ecorp.azcc.gov/BusinessSearch/BusinessInfo?entityNumber=L11441824
IC-93325,not_ic,,,,,,,yes,"Not IC: Superior Park Model Homes built recreational park trailers (park model RVs) at 2959 US Hwy 19, Pelham, and was already defunct by 2008 when Mitchell County Industries bought its assets; park model RVs are out of scope per owner ruling. No website/email found; category moot.",https://woodallscm.com/ga-firm-buys-superior-park-model-homes-2/ https://www.mapquest.com/us/georgia/superior-park-model-homes-488203872
IC-93332,not_found,,,,,,,yes,"Only evidence: Florida registry Denied modular-manufacturer application (MFT129, admin Carl Hewlett, (912) 468-7164, chewlett@surfsouth.com). No plant, products or address found; IC/leaf unverified; no website found.",https://www.floridabuilding.org/mb/mb_org_srch.aspx
IC-93335,not_found,,,,,,,yes,"Could not confirm a plant: the row mixes a Fayetteville, WV zip (25840) with a Georgia 912 phone and a PO Box. The WV entity Sycamore Industries, Inc. (filed 1977) shows status Dissolution By Court Order; a Georgia Sycamore Industries in Ashburn built RVs/travel trailers (not IC). No website, phone or email for a modular plant found; leaf not verified.",https://www.bizapedia.com/wv/sycamore-industries-inc.html https://www.medical-equipment-classifieds.com/directory/view-listing-257.html
IC-93392,not_found,,,,,,413 Commerce Road,yes,"United Structures Inc at 413 Commerce Rd, Vestal is listed by directories as a prefabricated wood buildings and components / prefab & modular buildings contractor (phone 607-772-9810, same as row IC-71358 at 5 Pine Camp Dr); no company site, plant or product description found, so IC status and leaf are unconfirmed and the two rows may be one company. No new contact data.",https://start.cortera.com/company/research/k2m3lqm3r/united-structures-inc/ https://www.usaypage.com/building-contractors-category/new-york-vestal/united-structures-inc-p220908.html
IC-93393,not_ic,,,,,,,yes,"Florida BCIS registry lists Universal Engineering Sciences LLC (MUR13323) with Org Type 'Third Party Agency', i.e. an engineering/inspection agency for the modular program, not a manufacturer.",https://www.floridabuilding.org/mb/mb_org_srch.aspx
IC-93394,not_found,,,https://usmodularco.com,8505727859,byron@mmg21.com,,yes,"Company site lists 'Manufacturing Plant: 3476 Avalon Blvd, Milton', but Crexi and PropertyShark list that address as 250 acres of vacant land for sale, and the firm (Florida registration filed 2025, ~3 staff) says products are 'constructed in off-site facilities' - the plant looks proposed or outsourced, not confirmed operating; not removed on listing evidence alone. Website usmodularco.com, phone (850) 572-7859 and email byron@mmg21.com confirmed from the company site.",https://usmodularco.com/ https://www.crexi.com/properties/2147175/florida-250-acres-of-land-off-avalon-blvd https://www.propertyshark.com/cre/commercial-property/us/fl/milton/3476-avalon-blvd/
IC-93399,not_ic,,,,,,,yes,"Vanguard Modular Building Systems (Exton, PA; FL application Denied) was acquired by Black Diamond Group in 2020 and folded into BOXX Modular, which rents, leases and sells modular buildings: a leasing/sales company, not a plant.",https://www.floridabuilding.org/mb/mb_org_srch.aspx https://www.boxxmodular.com/resources/blog/vanguard-modular-building-systems/ https://www.boxxmodular.com/
IC-93406,duplicate,IC-95334,SIP / ICF (Other Composite Panel),https://www.portercorp.com,6168883500,,4240 136th Ave,yes,"W. H. Porter, Inc. (FL registry MFT136, (616) 399-1963) is now Porter Corp ('founded in 1964 as W. H. Porter'), the PorterSIPs structural-insulated-panel maker at 4240 136th Ave, Holland, MI, which is already in golden as IC-95334 (PorterSIPs). Leaf corrected to SIP / ICF; website and phone found.",https://www.floridabuilding.org/mb/mb_org_srch.aspx https://www.portercorp.com/ https://www.portersips.com/contact-us https://www.chamberofcommerce.com/united-states/michigan/holland/manufacturer/36631773-porter-corporation
IC-93412,not_ic,,,,,,,yes,"Florida's manufactured-buildings registry lists 'Washington County School District of' as Org Type 'School District' (FBC Organization Number SCH6549, status Inactive): a public school district that buys/owns factory-built classrooms, not a manufacturer.",https://www.floridabuilding.org/mb/mb_org_srch.aspx
IC-93415,duplicate,IC-92627,HUD Modular,https://buccaneerhomebuilders.net,2059213135,,2039 Bexar Avenue East,yes,"The 2039 Bexar Avenue East, Hamilton plant (Waverlee's address) is today Buccaneer Homes' facility (Clayton/CMH), the same plant as IC-92627 'Bucaneer Homes of Alabama' at the identical address; Buccaneer says it moved five miles to this renovated facility. It builds HUD-code manufactured homes, so HUD Modular, not Wood Volumetric. Buccaneer website and phone found; no email published (Waverlee's alsales@ address not current).",https://www.buccaneerhomebuilders.net/contact/ https://www.buccaneerhomebuilders.net/about/the-company/
IC-93417,duplicate,IC-78968,,,,,824 E Main St,yes,"We-Mar Inc (FL registry MFT122, admin Gary Weaver, (717) 721-6635) is listed at 824 E Main St, Ephrata, PA, the same address as golden row IC-78968 (Superior Walls - Weaver Precast), so it is the Weaver precast-wall plant under an older entity name. Leaf left to the surviving row; no website or email found for We-Mar.",https://www.floridabuilding.org/mb/mb_org_srch.aspx https://www.mapquest.com/us/pennsylvania/we-mar-inc-486402641 https://www.allbiz.com/business/we-mar-inc-717-721-6635
IC-93423,not_ic,,,,,,,yes,"Wellcraft Marine at 1651 Whitfield Ave, Sarasota is a boat builder (high-performance recreational and offshore boats); its FL modular application (MFT92) was Denied. Not an off-site construction plant.",https://www.floridabuilding.org/mb/mb_org_srch.aspx https://www.mapquest.com/us/florida/wellcraft-marine-450164736 https://www.merchantcircle.com/wellcraft-marine1-sarasota-fl
IC-93431,not_found,,,,,,,yes,"Only evidence: Florida registry Denied application (MFT67, admin Terry Bennett, (404) 867-8040). The likeliest namesake, Williams Industries Inc. (VA) / Williams Enterprises of Georgia, is a steel-erection group, but the phone could not be tied to it, so no removal. IC/leaf unverified; no website or email found.",https://www.floridabuilding.org/mb/mb_org_srch.aspx https://www.weoga.com/our-story
IC-93438,not_ic,,,,,,,yes,"Williams Scotsman - FM is WillScot's Fort Myers mobile-office/storage rental branch at 16131 Old US 41 (WillScot location page; directory lists it as an equipment rental agency, same 239-489-1700 line); its FL modular-manufacturer registration (MFT217) expired 11/11/2013. Leasing branch, not a plant, per owner ruling; category moot.",https://www.willscot.com/locations/details/fort-myers-fl-modular https://www.chamberofcommerce.com/united-states/florida/fort-myers/equipment-rental-agency/47144146-williams-scotsman-inc https://www.floridabuilding.org/mb/mb_org_lst.aspx
IC-93443,closed,,,,,,,yes,"Florida Division of Corporations: Windstar by Wesley, Inc. (doc K33207, Tavares FL) is INACTIVE, administratively dissolved for annual report on 10/09/1992; last report 1991. The row address 195 W King St, St. Augustine is now an unrelated business (Solar Stik, formerly Ace Hardware). No contact fields asserted.",https://search.sunbiz.org/Inquiry/CorporationSearch/SearchResultDetail?inquirytype=EntityName&directionType=Initial&searchNameOrder=WINDSTARBYWESLEY%20K332070&aggregateId=domp-k33207-cc27e016-0633-42be-a3ee-04b41e39768e&searchTerm=WINDSTAR%20BY%20WESLEY&listNameOrder=WINDSTARBYWESLEY%20K332070 https://www.mapquest.com/us/florida/solar-stik-353631927
IC-93444,duplicate,IC-94182,"Specialty Volumetric MEP (Skids, Racks)",http://wingfield.net,2568396338,info@wingfield.net,,yes,"Wingfield Company Inc (FL registry MFT12704, expired 2022) is Wingfield Engineering of Goodwater AL, which makes prefabricated steel electrical equipment buildings (E-houses) and control panels; same company and city as IC-94182 (Wingfield Engineering Company, 419 Armory Rd, its shop where hiring is 'in person @ 419 Armory Street'); office is 110 Academy Circle. Leaf should be Specialty Volumetric MEP (Skids, Racks), not wood modular. Found website, phone, email.",http://wingfield.net/ https://www.facebook.com/WingfieldEngineering/ https://www.floridabuilding.org/mb/mb_org_lst.aspx
IC-93448,duplicate,IC-93646,,https://xtremecubes.com,7025341300,,8350 Eastgate Rd,yes,"Same plant as IC-93646 (Xtreme Cubes Corporation, 8350 Eastgate Rd, Henderson, NV — same address and phone on company contact page). Xtreme Cubes builds steel modular buildings, so this row's Wood Volumetric leaf is wrong (IC-93646 carries Steel Volumetric Modular). Website and phone confirmed; the email on the page is obfuscated and this row's masked email 'cu***@***es.com' is not a real value.",https://xtremecubes.com/contact-us/
IC-93455,not_ic,,,,,,,yes,"Zebra-MFT is a DBPR test/dummy record in the FL manufactured-buildings registry: administrator 'John Doe', email of DBPR staffer robert.lorenzo@myfloridalicense.com, sibling test records 'Zebra, Inc.' (Third Party Agency) and 'Zebra-MAF' (phone (123) 123-1231). No real company or plant exists.",https://www.floridabuilding.org/mb/mb_org_lst.aspx
IC-93460,in_scope,,Wood Volumetric Modular,https://build-at-ava.life,7632004782,info@advancedvolumetric.com,,yes,"IC: AVA manufactures full volumetric modular units in its 180,000 SF facility at 6757 Karmen Ave NE, Albertville MN (company site). Leaf kept as Wood Volumetric Modular (site cites modular/panelized/SIP methods; framing material not stated). Website, phone (763) 200-4782 and email info@advancedvolumetric.com from company contact page.",https://build-at-ava.life/contact https://build-at-ava.life/about
IC-93482,in_scope,,Relocatable Modular,https://sunbeltmodular.com,5748487300,marketing@sunbeltmodular.com,2224 Bloomingdale Dr,yes,"IC confirmed: C&B Custom Modular (a Sunbelt Modular company since 2024) runs a 105,000 SF plant at 2224 Bloomingdale Dr, Bristol building custom commercial modular offices, classrooms and fleet (rental) units; leaf changed from Steel Volumetric Modular to Relocatable Modular. Website (parent sunbeltmodular.com) and plant phone confirmed on the company site; only email shown is the parent's marketing@ address.",https://sunbeltmodular.com/about/sunbelt-companies/ https://members.modular.org/manufacturerwholesale/Details/c-b-custom-modular-inc-1960719 https://sunbeltmodular.com/
IC-93518,duplicate,IC-94485,,https://freeformdevelopmentinc.com,8449990089,adam@freeformdc.com,,yes,"Same company as IC-94485 (FreeForm Development Inc., 1148 Industrial Ave, Escondido). The company contact page gives Escondido as its location, and 603 Seagaze Dr #958, Oceanside is a mailbox address. Phone and email found. Owner note: the site also advertises modified shipping-container units.",https://freeformdevelopmentinc.com/contact-us/
IC-93553,not_found,,Steel Volumetric Modular,https://steelmodularsystems.com,5705204062,Gary@steelmodularsystems.com,,yes,"Plant 2 at Building 287/164, 222 Tank Road, Berwick could not be confirmed: Modular Steel Systems' site, LinkedIn and directories list only the Bloomsburg plant (IC-78051, 11 Edwards Drive). The company builds steel-framed modules, so the leaf should be Steel Volumetric Modular, not Wood. Contacts given are the company's main line, sales email and website (no Plant 2 number published).",http://steelmodularsystems.com/ContactUs.aspx http://steelmodularsystems.com/AboutUs.aspx https://www.linkedin.com/company/modular-steel-systems-inc
IC-93554,in_scope,,Wood Volumetric Modular,https://yourmch.com,7174405497,,1803 Mountain Rd,yes,"IC (small): company site says it constructs every building in a climate-controlled shop and manages delivery and set day from its facility at 1803 Mountain Rd; leaf Wood Volumetric Modular kept (modern farmhouse homes, framing not stated). Name is Modern Country Homes (not County). Website and phone (717) 440-5497 confirmed; no email published.",https://yourmch.com/
IC-93564,in_scope,,Wood Volumetric Modular,https://northstarsb.com,5076446600,,203 Industrial Drive,yes,IC: Northstar Systembuilt relocated its modular home manufacturing facility to Redwood Falls MN in 2013 (plant manager listed); address is 203 Industrial Drive (row says Industrial Road). Wood Volumetric Modular confirmed. Website and phone 507.644.6600 from company contact page; no email published.,https://northstarsb.com/contact-us/ https://northstarsb.com/about-us/
IC-93580,not_ic,,,,9702354006,,,yes,"Pivot Structures' own articles page and the Discover Containers profile show the Severance facility converts shipping containers into ADUs/studios/bunkhouses - a container conversion shop, which the owner's scope ruling lists as NOT IC. Site confirms phone (970) 235-4006; no email shown.",https://pivotstructures.com/articles https://www.discovercontainers.com/professionals/pivot-structures/ https://pivotstructures.com/
IC-93585,in_scope,,Wood Volumetric Modular,https://preferredbuildings.com,6033721050,,143 Twistback Road,yes,"Preferred Building Systems builds custom modular homes in its Claremont factory (daily factory tours) at 143 Twistback Road; Wood Volumetric Modular confirmed (modular boxes plus some panelized roof/wall components). Website, address, zip and phone 603-372-1050 confirmed on contact page; no email published.",https://preferredbuildings.com/contact/ https://preferredbuildings.com/
IC-93594,in_scope,,Wood Volumetric Modular,https://www.ritz-craft.com,5178497425,,118 Deal Parkway,yes,"IC: Ritz-Craft's Midwest Division plant at 118 Deal Parkway, Jonesville MI builds modular units in its facility (company site; Sept 2026 job posting at this address). Wood Volumetric Modular confirmed. Website and plant phone 517-849-7425 confirmed from company contact page; no email published.",https://www.ritz-craft.com/contact-us https://www.ritz-craft.com/ https://ritzcraft.isolvedhire.com/jobs/
IC-93600,in_scope,,Wood Volumetric Modular,,,,,yes,"S&S Modulars LLC (NJ LLC formed 2022, Active) describes itself as South Jersey's only modular home builder with homes built in its own Millville factory; IC and Wood Volumetric Modular confirmed from its business-page text. No website (Facebook only) or email found; directory phone +1 856-392-2295 differs from the row's 856-765-7322 but a directory cannot overwrite it, so phone left as is.",https://www.findglocal.com/US/Millville/915110431692160/S%26S-Modulars-LLC https://www.bizapedia.com/nj/sands-modulars-llc.html
IC-93646,in_scope,,Steel Volumetric Modular,https://xtremecubes.com,7025341300,cubecontact@xtremecubes.com,8350 Eastgate Rd,yes,"Xtreme Cubes manufactures steel moment-frame modular buildings at its production facility at 8350 Eastgate Rd, Henderson; IC and Steel Volumetric Modular confirmed. Website, address, phone (702) 534-1300 and email cubecontact@xtremecubes.com (CleanTalk-decoded on contact page) found. Note IC-93448 ""Xtreme Cubes Co."" (same address/phone, no state, wood leaf) duplicates this more complete row.",https://xtremecubes.com/contact-us/ https://xtremecubes.com/about-xtreme/
IC-93647,not_found,,Wood Volumetric Modular,,,,5530 Nordic Pl,yes,"IC plausible: 2021 news describes 360 Modular Building Systems building stacked modular boxes for multifamily at 5530 Nordic Place (wood-frame per City of Ferndale document snippet), but no company website, phone or email could be found and the WA LLC record shows its last annual report in 2022 with expiration 2023-09-30, so current operation is unconfirmed. Leaf left as Wood Volumetric Modular.",https://whatcom-news.com/new-ferndale-modular-buildings-business-gets-green-light-to-begin-production_111512/ https://opengovwa.com/corporation/604494091 https://ferndale.civicweb.net/document/14242/
IC-93801,in_scope,,Wood Volumetric Modular,https://unibiltcustomhomes.com,9378907570,,8005 Johnson Station Road,yes,"IC confirmed: Unibilt's own site describes its modular-home factory at 8005 Johnson Station Road, Vandalia (monthly plant tours); Wood Volumetric Modular confirmed. Website and factory phone 937-890-7570 confirmed from the contact page; no email address is published (form only).",https://www.unibiltcustomhomes.com/Contact-Us https://www.unibiltcustomhomes.com/About/Our-Manufacturing-Plant
IC-93821,in_scope,,Wood Volumetric Modular,https://mustardseedtinyhomes.com,6785461555,,,yes,"Mustard Seed Tiny Homes builds in its Buford shop (tours by appointment, 'we are a shop rather than a showroom'); its most popular products are permanently placed modular tiny homes, with park models/THOWs secondary, so Wood Volumetric Modular stands. Website confirmed; phone matches a video listing; no email shown (contact form only).",https://mustardseedtinyhomes.com/ https://www.youtube.com/watch?v=xis_MpKu7PY
IC-93823,in_scope,,Wood Volumetric Modular,https://www.ritz-craft.com,5709661053,,,yes,"IC confirmed: Designer Homes (Ritz-Craft division) says its factory tours start at the Ritz-Craft manufacturing plant right behind its design center at 279 N 8th St; leaf Wood Volumetric Modular confirmed (custom modular homes). Website and Ritz-Craft Northeast main line 570-966-1053 found (no plant-specific line shown; existing 5709665174 not found on any page); no Ritz-Craft email published (only the Designer Homes retail arm's info@ address, not asserted).",https://www.designerhomesofpa.com/modular-factory-tour-signup https://www.ritz-craft.com/contact-us https://www.ritz-craft.com/
IC-93826,closed,,,,,,,yes,"Prefab Review reports that Steelblox closed by April 2024. Steelblox was mainly a shipping-container home builder, which is out of scope, and its production facility was in Lompoc, not at 4287 Ventavo Rd, Moorpark (a ranch road).",https://www.prefabreview.com/blog/steelblox-prices-and-cost https://metalbuildinghomes.org/steelblox-review/
IC-93827,in_scope,,Wood Volumetric Modular,https://ritz-craft.com,5709661053,,15 Industrial Park Road,yes,"IC confirmed: Ritz-Craft's Northeast Division (custom modular home manufacturer building modular units in its own facility) is at 15 Industrial Park Road, Mifflinburg; Wood Volumetric Modular confirmed. Website and phone 570-966-1053 confirmed from the contact page; no email address is published.",https://www.ritz-craft.com/contact-us https://www.ritz-craft.com/
IC-93844,in_scope,,Wood Volumetric Modular,https://volumod.com,3175520021,info@volumod.com,3049 N Post Rd,yes,IC confirmed: Volumod's headquarters & factory builds volumetric multifamily modules in Indianapolis; Wood Volumetric Modular kept (framing material not stated). Company site corrects the address to 3049 N Post Rd (stored 3039) and the phone to 317-552-0021 (stored 7654152356); website confirmed and info@volumod.com found.,https://www.volumod.com/ https://members.modular.org/member-directory/Details/volumod-indy-llc-3829273
IC-93914,in_scope,,HUD Modular,https://kitwest.com,2084545000,dmisasi@kitwest.com,1000 Garber Street,yes,"IC confirmed: KIT Custom Homebuilders' factory at 1000 Garber St, Caldwell builds manufactured (HUD-code) homes, with some IRC modular plans; leaf changed from Wood Volumetric Modular to HUD Modular as the main product. Website and phone confirmed, sales manager email found on the contact page (no generic inbox). Likely same plant as IC-48437 (KIT Home Builders West, 1124 Garber St, HUD Modular) - that row should be merged into this more complete one. Site gives zip 83606 vs stored 83605 (not asserted).",https://www.kitwest.com/ https://www.kitwest.com/contact-us/
IC-93931,duplicate,IC-95647,Wood Volumetric Modular,https://elavatemodular.com,5419812259,Randy@elavatemodular.com,955 SE Jackson St,yes,"Duplicate: Fidelity Builders Inc is listed at 955 SE Jackson St, Albany with phone 541-981-2259, the same address and office line as Elavate Modular (IC-95647, whose website is fidelity-builders.net); Elavate builds custom modular homes in its Albany factory, so Wood Volumetric Modular is right. Found website elavatemodular.com, office phone and email Randy@elavatemodular.com.",https://www.chamberofcommerce.com/business-directory/oregon/albany/construction-company/2006682448-fidelity-builders-inc https://www.elavatemodular.com/contact https://www.mapquest.com/us/oregon/elavate-modular-430815266 https://www.elavatemodular.com/about
IC-93939,duplicate,IC-74360,Wood Volumetric Modular,https://modspdx.com,5036150970,,,yes,"Duplicate: this row is MODS PDX's mailing address (515 NW Saltzman Road #827); the same company's Portland plant is already IC-74360 (9125 N Time Oil Rd; the contact page now also lists a warehouse at 9040 N Burgard Way). MODS PDX builds custom modular homes and buildings in its Portland facility, so Wood Volumetric Modular is right here and IC-74360's HUD Modular leaf looks wrong. Found website and phone (503) 615-0970; no email published (form only).",https://modspdx.com/contact https://modspdx.com/ https://www.cybo.com/US-biz/mods-pdx
IC-94022,in_scope,,Wood Volumetric Modular,https://modulehousing.com,4123683412,info@modulehousing.com,730 Superior Street,yes,"IC confirmed: PA DCED says Module Design leases industrial space at 730 Superior Street, Carnegie, where it manufactures modular homes (its 'Last Mile Facility', licensed modular manufacturer in PA/VA/OH/NC); Wood Volumetric Modular kept (modular homes; framing material not stated). Found website modulehousing.com, phone 412-368-3412 and info@modulehousing.com from the company footer (Pittsburgh HQ contact, no plant-specific line).",https://dced.pa.gov/newsroom/shapiro-administration-secures-2-4-million-investment-from-module-design-inc-to-expand-its-manufacturing-operation-and-create-58-new-jobs-in-allegheny-county/ https://www.modulehousing.com/manufacturing https://start.cortera.com/company/research/n3k9otm2s/module-manufacturing-llc/
IC-94140,not_found,,,https://sunbeltmodular.com,5742234934,marketing@sunbeltmodular.com,,yes,"Unresolved: directories place Modular Builders Inc (Whitley affiliate) at 2756 Fort Wayne Rd, Rochester, but Sunbelt Modular (owner of Whitley since 2025) lists only one Rochester plant, at 3089 E Fort Wayne Ave (IC-94139), so it is unclear whether Plant #2 still operates; category (commercial wood modular) kept. whitleyman.com now redirects to sunbeltmodular.com - website corrected; phone confirmed as the Rochester line; only email is the parent's marketing@ address.",https://sunbeltmodular.com/about/sunbelt-companies/ https://www.directionus.com/in/rochester/modular-builders-inc https://sunbeltmodular.com/
IC-94203,not_ic,,,https://darostructures.com,3463710289,sales@darostructures.com,,yes,"Shipping-container conversion shop (owner ruling: not IC): DaRo's own site says it converts shipping containers into mobile buildings, and its MBI listing calls it a leader in custom shipping-container construction. Contact data on its site: 346-371-0289, sales@darostructures.com.",https://darostructures.com/ https://members.modular.org/manufacturerdirect/Details/daro-structures-inc-4884481 https://darostructures.com/about-us/contact-us/
IC-94523,in_scope,,Relocatable Modular,https://classleasingllc.com,9519431908,info@classleasingllc.com,1651 S. Juanita Street,yes,"Riverside County jobs listing says Schoolhouse Manufacturing at 1651 S. Juanita St builds modular classrooms; the city release shows this site is Class Leasing LLC's (RAM subsidiary) 60,000 sf modular manufacturing plant for DSA-approved portables, so IC confirmed. Leaf changed Wood Volumetric -> Relocatable Modular (DSA relocatable classrooms). Website, phone and email taken from Class Leasing's site (same address; Schoolhouse has no site of its own).",https://www.rivcojobs.org/employerjobs/ydey/schoolhouse-manufacturing https://www.sanjacintoca.gov/news/what_s_new/class_leasing_press_release https://classleasingllc.com/contact/ https://classleasingllc.com/
IC-94525,in_scope,,,https://usoffsite.com,5303161649,info@usoffsite.com,3705 Meadow View Drive,yes,"Company facility page confirms US-Offsite has produced modular units at its 3705 Meadow View Dr, Redding pop-up factory since Sept 2023 (future Anderson site planned); IC confirmed, Modular group confirmed (framing material not stated so leaf unchanged). Website and email (info@ mailto on site) found; MBI directory lists phone (530) 316-1649, which differs from the current 530-360-8035 (directory, cannot correct).",https://usoffsite.com/the-facility/ https://usoffsite.com/contact-us/ https://members.modular.org/member-directory/Details/us-offsite-holdings-llc-3146255
IC-94581,in_scope,,Wood Volumetric Modular,https://muncyhomes.com,5705462261,Muncy@MuncyHomes.com,1567 Route 442 Highway,yes,"IC confirmed: Muncy Homes' site says its modular homes are built in programmed production stages (framing through finishes) by craftsmen at 1567 Route 442 Highway, Muncy; Wood Volumetric Modular confirmed. Website and phone (570) 546-2261 confirmed; email Muncy@MuncyHomes.com is the contact page's 'Email Us' mailto link.",https://muncyhomes.com/contact/ https://muncyhomes.com/
IC-94687,in_scope,,Wood Volumetric Modular,,8128478924,dpotter@advbldg.com,325 SE 12th Street,yes,"IC confirmed: Indiana DHS Fire and Building Safety lists Advance Building Concepts Indiana Operations, LLC as an Industrialized Building Systems manufacturer with a facility at 325 SE 12th Street, Linton (likely the former Winalta USA plant, IC-94879); Buzzfile classes it as prefabricated wood modular, so Wood Volumetric Modular kept. Phone and plant-manager email confirmed from the state registry; no website found (advancebldgconcepts.com is an unrelated Tuscaloosa truss installer).",https://oas.dhs.in.gov/dfbs/code/main.do?method=view&manufacturerNameId=850 https://www.buzzfile.com/business/Advanced-Building-Concepts-812-847-8924
IC-94705,not_found,,Wood Volumetric Modular,https://homenation.com,,,,yes,"Unresolved: Builder Modules LLC is Home Nation's affiliate making factory-built 12x20 core modules (baths, kitchen, MEP) 'in our factory', which fits Wood Volumetric Modular, but 8002 N SR 59, Brazil is documented as Home Nation's retail display lot and no page places the module plant at this address. Website asserted as homenation.com (Builder Modules product pages); no generic email or separate phone found. IC-92628 is the same entity/address.",https://homenation.com/blog/about-builder-modules https://homenation.com/index.php/indiana-mobile-homes https://www.skylinehomes.com/retailers/in/brazil/home-nation
IC-94729,not_found,,,,,,,yes,"No plant found for 'CSR Modular Systems Corporate' (P.O. Box 9187, Kansas City MO): the row is a corporate PO box; the only records are registrations of CSR Modular Systems, LLC (principal office 929 Holmes, Kansas City; listed as revoked) with no company website, products or plant. No website, phone or email found.",https://nccompanies.com/company/0544995/csr-modular-systems-llc.html https://www.bizapedia.com/us/csr-modular-systems-llc.html
IC-94736,in_scope,,Wood Volumetric Modular,,5707432012,msi@msiofpa.com,1910 North Old Trail,yes,"IC confirmed: NHTSA manufacturer registry and directory listings place Durabuilt Homes' custom modular home production facility at 1910 North Old Trail (it also builds RVIA park models there); leaf Wood Volumetric Modular confirmed. Phone corrected to (570) 743-2012 from the NHTSA registry; existing email msi@msiofpa.com confirmed by Modular Today; registry URL durabuiltcustomhomes.com no longer resolves, so no website asserted.",https://vpic.nhtsa.dot.gov/mid/manufacturer/details/21654 https://www.allbiz.com/business/durabuilt-homes-llc_3X-570-743-2012 https://www.modulartoday.com/MSI-of-PA.html
IC-94761,in_scope,,Wood Volumetric Modular,https://genhouse.com,9896848078,,4650 E. Wilder Road,yes,"IC: General Housing Corporation is a modular homes manufacturer at 4650 E. Wilder Road, Bay City MI (company site). Wood Volumetric Modular confirmed. Website corrected to genhouse.com (old value was a zumvu directory page) and phone corrected to the site's local line (989) 684-8078; no generic email published (contact form only).",https://genhouse.com/contact-us/ https://genhouse.com/
IC-94778,duplicate,IC-92946,,,2299372538,,1608 U.S. Hwy 19,yes,"Same company and same mailing address (P.O. Box 584, Ellaville) as IC-92946 King's Custom Builders, Inc., the more complete row; directories place King's Custom Builders at 1608 US Hwy 19, Ellaville, phone 229-937-2538. Its listed site kingscustom.com is now a parked domain for sale, so no website asserted.",https://www.chamberofcommerce.com/business-directory/georgia/ellaville/custom-home-builder/42840625-king-s-custom-builders https://www.allbiz.com/business/kings-custom-builders-229-937-2538
IC-94795,closed,,,,,,,yes,"Closed: Mark Line Industries' commercial modular plant at 51687 CR 133, Bristol closed permanently in May 2017 after losing its lease (WARN notice, 73 jobs), per Inside Indiana Business and Modular Home Source. No contact data researched further.",https://www.insideindianabusiness.com/articles/manufacturer-closes-bristol-facility https://modularhomesourcepro.com/mark-line-industries-closes-permanently/ https://www.thebluebook.com/iProView/930705/mark-line-industries/manufacturers/locations-contacts/
IC-94796,closed,,,,,,,yes,"Closed: Michiana Mobile Structures Corporation (commercial mobile buildings, Elkhart) is listed as Admin Dissolved with the Indiana Secretary of State (Bizapedia), and 57420 County Road 3, Elkhart is now occupied by Workforce Housing (workforcervs.com, workforce RVs) per that company's contact page. No live website/email for Michiana found.",https://www.bizapedia.com/in/michiana-mobile-structures-corporation.html https://workforcervs.com/contact/ https://www.dandb.com/businessdirectory/michianamobilestructurescorp-elkhart-in-28040202.html
IC-94807,in_scope,,Relocatable Modular,https://modularmanufacturing.com,4174082602,sales@modularmanufacturing.com,19042 Lawrence 1240,yes,"IC: Modular Manufacturing LLC builds ground-level offices, modular buildings, mobile office trailers and guard shacks for dealers at 19042 Lawrence 1240, Marionville MO (company site). Category changed Wood Volumetric -> Relocatable Modular (it also does shipping-container offices). Website, phone 417-408-2602 and email sales@modularmanufacturing.com from company contact page.",https://modularmanufacturing.com/contact https://modularmanufacturing.com/ https://www.linkedin.com/company/modular-manufacturing
IC-94809,duplicate,IC-94143,,https://morganusa.com,9728647300,mmorgan@morganusa.com,,yes,"P.O. Box 660280, Dallas is Morgan Buildings' corporate mailing address, not a plant; Morgan says its modular buildings are built in its own factories, and directories place its manufacturing at 1882 FM 318, Hallettsville (row IC-94143, Morgan Building and Spa Manufacturing Corp). Same company/plant, merge into IC-94143. Leaf for Morgan (portable storage buildings plus factory-built modular commercial buildings, wood or steel) needs owner review. Company line 972-864-7300 and website confirmed; contact email mmorgan@morganusa.com.",https://morganusa.com/commercial/ https://custommetalbuildings.com/listing/morgan-buildings/
IC-94828,duplicate,IC-94893,,https://sunbeltmodular.com,2299375401,,,yes,"1619 State Road 26 West, Ellaville is the ProBox Mfg. plant (MBI: 1619 Hwy 26 West, phone 229-937-5401, sunbeltmodular.com), i.e. the same site as IC-94893 ProBox Manufacturing; ProMod's own plant is IC-94039 at 603 S Broad St. MBI says ProBox specializes in container modification.",https://members.modular.org/member-directory/Details/probox-mfg-3853517 https://www.floridabuilding.org/mb/mb_plan_srch.aspx
IC-94863,closed,,,,,,,yes,"Closed: Technical Space Inc (Elkhart; plant at 2801 Oakland Ave per a 2002 OSHA inspection, SIC 2451) was administratively dissolved by the Indiana Secretary of State on 12 Mar 2004 (OpenCorporates filing list; Bizapedia also shows Admin Dissolved); no later trace of operations or a website.",https://opencorporates.com/companies/us_in/198604-805 https://www.bizapedia.com/in/technical-space-inc.html https://www.osha.gov/ords/imis/establishment.inspection_detail?id=305204356
IC-94864,duplicate,IC-94139,Wood Volumetric Modular,https://sunbeltmodular.com,5742234934,,3089 E Fort Wayne Ave,yes,"Titan Manufactured Structures of Indiana Inc. is registered at 3089 E Fort Wayne Rd, Rochester IN, which is the Whitley Manufacturing - Rochester modular plant (now Sunbelt Modular) already held as IC-94139 (MODULAR BUILDERS PLANT #1, 3089 Ft Wayne Rd). IC and Wood Volumetric Modular OK; plant website and phone from Sunbelt site, no email published for the plant.",https://sunbeltmodular.com/about/sunbelt-companies/ https://www.thebluebook.com/iProView/1154058/titan-manufactured-structures-of-indiana-inc/manufacturers/locations-contacts/ https://indianadb.com/company/904536/titan-manufactured-structures-of-indiana-inc.html
IC-94876,in_scope,,,,2054892991,,601 County Rd 24,yes,"Wilkins Builders manufactures commercial modular buildings (offices, classrooms, banks, churches) on an assembly line at 601 County Rd 24, Double Springs; plant confirmed by directories. Leaf left as Wood Volumetric Modular (owner may prefer Relocatable Modular). Phone confirmed; listed website wilkinsbuilders.com is now a hijacked unrelated site, so no website; no email found.",https://www.greatpossibilities.com/wilkins-mobile-builders-10534.html https://www.chamberofcommerce.com/united-states/alabama/double-springs/mobile-home-dealer/2001051024-wilkins-mobile-builders https://www.facebook.com/WilkinsBuilders/
IC-94879,closed,,,,,,,yes,"Closed: Winalta USA's modular/manufactured home plant in Linton closed in December 2003 and went into receivership (Greene County Daily World; Federal Register TAA notice for Winalta USA, Linton). The 12th Street Linton plant appears to be the one now run by Advance Building Concepts (IC-94687, 325 SE 12th St).",https://www.suncommercial.com/gcdailyworld/archives/article_a3dee4e1-e1e0-5034-adfb-1f1978614035.html https://www.federalregister.gov/documents/2004/02/19/04-3564/winalta-usa-linton-in-notice-of-termination-of-investigation
IC-94900,not_found,,,,4695012087,,,yes,"Arshan describes itself as a design-led, manufacturing-focused homebuilder, but the only address (10501 N Central Expy Ste 106, Dallas, from its MBI listing) is an office suite and no page identifies a factory; arshan.com now shows a disconnected Wix domain. Likely an office/developer rather than a plant, but no second source to remove it. Phone (469) 501-2087 confirmed by MBI; no working website or email found.",https://members.modular.org/manufacturerwholesale/Details/arshan-3678906 https://www.linkedin.com/company/arshanbuild https://www.arshan.com/
IC-94922,not_ic,,,,,build4good@makhersstudio.com,,yes,"Makhers Studio's own homepage says its manufactured product is 'Plug In Pods' - customized shipping container spaces - and a prefab catalog confirms it manufactures customized shipping container spaces; it is a container-conversion shop, excluded by the owner's scope ruling. Contact fields not needed.",https://makhersstudio.com/ https://www.prefabcatalog.com/manufacturers/makhers-studio-llc https://makhersstudio.com/contact-us
IC-94925,in_scope,,Steel Volumetric Modular,https://midrisemodular.com,3108091520,,8625 Otis Street,yes,"Company site describes factory fabrication of 3-D volumetric steel modules at 8625 Otis Street, South Gate; IC confirmed and Steel Volumetric Modular leaf confirmed. Website and phone (310) 809-1520 confirmed; no email published (contact form only).",https://midrisemodular.com/contact https://midrisemodular.com/
IC-94940,in_scope,,Steel Volumetric Modular,https://remo.homes,3109101132,info@remo.homes,15934 S. Figueroa St.,yes,"ReMo Homes' contact page lists its factory at 15934 S. Figueroa St., Gardena; the site describes steel modular homes, so the Steel Volumetric leaf is confirmed. Website, phone and email found.",https://www.remo.homes/contact
IC-94943,in_scope,,Steel Volumetric Modular,https://roofandrealm.com,8664041148,sales@roofandrealm.com,,yes,"Roof and Realm builds steel-framed modular homes in its own factory (East Bay EDA toured it; described as located in Concord); Steel Volumetric Modular confirmed. The company site shows a toll-free phone and sales email; website confirmed. NOTE: the Alamo (Danville Blvd) address may be an office; the factory is in Concord, street address not found.",https://roofandrealm.com/ https://eastbayeda.org/roof-and-realm-tour/
IC-94944,in_scope,,,https://www.s2amodular.com,6504876262,,300 Park Center Drive,yes,"Company contact page lists the S2A Northern California MegaFactory at 300 Park Center Drive, Patterson; plant confirmed. Leaf not re-asserted (material not stated). Phone confirmed and website confirmed; no email published. Possible related row IC-94522 (S2A MODULAR 2 LLC, 287 Baldwin Rd, Patterson) not assessed.",https://www.s2amodular.com/contact/
IC-94953,in_scope,,,https://www.vederra.com,3032850123,info@vederra.com,22100 E 26th Avenue,yes,"Vederra's own site places its factory-built modular housing operation at 22100 E 26th Avenue, Aurora, and a Sept 2026 summit tour calls it Colorado's largest modular housing factory; IC confirmed, Modular group confirmed (leaf left as Wood Volumetric; framing not stated). Website, phone (303) 285-0123 and email info@vederra.com found.",https://www.vederra.com/ https://offsiteconstructionnetwork.com/denver2026-factory-tour/
IC-95009,in_scope,,Bathroom Pods,https://kbpods.com,3149200084,info@kbpods.com,1300 West 3rd Street Suite #2F,yes,"IC confirmed: KB Pods builds premanufactured kitchen and bathroom pods in a warehouse plant at 1300 W 3rd St #2F, Granite City (America's Central Port); leaf changed from Wood Volumetric Modular to Bathroom Pods (group Pods). Website, email and phone found on the company site; site phone 314-920-0084 differs from stored 6189109880.",https://www.kbpods.com/ https://www.americascentralport.com/post/tenant-spotlight-kb-pods-modular-kitchens-and-baths-answer-to-the-middle-market-housing-crisis
IC-95013,in_scope,,Wood Volumetric Modular,https://solsourcegreenbuild.com,4175974829,,,yes,"IC: SolSource Greenbuild builds small modular cottage homes in an indoor manufacturing facility in Neosho MO, holding Missouri Modular Home Certification (company site; directory places it at 5300 Doniphan Dr). Wood Volumetric Modular confirmed (cottages on permanent foundations, state modular certification). Website and phone (417) 597-4829 from company site (differs from stored number); no company email published.",https://solsourcegreenbuild.com/urban-cottage-homes/ https://www.findglocal.com/US/Neosho/422482460946195/Urban-Cottage-by-SolSource-Greenbuild
IC-95028,closed,,,,,,,yes,"All American Homes closed its Rutherfordton modular plant at 2015 Highway 221 S in 2011 (equipment auction ordered by sister company Mod-u-kraf); NCDOI shows its licence Inactive, and the same site (2015 US Highway 221 S, Forest City) is now licensed to Buildz LLC, already row IC-92631. Not a live plant under this name; no contact fields asserted.",https://www.irsauctions.com/lots/?pg=details&id=14745 https://apps.ncdoi.net/f?p=119:57
IC-95030,not_found,,,,,,,yes,"Could not confirm the plant: Stewart County's business list names a 'Modular Home Builder, Apex' in Richland and MerchantCircle lists Apex Homes LLC at US Hwy 280 Preston Rd, Richland (229-887-9615, 'Other Real Estate'), but no company site, registry or page describing production was found, so IC status and category are unverified. No website or email found; directory phone differs from stored 4046517774 but cannot correct it.",https://stewartcountyga.gov/modularhomebuilderapex.htm https://www.merchantcircle.com/apex-homes1-richland-ga
IC-95033,closed,,,,,,,yes,"Closed: the Avis America modular plant in Avis, PA went out of business in 2012 (building later re-let to other tenants per Modular Home Source Pro), and ModularToday lists AvisAmerica as 'CLOSED (Part of Excel Homes)'; Excel Homes itself filed Chapter 7 in 2016. No contacts asserted.",https://modularhomesourcepro.com/former-avis-america-factory-could-go-up/ https://www.modulartoday.com/AvisAmerica.html
IC-95037,duplicate,IC-65521,,,2524597026,,1001 Eastern Avenue,yes,"Same plant as IC-65521 (Cavalier Home Builders - Nashville, 1001 Eastern Ave): NCDOI lists Cavalier Nashville plant 976 with phone (252) 459-7026, the same number directories give for 1001 Eastern Avenue; OSHA records show plant 976 operating there in 2025. IC confirmed (HUD/modular home plant; its NC modular licence is Inactive, so HUD Modular on the survivor is right). No email found.",https://apps.ncdoi.net/f?p=119:57 https://mobilehomess.com/north-carolina/cavalier-home-builders-llc/ https://safetyincidents.org/injury/2026042
IC-95042,duplicate,IC-64916,,,7042794659,,508 Palmer Rd,yes,"Same plant as IC-64916 (Schult Homes Rockwell #957, 508 Palmer Road): NCDOI lists CMH Mfg. Schult/Rockwell plant 957 with phone (704) 279-4659, the same number directories give for Schult Homes at 508 Palmer Rd, Rockwell. IC confirmed (Clayton/Schult home plant); NC modular licence Inactive, so the survivor's HUD Modular leaf stands. No email found.",https://apps.ncdoi.net/f?p=119:57 https://411.info/business/Schult-Homes-Rockwell-NC-10467103
IC-95043,closed,,,,,,,yes,"Comark Building Systems East (commercial modular, Lumberton) is no longer operating: NCDOI lists its modular manufacturer licence (Lic. 42253) as Inactive, BuildZoom flags the company as out-of-business with its NC contractor licence expired, and the NC foreign corporation is reported Revoked. Phone (910) 739-0900 matches the licence; no website or email.",https://apps.ncdoi.net/f?p=119:57 https://www.buildzoom.com/contractor/comark-building-systems-inc-nc
IC-95045,not_ic,,,https://www.craftspaceinc.com,,,,yes,"Craftspace converts COR-TEN shipping containers into backyard offices, cabins and small homes (CS-80 to CS-960 models) - a shipping-container conversion shop, which the owner ruled not IC, even though units are NC modular-certified; its NCDOI modular licence (Lic. 48340, 1608 Queen St) is now Inactive. Website confirmed; no email/phone on site (contact page 404).",https://www.craftspaceinc.com/ https://apps.ncdoi.net/f?p=119:57
IC-95050,not_found,,,,2525229200,,546 Old Asphalt Rd,yes,"NCDOI shows East Coast Modular, Inc. only as an Inactive modular manufacturer licence (Lic. 42158, PO Box 1357); directories describe it as a modular-home retailer / residential general contractor at 546 Old Asphalt Rd with about $220k revenue, and no plant or company site was found, so IC status is unconfirmed (likely a dealer/builder, not a plant). Phone confirmed by registry, address from directory; no website or email.",https://apps.ncdoi.net/f?p=119:57 https://411.info/business/East-Coast-Modular-Inc-Kinston-NC-1251889 https://www.dandb.com/businessdirectory/eastcoastmodularinc-kinston-nc-22575051.html
IC-95061,not_found,,,,,,,yes,"Could not confirm a Frontline Modular plant in Ocilla: the only trace is a D&B directory listing for FRONTLINE MODULAR, INC. in Valdosta, GA (page behind bot check); no company site, registry or plant evidence found, so category cannot be verified. No website, phone or email found.",https://www.dandb.com/businessdirectory/frontlinemodularinc.-valdosta-ga-8789718.html
IC-95081,duplicate,IC-92541,Steel Volumetric Modular,http://www.mssi.us,2566232338,sales@mssi.us,,yes,"Same plant as IC-92541: Maximum Security Systems at 1741 Main St / PO Box 134, Fyffe AL. It makes modular steel detention cells, so the Wood Volumetric leaf on this row is wrong (Steel Volumetric Modular).",http://www.mssi.us/
IC-95087,duplicate,IC-94143,,https://morganusa.com,9728647300,mmorgan@morganusa.com,,yes,"P.O. Box 660280, Dallas is Morgan Buildings' corporate mailing address, not a plant; Morgan says its modular buildings are built in its own factories, and directories place its manufacturing at 1882 FM 318, Hallettsville (row IC-94143, Morgan Building and Spa Manufacturing Corp). Same company/plant, merge into IC-94143. Leaf for Morgan (portable storage buildings plus factory-built modular commercial buildings, wood or steel) needs owner review. Company line 972-864-7300 and website confirmed; contact email mmorgan@morganusa.com.",https://morganusa.com/commercial/ https://custommetalbuildings.com/listing/morgan-buildings/
IC-95097,not_found,,Wood Volumetric Modular,,8147975644,,1 Mauro Ave,yes,"Pengrove's modular plant at 1 Mauro Ave, Knox (former Knox Glass grounds) has been run by PennKraft Building Systems LLC (PA entity filed 2012, listed Active) which fabricated modular homes there per a 2014 Knox Borough profile; pengrovebuildings.com no longer loads and no current company site was found, so 2026 operation is unconfirmed. Wood Volumetric Modular fits (prefabricated wooden modular homes); street address and PennKraft phone filled from directories, no website or email found.",http://knoxborough.com/wp-content/uploads/2015/10/PENNKRAFT-BUILDING-SYSTEMS.pdf https://www.bizapedia.com/pa/pennkraft-building-systems-llc.html https://www.allbiz.com/business/pennkraft-building-systems-llc https://www.macraesbluebook.com/search/company.cfm?company=565029
IC-95103,not_found,,,,3368540344,,,yes,"ProConcepts, Inc. was a commercial modular building manufacturer (SoS description) but both NCDOI licences (Walkertown Lic. 42212 and Plant #2 at 13237 Melvin Arnold Rd, Raleigh, Lic. 44573) are Inactive; no website, plant address or sign of current operation found, so it cannot be confirmed as a live plant (likely defunct). Leaf unverified (commercial modules). Phone and zip from registry; no website or email.",https://apps.ncdoi.net/f?p=119:57 https://www.bizapedia.com/nc/proconcepts-inc.html
IC-95118,duplicate,IC-94984,HUD Modular,https://claytonalabamahomes.com,2567471575,974Sales@clayton.net,,yes,"Southern Energy Homes now builds in the single Clayton Alabama facility in Addison (Cavalier and Southern Energy combined under one roof in 2020), the plant already carried as IC-94984 (Clayton Addison). It builds HUD-code manufactured homes, so the Wood Volumetric leaf on this row is wrong. Website (old domain redirects to claytonalabamahomes.com), phone and email found on the company site.",https://claytonalabamahomes.com/about/ https://claytonalabamahomes.com/contact/ https://claytonalabamahomes.com/
IC-95119,in_scope,,Wood Volumetric Modular,https://southernheritagehomes.com,5404897700,,275 Corporate Drive,yes,"IC confirmed: Southern Heritage says it designs and builds each of its homes in its Rocky Mount facility, and its chamber listing says it handles all aspects of modular housing production; contact page places it at 275 Corporate Drive. Leaf Wood Volumetric Modular confirmed. Website and phone (540) 489-7700 confirmed; no email published (contact form only).",https://southernheritagehomes.com/contact-us/ https://business.visitsmithmountainlake.com/list/member/southern-heritage-homes-inc-317 https://www.facebook.com/SouthernHeritageHomesVA/posts/curious-about-our-process-we-design-and-build-each-of-our-homes-in-our-rocky-mou/1252047696966790/
IC-95128,duplicate,IC-93019,Wood Volumetric Modular,https://sunbeltmodular.com,7176562081,,,yes,"Whitley East, LLC is the Leola PA plant (64 Hess Rd) of Whitley Manufacturing; this row carries only the parent's South Whitley IN PO Box and HQ phone. The plant already exists as IC-93019 (Whitley East, 64 Hess Road, Leola PA). IC and Wood Volumetric Modular OK; plant phone/website from Sunbelt site, no email published.",https://sunbeltmodular.com/about/sunbelt-companies/ https://members.modular.org/manufacturerwholesale/Details/whitley-east-1970960
IC-95194,in_scope,,Wood Volumetric Modular,https://www.rockymountainprefabs.com,18775577580,info@rockymountainprefabs.com,,yes,"Intertek CSA A277 listing confirms a certified modular plant (Rocky Mountain Prefabs) in Red Deer County, AB; leaf Wood Volumetric Modular kept (factory-built modular homes). Website, phone and email found on company site. NOTE: the row's Calgary address (101-6420 6A St SE) is the numbered company's registered office, not the plant; no plant street address published.",https://bpdirectory.intertek.com/pages/DLP_SearchDetail.aspx?SpecID=90377 https://www.rockymountainprefabs.com/ https://opengovca.com/alberta-corporation/2027222088
IC-95254,in_scope,,,https://www.fullstackmodular.com,3109351376,info@fullstackmodular.com,,yes,"Company contact page lists 3025 East Dominguez, Carson as its West Coast Factory; plant confirmed. A WARN notice for 200 layoffs there took effect Feb 23 2026, but no closure is stated. Leaf not re-asserted because no material is described. Phone and email found on the company site; website confirmed.",https://www.fullstackmodular.com/contact/ https://www.aminext.com/blog/2026/1/15/am-i-next-no-love-at-fullstack-modular
IC-95255,in_scope,,,https://modsbymodern.com,8434802342,mlshr@greystar.com,92 Modern Living Solutions Way,yes,"IC confirmed: Modern Living Solutions (Greystar) lists its flagship modular-apartment factory at 92 Modern Living Solutions Way, Knox; volumetric modular group confirmed but no page states steel vs wood framing, so the Steel Volumetric leaf is unverified (left unchanged). Website and general email mlshr@greystar.com confirmed on the contact page; phone only from the MBI directory (Baltimore HQ line).",https://www.modsbymodern.com/contact-us/ https://www.greystar.com/business/about-greystar/newsroom/greystar-opens-manufacturing-facility-in-western-pennsylvania-to-produce-modular-apartments https://members.modular.org/member-directory/Details/modern-living-solutions-llc-2651202
IC-95256,duplicate,IC-14704,Wood Volumetric Modular,https://www.vbc.co,8006749340,,2302 E. Paradise Rd.,yes,"Same plant as IC-14704 (VBC Tracy, LLC, 2302 East Paradise Road, Tracy CA). This row has the state wrong (VA; zip 95304 and VBC's site both say Tracy, CA). IC confirmed: VBC's 600,000 sq ft automated modular factory builds wood-frame Type III/V modules, so Wood Volumetric Modular is right. Website and company line (800) 674-9340 confirmed; no email published.",https://www.vbc.co/contact https://www.vbc.co/factories
IC-95432,not_ic,,,,,,,yes,"5601 Hwy 95 North is The Shops at Lake Havasu shopping center, where Come-Together is developing a 102-unit modular apartment project. It is a project site for a housing developer, not a module plant. MBI lists the company's offices at 1642 McCulloch Blvd N, Lake Havasu City and Mt. Juliet TN.",https://www.wolforddevelopment.com/the-shops-at-lake-havasu https://citizenportal.ai/articles/7022978/arizona/mohave-county/lake-havasu-city/arizona/mohave-county/lake-havasu-city/Lake-Havasu-City/Mohave-County/Arizona/Council-approves-rezone-at-shops-at-Lake-Havasu-for-102unit-multifamily-project https://members.modular.org/member-directory/Details/come-together-management-corp-3324573
IC-95533,duplicate,IC-93467,,https://sunbeltmodular.com,9126323344,marketing@sunbeltmodular.com,,yes,"Same plant as IC-93467 (Apollo Modular Systems, Inc., 2162 Industrial Blvd, Douglas, GA), which has state and the phone Sunbelt lists; keep IC-93467. IC confirmed (101,000 SF commercial modular plant), Wood Volumetric Modular left as is; apollomodular.com is now a parked lander page, so website asserted as parent sunbeltmodular.com, phone from Sunbelt plant listing, parent email.",https://sunbeltmodular.com/about/sunbelt-companies/
IC-95534,duplicate,IC-19958,Wood Volumetric Modular,https://beracahhomes.com,3023494561,,9590 Nanticoke Business Park Dr,yes,"Same plant as IC-19958 (BERACAH HOMES, INC., 9590 Nanticoke Business Park Dr, Greenwood DE): company site gives this address for its main office and factory. Wood volumetric modular leaf confirmed; phone and website found, no email shown on site.",https://www.beracahhomes.com/contact-us https://www.beracahhomes.com/
IC-95535,duplicate,IC-93482,Relocatable Modular,https://sunbeltmodular.com,5748487300,marketing@sunbeltmodular.com,2224 Bloomingdale Dr,yes,"Same plant as IC-93482 (C & B Custom Modular, 2224 Bloomingdale Drive, Bristol, IN, same phone), which is more complete; keep IC-93482. IC confirmed via parent Sunbelt Modular (105,000 SF Bristol plant). Category: plant builds commercial modular offices, classrooms and construction trailers, so Relocatable Modular is asserted (golden rows disagree: this row Wood Volumetric, IC-93482 Steel Volumetric). Website (parent sunbeltmodular.com), plant phone and parent email found.",https://sunbeltmodular.com/about/sunbelt-companies/ https://members.modular.org/manufacturerwholesale/Details/c-b-custom-modular-inc-1960719 https://www.yellowpages.com/bristol-in/mip/c-b-custom-modular-inc-10653497
IC-95537,duplicate,IC-79268,Wood Volumetric Modular,https://excelhomes.com,,,,yes,"Same plant as IC-79268 (Excel Homes Group, 10642 South Susquehanna Trail, Liverpool, PA — identical address and phone 717-345-2039); Excel Homes is Champion Home Builders' modular brand. Wood Volumetric Modular is right. Website found; company site gives only a national homebuyer line, no plant phone or email.",https://www.excelhomes.com/
IC-95546,duplicate,IC-92952,,https://kpsglobal.com,6823175341,sales@kpsglobal.com,4201 N Beach St,yes,"Same plant as IC-92952 (KPS Global LLC, 4201 N Beach St, Fort Worth, TX — the HQ plant listed on KPS's locations page). Category is wrong on both rows: KPS makes insulated panel systems for walk-in coolers/freezers and refrigerated warehouses, not wood volumetric modules; whether that is IC (Exterior Envelope Panels) or not_ic needs owner ruling. Website, phone and sales email found on company site.",https://kpsglobal.com/about-us/locations/ https://kpsglobal.com/contact-us/
IC-95547,duplicate,IC-94579,Steel Volumetric Modular,https://modlogiq.com,7173547770,info@modlogiq.com,191 Quality Circle,yes,"Same plant as IC-94579 (MODLOGIQ, 191 Quality Circle, New Holland PA); IC-93101 NRB (USA) at the same address is the former name and should also merge. Modlogiq builds structural steel modules, so leaf corrected to Steel Volumetric Modular. Found website, main phone and info@ email.",https://www.modlogiq.com/contact https://www.modlogiq.com/
IC-95557,duplicate,IC-93827,,https://ritz-craft.com,8003269836,,15 Industrial Park Road,yes,"Same plant as IC-93827 (Ritz-Craft Corporation of PA – 15 Industrial Park Rd, Mifflinburg): Ritz-Craft's contact page lists its Northeast Division at 15 Industrial Park Road with 800-326-9836 / 570-966-1053. Modular home builder, Wood Volumetric Modular leaf is right. Website and phone confirmed; no email published.",https://www.ritz-craft.com/contact-us
IC-95560,duplicate,IC-94039,,https://sunbeltmodular.com,2299375401,marketing@sunbeltmodular.com,,yes,"Same plant as IC-94039 (ProMod Manufacturing, 603 South Broad Street, Ellaville, GA, same phone 229-937-5401), which already has state and website; keep IC-94039. IC confirmed (140,000 SF dual-line commercial modular plant per Sunbelt). Note the two rows disagree on leaf (IC-94039 says Steel Volumetric); the page does not state frame material, so leaf not asserted. Website/phone/email found on parent Sunbelt site.",https://sunbeltmodular.com/about/sunbelt-companies/
IC-95565,duplicate,IC-94139,,https://sunbeltmodular.com,5742234934,marketing@sunbeltmodular.com,3089 E Fort Wayne Ave,yes,"3089 E Fort Wayne Ave, Rochester IN is the Whitley Manufacturing Rochester plant (Sunbelt Modular), same plant and phone as IC-94139 MODULAR BUILDERS PLANT #1 (also IC-93429 and IC-94864 at the same address). IC: confirmed modular plant; leaf Wood Volumetric Modular kept (stock commercial modular buildings). Phone and Sunbelt website found; only a parent-level marketing@ email exists.",https://sunbeltmodular.com/about/sunbelt-companies/ https://sunbeltmodular.com/contact-us/
IC-95642,duplicate,IC-94456,,https://www.alanprefab.com,3105380333,,17817 Evelyn Ave,yes,"Same plant as IC-94456 (Alan Pre-Fab Building Corp, 17817 Evelyn Ave, Gardena CA 90248). This row wrongly carries city Elk Grove with the Gardena zip. Company site confirms the Gardena address and phone; no email published.",https://www.alanprefab.com/
IC-95648,not_found,,,,,,1054 Foss Rd,yes,"Empire Modular appears only as a MapQuest/Infogroup listing at 1054 Foss Rd, Lyndonville (a rural address) with a generated description of modular building design/construction; no company site, registry entry, plant evidence, phone or email found, so IC status and leaf cannot be confirmed. Filled address and zip from the map listing.",https://www.mapquest.com/us/new-york/empire-modular-426734918 https://local.yahoo.com/info-225562802-empire-modular-lyndonville/
IC-95652,in_scope,,Steel Volumetric Modular,https://www.fullstackmodular.com,7184899500,info@fullstackmodular.com,30 Edmund Street,yes,"Company site lists its 'East Coast Factory' at 30 Edmund Street, Hamden, CT 06517 building volumetric modules for multifamily/student housing; IC confirmed. Leaf changed Wood -> Steel Volumetric Modular: process page says the structural chassis is steel assembled in the factory. Address, zip, website, phone 718-489-9500 and email info@ found.",https://www.fullstackmodular.com/locations/ https://www.fullstackmodular.com/process/
IC-95656,not_ic,,,,9319047755,,,yes,"Not IC under owner scope rulings: Hilltop Structures' own site says it builds park model RV cabins, tiny homes, sheds, barns and chicken coops, with a showroom and display lot at 1051 Nolan Rd; Yelp describes Amish-made log cabins, sheds and storage buildings. No volumetric modular plant. Contact data on site: (931) 904-7755, no email.",https://hilltopstructures.com/ https://www.yelp.com/biz/hilltop-structures-cumberland-furnace
IC-95660,in_scope,,Open LGS Panel,https://modlogiq.com,7173547770,info@modlogiq.com,286 W Greenwich Rd,yes,"IC confirmed: MODLOGIQ's Seville OH plant (former Atlas Frameworks) fabricates light-gauge steel panelized walls/joists/trusses and RTA framing, so leaf changed from Wood Volumetric Modular to Open LGS Panel (Panel). Found website, main HQ phone and info@ email on the contact page (no Seville-specific line shown); street address 286 W Greenwich Rd from a directory only.",https://www.modlogiq.com/contact https://www.modlogiq.com/smart-cold-formed-metal-framing-atlas https://www.prweb.com/releases/modlogiq-expands-smart-off-site-solutions-portfolio-with-ohio-facility-876869122.html https://start.cortera.com/company/research/n0n7kss5j/modlogiq/ https://www.linkedin.com/posts/modlogiq_modlogiq-modular-prefab-activity-7269798920078163968-pzip
IC-95662,not_found,,,,,,,yes,"Nomad Modular LLC is a Delaware LLC registered in NY in 2021 whose only address is a process/office address at 225 Fifth Avenue, 2C, Manhattan (a residential condo building); no website, factory or product information found, so it cannot be confirmed as a plant (possibly a developer/office only). No contact fields found; the office address was not asserted as a plant address.",https://opengovny.com/corporation/5966992 https://www.nycompanyregistry.com/companies/nomad-modular-llc/
IC-95726,in_scope,,Wood Volumetric Modular,https://lelandsmodular.com,8777147878,,,yes,"Leland's Modular builds state-certified IRC/IBC modular homes and buildings in two factories (Grandview TX and Munfordville KY); the row has no address so which plant it represents is undetermined. Wood Volumetric Modular confirmed; website and main phone found (factory lines TX 817-409-6513, KY 270-560-0292); no email on site.",https://lelandsmodular.com/contact https://lelandsmodular.com/
IC-95977,not_ic,,,https://seattletinyhomes.com,,Inquiry@SeattleTinyHomes.com,,yes,"Not IC per owner scope ruling: Seattle Tiny Homes builds tiny houses on wheels certified to ANSI 119.2/119.5 (RV/park-model standards) at its Buckley factory, not volumetric modular buildings. Contact data verified on company site (website, email, phone) for the record.",https://seattletinyhomes.com/ https://seattletinyhomes.com/contact/
IC-96027,in_scope,,Steel Volumetric Modular,,,,53 Ayer Road,yes,"IC: Lab 9 Modular builds steel-framed modules (Clarendon Hill high-rise) in its Littleton MA factory at 53 Ayer Road (OSHA establishment record, Boston Globe, BLDUP). Steel Volumetric Modular confirmed. No working company website (lab9modular.com is blank), no phone or email found on any readable page; existing phone left unverified.",https://www.osha.gov/ords/imis/establishment.inspection_detail?id=1738645.015 https://www.bostonglobe.com/2024/06/26/business/housing-costs-federal-grant/ https://www.bldup.com/posts/modular-construction-continues-at-clarendon-hill https://www.crewboston.org/Events/Events/May-2025-Tour
IC-96149,in_scope,,,https://www.atom-modular.com,6029227299,bdarnell@atom-modular.com,16355 W. Elwood St.,yes,"Atom Modular factory-builds modular ADUs/micro homes; its site gives the Goodyear address as its assembly address (OSHA also inspected there). Leaf kept as Wood Volumetric Modular, but the site names FRAMECAD (light-gauge steel framing) as a partner, so steel is possible. The company site shows a different phone (602-922-7299) and an email; website confirmed.",https://www.atom-modular.com/ https://www.osha.gov/ords/imis/establishment.inspection_detail?id=1818173.015
IC-96155,not_ic,,,https://www.cmcmod.com,4178321160,inquiries@cmcmod.com,,yes,"2821 W Chestnut Expy (Suite D) is Creative Modular Construction's former principal/sales office, not a plant: the Springfield Chamber lists it as Suite D under Commercial Construction and the MO LLC filing gives it as principal office; CMC's site now lists 319 North Main Ave Suite 200 as its address, and OSHA places its fabrication site at 2738 E Kearney St (already IC-93494).",https://www.cmcmod.com/contact https://business.springfieldchamber.com/activememberdirectory/Details/creative-modular-construction-cmc-2881023 https://www.bizapedia.com/mo/creative-modular-construction-llc.html https://www.osha.gov/ords/imis/establishment.inspection_detail?id=1710329.015
IC-16954,HOLD:not_found,,,,,,,no,"Proposed category change to a Panel leaf (panel material unknown) and possible closure (website store unavailable). Not asserting a leaf change without the panel type; owner ruling needed. | LIM Living (Anaheim) is a factory that makes ADUs, but they are prefabricated and panelized for assembly on site (Yelp), so Wood Volumetric is probably the wrong leaf. Its site limliving.com now shows 'This store is unavailable', so the company may be inactive. No email found; phone not independently confirmed.",https://www.yelp.com/biz/lim-living-anaheim https://www.limliving.com/ https://www.mapquest.com/us/california/lim-living-427208162
IC-23839,HOLD:not_found,,,,,,,no,"Likely the old SteelCell Cornelia site (SteelCell 'moved into a new manufacturing plant' in 2009; 'based in Baldwin, Ga.') -> candidate closed/relocated or duplicate of IC-37641, but the row's name (Modular Engineering Manufacturing Inc) is not tied to this address by any source found. Owner/lead to decide. | 280 Stapleton Rd, Cornelia was the address of Habersham SteelCell / SteelCell of North America (prefabricated steel detention cells); SteelCell says it moved into a new plant in 2009 and is now based in Baldwin, GA (IC-37641). No source links 'Modular Engineering Manufacturing Inc' to this address (modularengineering.com is an unrelated Erie, PA firm).",https://www.steelcell.com/about-us/ https://start.cortera.com/company/research/k3s8nrj0l/habersham-steelcell/ https://www.modularengineering.com/contact/
IC-92615,HOLD:not_found,,,,,,,no,"Test/placeholder row (""botest""); propose deleting from golden like IC-93938/IC-93965. Not submitted as not_ic since it is not a real business. | Row named ""botest"" with no address, a personal gmail and an 850 phone: a test/placeholder record from the source data, not a facility. Searches found nothing.",https://html.duckduckgo.com/html/?q=botest+850-766-6435+robertlore
IC-92630,HOLD:not_found,,,,,,,no,"Likely not_ic (site-built commercial shell contractor; 'Manufacture the modules (or work with a factory)'), but it is registered as a FL manufacturer with accepted plan 40516 (MFT14205-BWCS002-02, ICC NTA, 2020 code). Owner ruling needed: remove as contractor, or keep pending evidence of a plant. | Buildit Shell is a commercial shell contractor (Melbourne FL / Scottsdale AZ) whose modular page says it will 'Manufacture the modules (or work with a factory)'; no plant at 909 Louisiana Ave, Sebastian found, but it holds one accepted FL Manufactured Buildings plan (2020 code, ICC NTA). Website and email found on its own site.",https://www.builditshell.com/about https://www.builditshell.com/modular-buildings https://www.floridabuilding.org/mb/mb_plan_srch.aspx
IC-92640,HOLD:not_found,,,,,,,no,"Canadian (Ontario) concession-cart maker per its name and 905 phone; nothing found online. Propose removal as out-of-country / not IC. Owner ruling. | Canadian Concession Carts Co., Inc. (905 = Ontario, Canada phone) is by name a concession-cart maker; no web presence found. Outside the US and concession carts are not off-site building construction.",https://html.duckduckgo.com/html/?q=%22Canadian+Concession+Carts%22+Ontario
IC-92692,HOLD:not_found,,,,,,,no,"Plant outside the US: CNTNR's container modules are fabricated in Monterrey, MX (and container conversions are out of scope). Owner: remove as not_ic / non-US? | CNTNR USA Inc. (Calgary 403 phone) sells shipping-container modules that are fabricated at its Monterrey, Mexico facility; no US plant was found, so it fails the US-plant test, and container builds are excluded by scope. FL registry gives website cntnr.tech (approval pending).",https://district4conference.com/wp-content/uploads/2023/03/Adam-Morris-%E2%80%93-CNTNR-Revolutionizing-Sustainable-Living-The-Future-of-Container-Homes-.pdf https://www.floridabuilding.org/mb/mb_org_srch.aspx
IC-92727,HOLD:duplicate,IC-96657,,,,,,no,"Owner ruling needed: treat Cubicco USA (IC-92727) as a duplicate of the Deco Truss plant IC-96657 (same address), or as a closed modular line (only one 2014 news item + dead website; not enough for a closed verdict). | 13980 SW 252 St is the Raymond Building Supply - Deco Truss plant (MapQuest; DB row IC-96657); Cubicco USA's modular homes were built there under a 2014 partnership with Deco Truss (South Dade News Leader). Cubicco's own site no longer loads and no recent activity was found, so the separate Cubicco modular line appears dormant. No website, phone or email could be verified.",https://www.mapquest.com/us/florida/raymond-building-supply-deco-truss-811693808 https://www.southdadenewsleader.com/news/cubicco-opens-manufacturing-plant-in-homestead/article_1cef3bdc-b69f-11e3-a5d1-001a4bcf6878.html http://www.cubicco.com/
IC-92767,HOLD:not_found,,,,,,,no,"Owner ruling needed: EcoTainer USA mixes shipping-container branding with light-steel-frame (LSF) homes. If container conversion -> not_ic; if LSF modules/panels -> in_scope with Steel Volumetric Modular or Open LGS Panel (not Wood Volumetric). | Eco Dwelling LLC trades as EcoTainer USA at 16400 NW 15th Ave, Miami Gardens (site lists this Florida location plus Shelby, NC). The site's tagline is 'one shipping container at a time' yet the text says it builds homes with light steel frames (LSF); no page shows whether this is a module factory or a container-conversion/LSF-kit shop, so IC and category undecided. Website, phone 305-705-2473 and email sales@ecotainerusa.com found.",https://ecotainerconcept.com/models/ https://ecotainerconcept.com/
IC-92872,HOLD:not_found,,,,,,,no,"Possibly closed: georgiacompany.org says HEARTLAND BUILDING SYSTEMS, LLC (incorporated Jun 18 2001, P O Box 22247 Savannah, agent Smith, Charles W) 'company status is Dissolved' after ~14.5 years; golden email is rsmith@heartlandsystems.com. Needs a GA SOS (ecorp.sos.ga.gov) check before a closed verdict. | No site or current listing confirms a plant at 501 S Midway Rd, Cordele: directories list Heartland Building Systems LLC there only as 'Other Real Estate'/mobile homes, a Georgia LLC of that name (Savannah, agent Charles W. Smith) is reported dissolved, and no current FL plans exist. Category unverified; no new contact data.",https://www.merchantcircle.com/heartland-building-systems-cordele-ga https://www.georgiacompany.org/companies/0128514/ https://www.floridabuilding.org/mb/mb_plan_srch.aspx
IC-92897,HOLD:not_found,,,,,,,no,"Owner ruling: 101 Industrial Blvd, Eatonton is now Legacy Housing's plant. Golden already has Legacy rows IC-94988 (184 Industrial Blvd, HUD Modular) and IC-30705 (113 Milledgeville Rd). Either mark this row duplicate of IC-94988 if 184/101 are the same complex, or keep it relabelled as Legacy Housing (HUD Modular). Horton Homes, Inc. is still Active/Compliance at GA SOS (PO Box 4468, Eatonton), so a plain 'closed' felt wrong. | Horton Homes abandoned its Eatonton plant (MHProNews 2016); the former Horton facility at 101 Industrial Blvd now runs as a Legacy Housing HUD-code manufactured-home plant per Putnam Development Authority. The plant is IC and operating, but no longer Horton's; category should be HUD Modular, not Wood Volumetric. State GA. No current Horton website/phone/email.",https://putnamdevelopmentauthority.com/manufactured-home-plant-in-eatonton-now-making-units-may-hire-300/ https://www.manufacturedhomepronews.com/legacy-homes-assumes-production-in-facility-abandoned-by-horton-homes/ https://ecorp.sos.ga.gov/BusinessSearch
IC-92969,HOLD:not_found,,,,,,,no,"Canadian company (Ste-Marie Beauce, Quebec) per FL register; registration denied. Out of US scope and a duplicate of IC-92970 (same phone 418-387-5517; FL register also lists MFT225 and MFT120 for the same firm). Propose removal with IC-92970. | FL register: Les Construction C. L. R. Marcoux Inc. (MFT226, Denied) at Ste-Marie Beauce, Quebec, Canada G6E 1N4, phone (418) 387-5517 - outside the US. Same company/phone as IC-92970 (Les Construction Marcoux, already on hold).",https://www.floridabuilding.org/mb/mb_org_lst.aspx https://www.floridabuilding.org/mb/mb_orgapp_dtl2.aspx?param=cC9IAczbzlO9FomQErdPssSFsHxC%2b8wQ43sgBNaeAaPH5EK1tcT2dNHyEwSYwYoR
IC-92970,HOLD:not_found,,,,,,,no,"Canada (Scott, Quebec) and appears to be a small residential renovation contractor, not a plant. Propose removing both IC-92970 and duplicate IC-92969 as out-of-country / not IC. Owner ruling. | Les Constructions Marcoux Inc. is a Quebec company at 65 rue Bellevue, Scott QC (NEQ 1147919949), described as a 1-5 employee residential construction/renovation contractor (APCHQ member). Outside the US and no modular plant found. IC-92969 (Les Construction C. L. R. Marcoux Inc., same phone) is a duplicate row.",https://opengovca.com/quebec-business/1147919949 https://ref.quebec/1147919949-les-constructions-marcoux-inc
IC-92971,HOLD:in_scope,,,,,,,no,"Owner ruling needed: plant is in Beloeil, Quebec, CANADA, outside the US-only scope of the database. If out of scope, remove (not_ic is not quite the right label; no 'out of country' verdict exists). IC-92972 is a duplicate row of this same company. | Real modular home manufacturer (Bonneville, 400 staff, factory-built homes and multi-unit modular projects) headquartered at 601 rue de l'Industrie, Beloeil, Quebec, Canada. Leaf Wood Volumetric Modular plausible. Website (maisonsbonneville.com redirects to bonneville.ca) and HQ phone 450 464-1001 found; existing phone 514-464-1001 looks like a wrong area code. No email shown.",https://bonneville.ca/contact/ https://bonneville.ca/
IC-92972,HOLD:duplicate,IC-92971,,,,,,no,"Duplicate of IC-92971; both rows are a Canadian (Quebec) plant outside the US scope, so the owner may prefer removing both. | Same company and HQ/plant as IC-92971 (Les Industries Bonneville, 601 rue de l'Industrie, Beloeil, Quebec); this row has no address. Its phone 450-464-1001 matches the HQ number on bonneville.ca.",https://bonneville.ca/contact/ https://bonneville.ca/
IC-93002,HOLD:not_found,,,,,,,no,"Garage builder (accessory buildings only). It pre-builds wall sections in-house and manufactures its own engineered trusses ('Our system of pre-building our buildings in a controlled environment'; 'We also manufacture our own engineered trusses'), then erects on site. Owner ruling: not_ic as site-built garage contractor, or relabel to Open Wood Panel / Wood Structural Components. Note website quote uses the gmail address on the domain's contact page; homepage URL is the page itself. | Master Garage Builders is a state-certified garage/accessory-building contractor that pre-builds its buildings in a controlled environment and makes its own trusses, then erects them on monolithic slabs; no current FL Manufactured Buildings plans found. Website, office phone and email found on its own site (office at 3160 SW 7th St, Ocala).",https://www.mastergaragebuilders.com/contact-us https://www.mastergaragebuilders.com/faq https://html.duckduckgo.com/html/?q=Master+Garage+Builders+Ocala
IC-93039,HOLD:not_found,,,,,,,no,"Plant is in Dubai, UAE (FL register: 450,000 sq ft factory, structural steel modules, approved for FL through 2028). Out of US scope - propose removal; if kept, leaf should be Steel Volumetric Modular and website moddsys.com. | FL register (MFT15612, Approved to 2028) places ModDsys Prefabricated Building Manufacturing L.L.C. at Plot 598-1096, Street 51, DIP 1, Dubai, UAE - a steel modular plant outside the US.",https://www.floridabuilding.org/mb/mb_org_lst.aspx https://www.floridabuilding.org/mb/mb_orgapp_dtl2.aspx?param=cC9IAczbzlO9FomQErdPso09HfD%2fy6Cn4CBO%2bUXOwkllxB4bPgCabxBSHp2fO%2fMAxp3GxT1aDIU%3d
IC-93100,HOLD:not_found,,,,,,,no,"Plant outside the US: factory in Foshan, China (Chinese company site 佛山市路华迪高整体家居智造有限公司). Remove from US golden per scope (owner ruling). | Nova Deko Hi-tech Housing Co., Ltd. is an Australian-owned modular manufacturer whose factory is in Foshan, Guangdong, China (novadeko.com.cn); its Florida approval (MFT13346) expired 11/12/2024. No US plant found.",https://www.floridabuilding.org/mb/mb_org_srch.aspx https://www.novadeko.com/our-factory-nova-deko-modular/ http://m.novadeko.com.cn/page.html?id=503586307965011
IC-93140,HOLD:not_found,,,,,,,no,"Category change needed but leaf unclear: products are precast/ICF concrete shelters, vaults and SCIFs ('Pump Station Shelter', 'Communication Vaults and SCIFS', 'DataWall ICF Structures'). Candidate leaves: Precast Concrete Panel or SIP / ICF (Other Composite Panel). Also likely same operation as IC-93141 Performance Precast Structures Corp (2521 GA-16, Newnan). Owner ruling on leaf and possible duplicate. | Performance Concrete Structures (HQ 116 Agnes Rd, Knoxville TN) makes engineered precast/ICF concrete structures - pump station shelters, communication vaults/SCIFs, DataWall ICF structures - and holds an accepted 2023 FL Manufactured Buildings plan; not wood volumetric. Plant at 2657 W Hwy 16, Newnan not confirmed on its site. Website and phone found.",https://pcstructures.com/ https://www.floridabuilding.org/mb/mb_plan_srch.aspx https://html.duckduckgo.com/html/?q=pcstructures.com
IC-93198,HOLD:not_found,,,,,,,no,"Radva/Alleguard Radford is a foam (EPS) molding plant; Alleguard also makes ICF (AMVIC). Remove as not IC (foam/packaging), or relabel SIP / ICF? Need owner ruling. | Radva Corp (604 17th St, Radford, VA) was an EPS foam molder that also made EPS/steel composite building panels; its assets were acquired by Huntington Solutions in 2019 and the site now operates as Alleguard - Radford (radva.com redirects to alleguard.com, a construction/cold-chain/packaging foam company). Not a volumetric modular plant.",https://www.floridabuilding.org/mb/mb_org_srch.aspx https://alleguard.com/ https://www.superpages.com/radford-va/bpp/radva-corp-15919791 https://www.plasticsnews.com/article/20190329/NEWS/190321228/huntington-to-buy-radva-assets-in-packaging-deal
IC-93250,HOLD:not_found,,,,,,,no,"Generic placeholder 'School Board' entry from the FL registry (no address/contact, admin Not Assigned). Registry org type says Modular Unit Manufacturer, so a registry removal is not clean; propose not_ic (not a facility). | Florida BCIS registry has two placeholder records named just 'School Board' (MFT1358 typed Modular Unit Manufacturer, and MUR6646 typed Third Party Agency), both Inactive with administrator 'Not Assigned' and no contact data. Not an identifiable plant.",https://www.floridabuilding.org/mb/mb_org_srch.aspx
IC-93262,HOLD:not_ic,,,,,,,no,"Proposed not_ic (shed maker, owner ruling), but no page I could read describes its products — evidence is the company name, a Yelp 'Sheds' search snippet and directory listings (yellowpages/yelp blocked). Lead to decide removal vs not_found. | SHEDS AMERICA, INC. at 9660 NW 77th Ave, Hialeah Gardens appears to be a small storage-shed builder/seller (1-5 employees per Cortera; listed among shed businesses on Yelp; related 'Sheds America Building & Repair Inc'), i.e. not IC per the owner's shed ruling. No website or email found.",https://start.cortera.com/company/research/k2o4mro0j/sheds-america-inc/ https://www.yelp.com/search?find_desc=Sheds&find_loc=Hollywood%2C+FL https://www.merchantcircle.com/sheds-america-hialeah-fl
IC-93279,HOLD:not_ic,,,,,,,no,"Proposed not_ic. Profile says plumbing/residential contractor at this exact address and LLC dissolved, but the row carries a Florida 941 phone and a cragroup.us email (suggests it came from a FL factory-built plan listing via an agent), so it may once have held modular plan approval. Both sources are directories; owner to decide remove vs keep. | Southern Building Solutions LLC at 250 Ball Road, Ecru is a small residential construction/plumbing contractor (bathroom remodels, drain lines, septic) per its ProMatcher profile, and the MS LLC no. 1019723 is listed as Dissolved; no evidence of any module factory, so not IC. No website found (southernbuildingsolutions.biz is an unrelated N. Texas remodeler); local phone 662-296-3935 from directories only.",https://www.promatcher.com/profile/SouthernBuildingSolutionsLLC https://www.mississippicompanyregistry.com/companies/southern-building-solutions-llc/
IC-93436,HOLD:not_ic,,,,,,,no,"Owner ruling needed: WillScot Midway FL is a rental/leasing branch (owner rule: leasing branches NOT IC) but holds a current FL DBPR Modular Unit Manufacturer approval (MFT6521, Factory Built Schools, Business occupancy, QC manager, third-party agency Top Line Engineering, expires 07/15/2029). If treated as IC, set leaf Relocatable Modular and keep contact assertions; otherwise submit as not_ic. | 735 River Birch Rd, Midway (Tallahassee) is a WillScot mobile-office/storage rental branch per WillScot's own location page; however the FL manufactured-buildings registry still lists it as an approved Modular Unit Manufacturer (MFT6521, Factory Built Schools, renewed to 2029). Leasing branch per owner ruling unless the FL manufacturer approval makes it IC (then leaf would be Relocatable Modular).",https://www.willscot.com/locations/details/tallahassee-fl-modular https://www.floridabuilding.org/mb/mb_orgapp_dtl2.aspx?param=cC9IAczbzlO9FomQErdPsj5zjh6Yf85Txm5QltZneVkkzFXLbUj9sUyMU2Z7I19Oa%2b%2bl29KFjzY%3d
IC-93856,HOLD:not_found,,,,,,,no,"Owner ruling needed: Atelier7 builds shipping-container homes/modules (owner ruling excludes container-conversion shops) -> probably not_ic, but MBI describes A7DA as 'a full volumetric modular design and manufacturing company'. Golden website atelier7group.com failed to load in the browser; MBI lists www.atelier7llc.com (directory, cannot correct). LinkedIn lists 1050 Murphy Ave SW Building 1 as an Atelier7 Design + Assembly location. | Atelier7 (Atelier7 Architects / Atelier7 Design + Assembly, Atlanta) is an architect-led design-build studio specializing in shipping container homes; MBI calls it a volumetric modular design and manufacturing company but says 'our intimacy with these containers runs deep'. Likely a container-conversion shop; MBI gives website atelier7llc.com and phones.",https://members.modular.org/member-directory/Details/atelier-7-architects-llc-2318038 https://atelier7llc.com/
IC-93865,HOLD:not_found,,,,,,,no,"Owner ruling needed: Atelier7 builds shipping-container homes/modules (owner ruling excludes container-conversion shops) -> probably not_ic, but MBI describes A7DA as 'a full volumetric modular design and manufacturing company'. Golden website atelier7group.com failed to load in the browser; MBI lists www.atelier7llc.com (directory, cannot correct). 1524 E Taylor Ave is listed on LoopNet as an industrial property; MBI lists (404) 981-8060, matching this row's phone. | Atelier7 (Atelier7 Architects / Atelier7 Design + Assembly, Atlanta) is an architect-led design-build studio specializing in shipping container homes; MBI calls it a volumetric modular design and manufacturing company but says 'our intimacy with these containers runs deep'. Likely a container-conversion shop; MBI gives website atelier7llc.com and phones.",https://members.modular.org/member-directory/Details/atelier-7-architects-llc-2318038 https://atelier7llc.com/
IC-93938,HOLD:not_found,,,,,,,no,"Test/placeholder row (YPRODTEST 1, 100 TEST RD) from Oregon BCD prefab licence data; propose deleting it from golden. Not submitted as not_ic because the rules frame not_ic as 'exists but is not IC'. | Placeholder test record, not a plant: 'YPRODTEST 1' at '100 TEST RD', Salem is a test entry in the Oregon BCD prefab-licence data (licence PFS876) mirrored by BuildZoom/BuildRated; no company, website or plant exists. Category and contacts not applicable.",https://www.buildzoom.com/contractor/yprodtest-1 https://buildrated.com/contractor/yprodtest-1/
IC-93965,HOLD:not_found,,,,,,,no,"Test/placeholder row (XPRODTEST, 10 TEST RD) from Oregon BCD prefab licence data; propose deleting it from golden together with IC-93938. | Placeholder test record, not a plant: 'XPRODTEST' at '10 TEST RD', Salem is a test entry in the Oregon BCD prefab-licence data (licence 4TPI) mirrored by BuildZoom; no company, website or plant exists. Category and contacts not applicable.",https://www.buildzoom.com/contractor/xprodtest
IC-93993,HOLD:not_ic,,,,,,,no,"Appalachian Enterprises Inc. links to Deer Run Cabins only via the row's email/phone. Deer Run sells pre-built modular cabins and pre-cut SIP cabin kits from an Amish mill. Owner ruling says cabin builders are NOT IC, but SIP panels are IN, so need ruling: not_ic (cabin builder) vs relabel to SIP / ICF (Other Composite Panel)? | Row's email (Calvin@Deerruncabins.com) and phone (270-692-4361) are Deer Run Cabins, Campbellsville KY: an Amish cabin company selling pre-built modular cabins and SIP cabin kits; BBB lists it under Log Cabins. Cabin builder per owner ruling, so not IC; no plant making IRC modular homes found.",https://deerruncabins.com/about/ https://www.bbb.org/us/ky/campbellsville/profile/log-cabins/deer-run-cabins-0402-159143912
IC-94122,HOLD:not_found,,,,,,,no,"Plant outside the US: row address NEPTUNO 1919, Colonia Satelite, Juarez, Chihuahua (Guardian Booth's Mexican facility per company 'established additional manufacturing capacity with a facility in Juarez, Mexico'). Stored lat/lon 39.735968,-77.536030 is actually the Waynesboro PA HQ/plant, which is already IC-79614. Suggest remove (non-US) or merge into IC-79614. | Row address is Guardian Prefab's (Guardian Booth) manufacturing facility at C. Neptuno 1919, Ciudad Juarez, Mexico - outside the US. Its US plant (Waynesboro PA, 13338 Midvale Rd, ex-Homes by Keystone) is already IC-79614.",https://guardianprefab.com/about-us/ https://www.cylex.mx/ciudad+ju%C3%A1rez-ju%C3%A1rez/guardian+booth-12321416.html
IC-94214,HOLD:not_found,,,,,,,no,"Outside the US (UAE sales/operations office of Hunter Buildings, not a plant). Propose removal as out-of-country / not a plant; no out-of-country verdict exists. Owner ruling. | Not a US plant: T2-FF-2 RAKEZ Amenity Centre, Ras Al Khaimah, UAE is Hunter Buildings UAE Sales and Operations Office (Hunter blast-resistant steel modular buildings; US plant already in golden as IC-85336, Houston). Leaf would be steel/specialty, not Wood Volumetric. Outside US scope.",https://www.hunterbuildings.com/locations/middle-east/
IC-94468,HOLD:in_scope,,,,,,,no,"Leaf likely wrong: BOSS = 'Built On Site Systems', factory-built panel systems assembled on site (parent Harwal Group makes roof & wall systems). Probably a Panel leaf (LGS or Exterior Envelope?), but material not confirmed. Owner ruling on the leaf. | BOSS Homes (Built On Site Systems), 1057 S. Vail Ave, Montebello, makes factory-built building systems for ADUs and homes; directory says it uses modular and panelized systems, with a parent (Harwal Group) that makes roof and wall systems. The Steel Volumetric leaf is doubtful. The company site gives a toll-free phone; website confirmed; no email.",https://bosshomes.com/contact-us/ https://bosshomes.com/ https://www.prefabcatalog.com/manufacturers/boss-homes
IC-94722,HOLD:closed,,,,,,,no,"Closure evidence is a directory snippet (Bizapedia: Dissolved with IL SOS; page itself behind a bot check) plus a parked domain; no direct IL SOS record or news of the plant closing was readable. Owner/lead should confirm via apps.ilsos.gov before removal; otherwise downgrade to not_found. | Likely closed: Contempri Industries, Inc. (Pinckneyville modular home builder, 1000 W Water St) is listed as Dissolved with the Illinois Secretary of State per Bizapedia, and its domain contemprihomes.com is now a parked GoDaddy for-sale page; a local Facebook group refers to 'the old Contempri home lot'. Category (Wood Volumetric Modular) was right while operating; no live website/email found.",https://www.bizapedia.com/il/contempri-industries-inc.html https://forsale.godaddy.com/forsale/contemprihomes.com https://www.facebook.com/groups/561988137239395/permalink/27118640657814115/
IC-94938,HOLD:not_found,,,,,,,no,"Possible relocation/closure: Rialto plant may have been consolidated into the Arvin factory (IC-94516), but no source explicitly says Rialto closed (press release calls Arvin the 'third factory'). Owner ruling needed: keep, or mark closed in favour of IC-94516. | Plant Prefab's contact page now lists only the 'Tejon Ranch Factory & Headquarters' at 5805 Santa Elena Dr, Arvin (already in DB as IC-94516); no page found saying whether the Rialto 375 S Cactus Ave plant still operates or closed. Website and phone 909.546.7444 confirmed; no email address shown (form only).",https://www.plantprefab.com/contact/ https://www.plantprefab.com/press-center/plant-prefab-first-automated-factory-for-sustainable-multifamily-and-single-family-housing/
IC-95004,HOLD:not_found,,,,,,,no,"2101 E Central Ct shows only as a vacant lot/parking parcel (Zillow/Redfin, possibly stale since 2021 sale). CMC has ~8 Springfield rows (Kearney IC-93494, Prince IC-93495, Eldon IC-93493, Cherry IC-93492, Farm Rd 123 IC-93491, Chestnut IC-96155, Central Ct IC-95004); only Kearney is confirmed as a fabrication site (OSHA). Owner/lead to decide: not_ic/closed for Central Ct, or duplicate of IC-93494. Note 3228 E Cherry St (IC-93492) was Modular Manufacturing LLC's former address per its LinkedIn post. | Could not confirm a CMC plant at 2101 E Central Ct, Springfield: property listings describe it as a vacant lot/parking parcel (last sold Jan 2021) and CMC's site lists no plant there; OSHA places CMC fabrication at 2738 E Kearney St (IC-93494). Steel Volumetric leaf plausible for CMC (OSHA NAICS 332311). Website, phone and email found on CMC's contact page.",https://www.cmcmod.com/contact https://www.zillow.com/homedetails/2101-E-Central-Ct-Springfield-MO-65802/2077220919_zpid/ https://www.redfin.com/MO/Springfield/2101-E-Central-Ct-65802/home/163175386 https://www.osha.gov/ords/imis/establishment.inspection_detail?id=1710329.015
IC-95047,HOLD:not_ic,,,,,,,no,"Conflict: company site is a pure commercial GC (no plant, no modular mention), but NCDOI shows an ACTIVE modular manufacturer licence (Lic. 47453, Commercial, Expert Modular Consultants). May be a GC holding a licence for a one-off/third-party-built project. Owner: remove as not_ic, or keep pending plant evidence? | Davie Construction Co. presents itself only as a commercial general contractor (offices 152 Kinderton Way E, Bermuda Run; site search for modular returns nothing) with no factory, so proposed not IC; however NCDOI lists it as an Active modular manufacturer licensee (Lic. 47453, Commercial, agency Expert Modular Consultants) with only a PO box. Website, phone 336-940-6600 confirmed; no email shown.",https://davieconstruction.com/company/ https://davieconstruction.com/ https://apps.ncdoi.net/f?p=119:57
IC-95114,HOLD:not_found,,,,,,,no,"Active NC commercial modular licence held by a fire-protection equipment firm (Taylorsville). Probably prefabricated fire-pump houses/enclosed pump packages -> Specialty Volumetric MEP (Skids, Racks), group Pods, but no describing page found. Owner: relabel to Specialty Volumetric MEP, or keep/remove? Row phone 828-256-3100 is only the licence mailing number and appears on a Conover accountant listing. | NCDOI lists Shae Enterprises, Inc. as an Active modular manufacturer (Lic. 44856, Commercial only, Alexander County, ICC-NTA); directories place the company, a fire-protection equipment supplier, at 735 Teague Town Rd, Taylorsville, with the same 828-851-1843 number as the licence. Likely builds packaged fire-pump houses (Specialty Volumetric MEP) rather than wood modules, but no page describes its product, so leaf not changed. Phone corrected from registry, address from directory; no website or email found.",https://apps.ncdoi.net/f?p=119:57 https://www.chamberofcommerce.com/business-directory/north-carolina/taylorsville/fire-protection-equipment-supplier/2016804658-shae-enterprises
IC-95126,HOLD:in_scope,,,,,,,no,"VFP builds prefabricated telecom/utility equipment shelters (precast-concrete and steel), shipped as finished integrated units. Not Wood Volumetric. Candidate leaves: Specialty Volumetric MEP (Skids, Racks) (group Pods), or Precast Concrete Panel (group Panel), or not IC if equipment shelters are out of scope. Owner ruling needed before the leaf change goes in. | Plant confirmed: VFP's contact page lists its manufacturing facility at 402 Industrial Park Road, Duffield (HQ is 5410 Fallowater Lane, Roanoke), where it builds custom integrated equipment shelters, concrete ones from precast panels cast on site and metal ones from fabricated panels. Wood Volumetric Modular is wrong; the right leaf needs a ruling (see hold_note). Website, phone 540-977-0500 and info@vfpinc.com found.",https://vfpinc.com/contact/ https://swvam.org/manufacturer/vfp-inc/
IC-95444,HOLD:not_found,,,,,,,no,"Likely not_ic (container sales/conversion yard; the name may be an AZ factory-built-building licensee affiliated with All Star), but there is no page tying AMBC to the yard. Owner ruling: remove as container conversion, or leave? | 4938 S Pinal Dr, Apache Junction is the yard of All Star Storage & Container Sales, which sells and customises shipping containers and container offices. No page linking American Manufacturing & Building Corporation to a modular plant was found (Bizapedia shows a San Tan Valley entity behind a captcha). No website, phone or email found for the named company.",https://allstarstoragecontainers.com/ https://www.chamberofcommerce.com/business-directory/arizona/apache-junction/storage-facility/45025684-all-star-storage-container-sales-llc
IC-95676,HOLD:in_scope,,,,,,,no,"Category change needs owner ruling: nVent Trachte makes steel modular substation control buildings/E-houses (also ChannelFrame pre-engineered buildings). Sibling row IC-91520 (Trachte LLC, 422 N Burr Oak, Oregon) is labelled Pre-Engineered Metal Building. I propose Steel Volumetric Modular for Braun Road but the page does not say which product line this specific facility builds; alternatives are Pre-Engineered Metal Building or Specialty Volumetric MEP (E-houses). | IC confirmed: nVent lists the Oregon, WI Braun Road Facility (350 Braun Road) among its engineered-building manufacturing facilities making substation control buildings, E-houses and modular data centers. Category Wood Volumetric Modular is wrong (steel modular equipment buildings); proposed Steel Volumetric Modular. Website confirmed (nvent.com); no plant-specific phone or email shown (Burr Oak Oregon line 800-837-5707 not asserted for this plant).",https://www.nvent.com/en-us/trachte/trachte-locations https://www.nvent.com/en-us/trachte https://www.mapquest.com/us/wisconsin/trachte-inc-353101853
